family,depth_bin,depth_center,K,normalized_mode_energy,n_tasks
Classification,0,0.045454545454545456,1,0.19673888621264693,3
Classification,0,0.045454545454545456,2,0.06845538056838003,3
Classification,0,0.045454545454545456,3,0.05220765729678647,3
Classification,0,0.045454545454545456,4,0.04323363969961844,3
Classification,0,0.045454545454545456,5,0.03783071474421119,3
Classification,0,0.045454545454545456,6,0.03400546840802241,3
Classification,0,0.045454545454545456,7,0.030247931813786585,3
Classification,0,0.045454545454545456,8,0.027092341643336588,3
Classification,0,0.045454545454545456,9,0.024673317729502296,3
Classification,0,0.045454545454545456,10,0.022790601061064564,3
Classification,0,0.045454545454545456,11,0.021285178541586097,3
Classification,0,0.045454545454545456,12,0.02014268221678799,3
Classification,0,0.045454545454545456,13,0.01839387909575641,3
Classification,0,0.045454545454545456,14,0.017651222594481004,3
Classification,0,0.045454545454545456,15,0.016730606592530128,3
Classification,0,0.045454545454545456,16,0.01565362962776436,3
Classification,0,0.045454545454545456,17,0.01501522324928005,3
Classification,0,0.045454545454545456,18,0.014008232858969466,3
Classification,0,0.045454545454545456,19,0.013556849326511453,3
Classification,0,0.045454545454545456,20,0.01268579946154911,3
Classification,0,0.045454545454545456,21,0.012118713364946736,3
Classification,0,0.045454545454545456,22,0.011529975717676874,3
Classification,0,0.045454545454545456,23,0.01118230880142892,3
Classification,0,0.045454545454545456,24,0.010846179232248123,3
Classification,0,0.045454545454545456,25,0.010393916276813324,3
Classification,0,0.045454545454545456,26,0.010112137389959523,3
Classification,0,0.045454545454545456,27,0.009666969328946865,3
Classification,0,0.045454545454545456,28,0.00910876583771665,3
Classification,0,0.045454545454545456,29,0.008854853609806182,3
Classification,0,0.045454545454545456,30,0.008648663906855055,3
Classification,0,0.045454545454545456,31,0.008277017883427296,3
Classification,0,0.045454545454545456,32,0.008003219161411336,3
Classification,0,0.045454545454545456,33,0.007836373193647399,3
Classification,0,0.045454545454545456,34,0.007485226485641026,3
Classification,0,0.045454545454545456,35,0.007176377444392073,3
Classification,0,0.045454545454545456,36,0.007034097018361974,3
Classification,0,0.045454545454545456,37,0.006965888768422044,3
Classification,0,0.045454545454545456,38,0.006674732325859428,3
Classification,0,0.045454545454545456,39,0.006424434010319388,3
Classification,0,0.045454545454545456,40,0.0061882250456458615,3
Classification,0,0.045454545454545456,41,0.006167238590692556,3
Classification,0,0.045454545454545456,42,0.006030179133720595,3
Classification,0,0.045454545454545456,43,0.005636212834566518,3
Classification,0,0.045454545454545456,44,0.0057348458919784665,3
Classification,0,0.045454545454545456,45,0.005728555541792804,3
Classification,0,0.045454545454545456,46,0.00566008766533706,3
Classification,0,0.045454545454545456,47,0.00538051470415465,3
Classification,0,0.045454545454545456,48,0.0050375897304672955,2
Classification,0,0.045454545454545456,49,0.00492470930177192,2
Classification,0,0.045454545454545456,50,0.004853151743312604,2
Classification,0,0.045454545454545456,51,0.004753477058362366,2
Classification,0,0.045454545454545456,52,0.004615389112552803,2
Classification,0,0.045454545454545456,53,0.0045368531792798275,2
Classification,0,0.045454545454545456,54,0.004422939853517716,2
Classification,0,0.045454545454545456,55,0.004313106239076856,2
Classification,0,0.045454545454545456,56,0.004257017065304897,2
Classification,0,0.045454545454545456,57,0.004208964606320465,2
Classification,0,0.045454545454545456,58,0.0040683824432967836,2
Classification,0,0.045454545454545456,59,0.0040496512913126255,2
Classification,0,0.045454545454545456,60,0.0039501731216234105,2
Classification,0,0.045454545454545456,61,0.003920018078903073,2
Classification,0,0.045454545454545456,62,0.0038552935430936075,2
Classification,0,0.045454545454545456,63,0.0037438148260405014,2
Classification,0,0.045454545454545456,64,0.003675714896495406,2
Classification,0,0.045454545454545456,65,0.0036500846123332688,2
Classification,0,0.045454545454545456,66,0.0035060994407317726,2
Classification,0,0.045454545454545456,67,0.003473250027664643,2
Classification,0,0.045454545454545456,68,0.0034134935210631302,2
Classification,0,0.045454545454545456,69,0.0033646631439216168,2
Classification,0,0.045454545454545456,70,0.0032995677477847952,2
Classification,0,0.045454545454545456,71,0.0032551914714904727,2
Classification,0,0.045454545454545456,72,0.003186892952349188,2
Classification,0,0.045454545454545456,73,0.0031534915804303774,2
Classification,0,0.045454545454545456,74,0.0031104631057374205,2
Classification,0,0.045454545454545456,75,0.0030307436338380097,2
Classification,0,0.045454545454545456,76,0.003031422905168491,2
Classification,0,0.045454545454545456,77,0.0029182898682397758,2
Classification,0,0.045454545454545456,78,0.00290071077376727,2
Classification,0,0.045454545454545456,79,0.0028414471238206837,2
Classification,0,0.045454545454545456,80,0.0027805141384164333,2
Classification,1,0.13636363636363635,1,0.22225468946740132,3
Classification,1,0.13636363636363635,2,0.05057082842163104,3
Classification,1,0.13636363636363635,3,0.0449910717668682,3
Classification,1,0.13636363636363635,4,0.03999402437333302,3
Classification,1,0.13636363636363635,5,0.03592734128642714,3
Classification,1,0.13636363636363635,6,0.031115954897934228,3
Classification,1,0.13636363636363635,7,0.028416577302624712,3
Classification,1,0.13636363636363635,8,0.02617982196277901,3
Classification,1,0.13636363636363635,9,0.023732368638292395,3
Classification,1,0.13636363636363635,10,0.022840465957134515,3
Classification,1,0.13636363636363635,11,0.02129214587441272,3
Classification,1,0.13636363636363635,12,0.01980116899206331,3
Classification,1,0.13636363636363635,13,0.01903794061143084,3
Classification,1,0.13636363636363635,14,0.017747632441313544,3
Classification,1,0.13636363636363635,15,0.016705993944293573,3
Classification,1,0.13636363636363635,16,0.016054349287655992,3
Classification,1,0.13636363636363635,17,0.014969982223412809,3
Classification,1,0.13636363636363635,18,0.014566736037924181,3
Classification,1,0.13636363636363635,19,0.01379081762506936,3
Classification,1,0.13636363636363635,20,0.013162634608626185,3
Classification,1,0.13636363636363635,21,0.01265327906001828,3
Classification,1,0.13636363636363635,22,0.012322931740102577,3
Classification,1,0.13636363636363635,23,0.01159412805474447,3
Classification,1,0.13636363636363635,24,0.011154986363202134,3
Classification,1,0.13636363636363635,25,0.010590310257137291,3
Classification,1,0.13636363636363635,26,0.010166431816419262,3
Classification,1,0.13636363636363635,27,0.009797644083685964,3
Classification,1,0.13636363636363635,28,0.0094212434885356,3
Classification,1,0.13636363636363635,29,0.00922396337392306,3
Classification,1,0.13636363636363635,30,0.00896775364698639,3
Classification,1,0.13636363636363635,31,0.008607104623264339,3
Classification,1,0.13636363636363635,32,0.008358612709393289,3
Classification,1,0.13636363636363635,33,0.008000354209801146,3
Classification,1,0.13636363636363635,34,0.007909991689404662,3
Classification,1,0.13636363636363635,35,0.00750144941915186,3
Classification,1,0.13636363636363635,36,0.007205702496470429,3
Classification,1,0.13636363636363635,37,0.0069427860375454705,3
Classification,1,0.13636363636363635,38,0.006874922917897417,3
Classification,1,0.13636363636363635,39,0.006606337532376674,3
Classification,1,0.13636363636363635,40,0.00643764492937475,3
Classification,1,0.13636363636363635,41,0.006294606406052044,3
Classification,1,0.13636363636363635,42,0.00609281806448398,3
Classification,1,0.13636363636363635,43,0.005825144602972021,3
Classification,1,0.13636363636363635,44,0.005880004309494642,3
Classification,1,0.13636363636363635,45,0.0057989040149076946,3
Classification,1,0.13636363636363635,46,0.005564773733420264,3
Classification,1,0.13636363636363635,47,0.005558208605380769,3
Classification,1,0.13636363636363635,48,0.005302908333250489,2
Classification,1,0.13636363636363635,49,0.0052079125236353715,2
Classification,1,0.13636363636363635,50,0.005044588196573617,2
Classification,1,0.13636363636363635,51,0.004912460045928636,2
Classification,1,0.13636363636363635,52,0.004834513297595317,2
Classification,1,0.13636363636363635,53,0.004641070767635841,2
Classification,1,0.13636363636363635,54,0.004624751915290233,2
Classification,1,0.13636363636363635,55,0.004501535892348249,2
Classification,1,0.13636363636363635,56,0.0044750677477923325,2
Classification,1,0.13636363636363635,57,0.004307130772781258,2
Classification,1,0.13636363636363635,58,0.004244733949910859,2
Classification,1,0.13636363636363635,59,0.004125349113040786,2
Classification,1,0.13636363636363635,60,0.004020886138911852,2
Classification,1,0.13636363636363635,61,0.004071561856748581,2
Classification,1,0.13636363636363635,62,0.003941444762271747,2
Classification,1,0.13636363636363635,63,0.0038490672796805897,2
Classification,1,0.13636363636363635,64,0.003801732213268132,2
Classification,1,0.13636363636363635,65,0.0037448445094420153,2
Classification,1,0.13636363636363635,66,0.003682727432267505,2
Classification,1,0.13636363636363635,67,0.0035713079879431736,2
Classification,1,0.13636363636363635,68,0.0035695859889720394,2
Classification,1,0.13636363636363635,69,0.0034615446326463173,2
Classification,1,0.13636363636363635,70,0.0034145196110339808,2
Classification,1,0.13636363636363635,71,0.003392036742817028,2
Classification,1,0.13636363636363635,72,0.003282259234235638,2
Classification,1,0.13636363636363635,73,0.003167558773155606,2
Classification,1,0.13636363636363635,74,0.003127726809024684,2
Classification,1,0.13636363636363635,75,0.003098458889836983,2
Classification,1,0.13636363636363635,76,0.0030255571092411967,2
Classification,1,0.13636363636363635,77,0.0030212678889913634,2
Classification,1,0.13636363636363635,78,0.0029331565419529323,2
Classification,1,0.13636363636363635,79,0.002944150678072792,2
Classification,1,0.13636363636363635,80,0.002899706503541024,2
Classification,2,0.22727272727272727,1,0.21648390785919938,3
Classification,2,0.22727272727272727,2,0.05345345736550991,3
Classification,2,0.22727272727272727,3,0.04936019167850922,3
Classification,2,0.22727272727272727,4,0.04117012775766142,3
Classification,2,0.22727272727272727,5,0.03522287827528107,3
Classification,2,0.22727272727272727,6,0.03111501862572748,3
Classification,2,0.22727272727272727,7,0.028952404431096816,3
Classification,2,0.22727272727272727,8,0.026322197504084138,3
Classification,2,0.22727272727272727,9,0.024407705685334197,3
Classification,2,0.22727272727272727,10,0.023544883959851423,3
Classification,2,0.22727272727272727,11,0.021092258232417904,3
Classification,2,0.22727272727272727,12,0.01972873550010147,3
Classification,2,0.22727272727272727,13,0.01844640975129554,3
Classification,2,0.22727272727272727,14,0.017765077308509274,3
Classification,2,0.22727272727272727,15,0.0168135138514174,3
Classification,2,0.22727272727272727,16,0.015650947860709894,3
Classification,2,0.22727272727272727,17,0.014970704472983985,3
Classification,2,0.22727272727272727,18,0.014222915696710081,3
Classification,2,0.22727272727272727,19,0.013742537630952692,3
Classification,2,0.22727272727272727,20,0.012969106900924869,3
Classification,2,0.22727272727272727,21,0.012530657764834766,3
Classification,2,0.22727272727272727,22,0.012032683167542428,3
Classification,2,0.22727272727272727,23,0.011597291951591536,3
Classification,2,0.22727272727272727,24,0.010936391420102025,3
Classification,2,0.22727272727272727,25,0.010494474546224633,3
Classification,2,0.22727272727272727,26,0.01032728940499948,3
Classification,2,0.22727272727272727,27,0.009972398082131295,3
Classification,2,0.22727272727272727,28,0.009485508796527667,3
Classification,2,0.22727272727272727,29,0.009041601512811678,3
Classification,2,0.22727272727272727,30,0.008914508677626458,3
Classification,2,0.22727272727272727,31,0.008542518147315601,3
Classification,2,0.22727272727272727,32,0.00820836902763626,3
Classification,2,0.22727272727272727,33,0.007986755282381821,3
Classification,2,0.22727272727272727,34,0.007588689079089731,3
Classification,2,0.22727272727272727,35,0.007507045256878924,3
Classification,2,0.22727272727272727,36,0.0071636112427666265,3
Classification,2,0.22727272727272727,37,0.00685030702048815,3
Classification,2,0.22727272727272727,38,0.006771637536933428,3
Classification,2,0.22727272727272727,39,0.006446234636194364,3
Classification,2,0.22727272727272727,40,0.006412047546837604,3
Classification,2,0.22727272727272727,41,0.0063712599293391835,3
Classification,2,0.22727272727272727,42,0.006044706692994579,3
Classification,2,0.22727272727272727,43,0.006063846236499749,3
Classification,2,0.22727272727272727,44,0.005819703198790453,3
Classification,2,0.22727272727272727,45,0.005982227792183728,3
Classification,2,0.22727272727272727,46,0.0054415272831380805,3
Classification,2,0.22727272727272727,47,0.00569746153064092,3
Classification,2,0.22727272727272727,48,0.005132435135646043,2
Classification,2,0.22727272727272727,49,0.004910109629772219,2
Classification,2,0.22727272727272727,50,0.004936985517799872,2
Classification,2,0.22727272727272727,51,0.004847815843058725,2
Classification,2,0.22727272727272727,52,0.004701820118689439,2
Classification,2,0.22727272727272727,53,0.00461897639687558,2
Classification,2,0.22727272727272727,54,0.004590688627425742,2
Classification,2,0.22727272727272727,55,0.0044945731030216814,2
Classification,2,0.22727272727272727,56,0.004411751685992695,2
Classification,2,0.22727272727272727,57,0.004258570929000241,2
Classification,2,0.22727272727272727,58,0.0042443984444289155,2
Classification,2,0.22727272727272727,59,0.004097711516286075,2
Classification,2,0.22727272727272727,60,0.004031989517002198,2
Classification,2,0.22727272727272727,61,0.004010640995466271,2
Classification,2,0.22727272727272727,62,0.0038263689957940537,2
Classification,2,0.22727272727272727,63,0.003842883247528756,2
Classification,2,0.22727272727272727,64,0.0037818739447781392,2
Classification,2,0.22727272727272727,65,0.0036725858083997026,2
Classification,2,0.22727272727272727,66,0.0036071717170173363,2
Classification,2,0.22727272727272727,67,0.00354939704649073,2
Classification,2,0.22727272727272727,68,0.0034611154641786285,2
Classification,2,0.22727272727272727,69,0.003412786108788279,2
Classification,2,0.22727272727272727,70,0.0034088855079783594,2
Classification,2,0.22727272727272727,71,0.003305002548506649,2
Classification,2,0.22727272727272727,72,0.0032921745445297704,2
Classification,2,0.22727272727272727,73,0.0031442697808085384,2
Classification,2,0.22727272727272727,74,0.0031278616148103606,2
Classification,2,0.22727272727272727,75,0.003114667757068713,2
Classification,2,0.22727272727272727,76,0.00301640581147891,2
Classification,2,0.22727272727272727,77,0.0029612076547239014,2
Classification,2,0.22727272727272727,78,0.002926250645537164,2
Classification,2,0.22727272727272727,79,0.002898394185680972,2
Classification,2,0.22727272727272727,80,0.0028636304862663113,2
Classification,3,0.3181818181818182,1,0.21693128877790166,3
Classification,3,0.3181818181818182,2,0.062023197115869844,3
Classification,3,0.3181818181818182,3,0.05375486368588023,3
Classification,3,0.3181818181818182,4,0.04245237207937469,3
Classification,3,0.3181818181818182,5,0.035262277170218105,3
Classification,3,0.3181818181818182,6,0.03236481163795281,3
Classification,3,0.3181818181818182,7,0.02968671240331544,3
Classification,3,0.3181818181818182,8,0.026337556862347775,3
Classification,3,0.3181818181818182,9,0.02434324912889596,3
Classification,3,0.3181818181818182,10,0.02282012210215194,3
Classification,3,0.3181818181818182,11,0.02116195096508218,3
Classification,3,0.3181818181818182,12,0.019647034537904094,3
Classification,3,0.3181818181818182,13,0.018320224278888245,3
Classification,3,0.3181818181818182,14,0.017850111075133564,3
Classification,3,0.3181818181818182,15,0.01621492244519083,3
Classification,3,0.3181818181818182,16,0.015589922035234698,3
Classification,3,0.3181818181818182,17,0.015034351879321213,3
Classification,3,0.3181818181818182,18,0.01391776960132808,3
Classification,3,0.3181818181818182,19,0.013645266268675302,3
Classification,3,0.3181818181818182,20,0.012856412033331467,3
Classification,3,0.3181818181818182,21,0.012283303079485644,3
Classification,3,0.3181818181818182,22,0.011686271175861641,3
Classification,3,0.3181818181818182,23,0.011188959322793573,3
Classification,3,0.3181818181818182,24,0.010805548205700309,3
Classification,3,0.3181818181818182,25,0.01009740805279905,3
Classification,3,0.3181818181818182,26,0.009861522782195292,3
Classification,3,0.3181818181818182,27,0.009413681315537136,3
Classification,3,0.3181818181818182,28,0.009202249434148489,3
Classification,3,0.3181818181818182,29,0.00874940364308639,3
Classification,3,0.3181818181818182,30,0.008502411024230007,3
Classification,3,0.3181818181818182,31,0.008148635155909587,3
Classification,3,0.3181818181818182,32,0.007879527732963612,3
Classification,3,0.3181818181818182,33,0.007538069329789426,3
Classification,3,0.3181818181818182,34,0.0073659549094610656,3
Classification,3,0.3181818181818182,35,0.007148268366166382,3
Classification,3,0.3181818181818182,36,0.00696808470923591,3
Classification,3,0.3181818181818182,37,0.0065916801580554974,3
Classification,3,0.3181818181818182,38,0.006713325137421673,3
Classification,3,0.3181818181818182,39,0.0064690289306457835,3
Classification,3,0.3181818181818182,40,0.006033629251982124,3
Classification,3,0.3181818181818182,41,0.005858515948557188,3
Classification,3,0.3181818181818182,42,0.005904228639161693,3
Classification,3,0.3181818181818182,43,0.005687937085803917,3
Classification,3,0.3181818181818182,44,0.005851316879634826,3
Classification,3,0.3181818181818182,45,0.0055408811127848,3
Classification,3,0.3181818181818182,46,0.004952515009966302,3
Classification,3,0.3181818181818182,47,0.006019100925393522,3
Classification,3,0.3181818181818182,48,0.004744551615171604,2
Classification,3,0.3181818181818182,49,0.0046557075775827995,2
Classification,3,0.3181818181818182,50,0.0045952099846687505,2
Classification,3,0.3181818181818182,51,0.00448080523341775,2
Classification,3,0.3181818181818182,52,0.004308482630266798,2
Classification,3,0.3181818181818182,53,0.004269693776408779,2
Classification,3,0.3181818181818182,54,0.004121316910528129,2
Classification,3,0.3181818181818182,55,0.00416440774183936,2
Classification,3,0.3181818181818182,56,0.003991552073251985,2
Classification,3,0.3181818181818182,57,0.0038837317868366727,2
Classification,3,0.3181818181818182,58,0.0038574628119940483,2
Classification,3,0.3181818181818182,59,0.003802450102372788,2
Classification,3,0.3181818181818182,60,0.0037463130321016016,2
Classification,3,0.3181818181818182,61,0.0036458076942000083,2
Classification,3,0.3181818181818182,62,0.003572280234770804,2
Classification,3,0.3181818181818182,63,0.0035493730731461478,2
Classification,3,0.3181818181818182,64,0.003384708690290017,2
Classification,3,0.3181818181818182,65,0.003385213343331719,2
Classification,3,0.3181818181818182,66,0.003285772827488602,2
Classification,3,0.3181818181818182,67,0.003253181014722303,2
Classification,3,0.3181818181818182,68,0.003195968214184025,2
Classification,3,0.3181818181818182,69,0.003144947059370819,2
Classification,3,0.3181818181818182,70,0.003068140636187461,2
Classification,3,0.3181818181818182,71,0.0030270098145483725,2
Classification,3,0.3181818181818182,72,0.003001026993344558,2
Classification,3,0.3181818181818182,73,0.0028908858669769834,2
Classification,3,0.3181818181818182,74,0.002837612858532749,2
Classification,3,0.3181818181818182,75,0.0027659396610111306,2
Classification,3,0.3181818181818182,76,0.0027459843655695303,2
Classification,3,0.3181818181818182,77,0.0027318917048200038,2
Classification,3,0.3181818181818182,78,0.002666913132632503,2
Classification,3,0.3181818181818182,79,0.002608622954709201,2
Classification,3,0.3181818181818182,80,0.0026032244795685684,2
Classification,4,0.4090909090909091,1,0.23237679879161102,3
Classification,4,0.4090909090909091,2,0.06672820166638928,3
Classification,4,0.4090909090909091,3,0.05372980827690791,3
Classification,4,0.4090909090909091,4,0.044059687401497995,3
Classification,4,0.4090909090909091,5,0.03712705307499101,3
Classification,4,0.4090909090909091,6,0.033708626489808186,3
Classification,4,0.4090909090909091,7,0.031112177745138057,3
Classification,4,0.4090909090909091,8,0.027844259005425837,3
Classification,4,0.4090909090909091,9,0.0241869256168738,3
Classification,4,0.4090909090909091,10,0.022154040239631977,3
Classification,4,0.4090909090909091,11,0.02052173950835296,3
Classification,4,0.4090909090909091,12,0.018794586973730126,3
Classification,4,0.4090909090909091,13,0.017913315253549413,3
Classification,4,0.4090909090909091,14,0.01668899060737833,3
Classification,4,0.4090909090909091,15,0.016010850667681407,3
Classification,4,0.4090909090909091,16,0.014865493202632077,3
Classification,4,0.4090909090909091,17,0.014190235868243367,3
Classification,4,0.4090909090909091,18,0.013311954425109719,3
Classification,4,0.4090909090909091,19,0.01258348961484513,3
Classification,4,0.4090909090909091,20,0.011978694933925673,3
Classification,4,0.4090909090909091,21,0.011516144454519003,3
Classification,4,0.4090909090909091,22,0.010705034827911034,3
Classification,4,0.4090909090909091,23,0.010490309150359978,3
Classification,4,0.4090909090909091,24,0.009957172743860376,3
Classification,4,0.4090909090909091,25,0.009440293983064282,3
Classification,4,0.4090909090909091,26,0.00908090757576519,3
Classification,4,0.4090909090909091,27,0.008791162854533876,3
Classification,4,0.4090909090909091,28,0.008592210576076398,3
Classification,4,0.4090909090909091,29,0.008250486898304207,3
Classification,4,0.4090909090909091,30,0.007833329306195534,3
Classification,4,0.4090909090909091,31,0.007745617221713384,3
Classification,4,0.4090909090909091,32,0.007380551799972331,3
Classification,4,0.4090909090909091,33,0.007173329311748722,3
Classification,4,0.4090909090909091,34,0.006905798610019313,3
Classification,4,0.4090909090909091,35,0.006360199594636404,3
Classification,4,0.4090909090909091,36,0.006339438272758752,3
Classification,4,0.4090909090909091,37,0.006249715758027956,3
Classification,4,0.4090909090909091,38,0.006271283866377362,3
Classification,4,0.4090909090909091,39,0.0058731323656843444,3
Classification,4,0.4090909090909091,40,0.005953312403837156,3
Classification,4,0.4090909090909091,41,0.005539165078391461,3
Classification,4,0.4090909090909091,42,0.005503886714291876,3
Classification,4,0.4090909090909091,43,0.005400126573068467,3
Classification,4,0.4090909090909091,44,0.00515727115258294,3
Classification,4,0.4090909090909091,45,0.00527889429182581,3
Classification,4,0.4090909090909091,46,0.005440665313424335,3
Classification,4,0.4090909090909091,47,0.00540870366582093,3
Classification,4,0.4090909090909091,48,0.004412900009906715,2
Classification,4,0.4090909090909091,49,0.004394120598196903,2
Classification,4,0.4090909090909091,50,0.004297270601558462,2
Classification,4,0.4090909090909091,51,0.004121299249079809,2
Classification,4,0.4090909090909091,52,0.003997723867874748,2
Classification,4,0.4090909090909091,53,0.003960639793869217,2
Classification,4,0.4090909090909091,54,0.003857711232425262,2
Classification,4,0.4090909090909091,55,0.0038172372703317247,2
Classification,4,0.4090909090909091,56,0.003656905258572423,2
Classification,4,0.4090909090909091,57,0.003572526131865923,2
Classification,4,0.4090909090909091,58,0.0035724881275015262,2
Classification,4,0.4090909090909091,59,0.0035189888002382062,2
Classification,4,0.4090909090909091,60,0.003430797212763615,2
Classification,4,0.4090909090909091,61,0.0034299978637787653,2
Classification,4,0.4090909090909091,62,0.003333493916877004,2
Classification,4,0.4090909090909091,63,0.003249156346484895,2
Classification,4,0.4090909090909091,64,0.00310116062268888,2
Classification,4,0.4090909090909091,65,0.003128415664710481,2
Classification,4,0.4090909090909091,66,0.0030487712181756126,2
Classification,4,0.4090909090909091,67,0.0029584367504172306,2
Classification,4,0.4090909090909091,68,0.00289766766834979,2
Classification,4,0.4090909090909091,69,0.00292442332250715,2
Classification,4,0.4090909090909091,70,0.002850350826920492,2
Classification,4,0.4090909090909091,71,0.002774675383436816,2
Classification,4,0.4090909090909091,72,0.0027678376110937177,2
Classification,4,0.4090909090909091,73,0.0026754988576380744,2
Classification,4,0.4090909090909091,74,0.002675767793726889,2
Classification,4,0.4090909090909091,75,0.002562116121645811,2
Classification,4,0.4090909090909091,76,0.002531315056136208,2
Classification,4,0.4090909090909091,77,0.0025090977284419735,2
Classification,4,0.4090909090909091,78,0.002432414876410165,2
Classification,4,0.4090909090909091,79,0.002403129258703525,2
Classification,4,0.4090909090909091,80,0.0023480543649299374,2
Classification,5,0.5,1,0.2246779181026297,3
Classification,5,0.5,2,0.07704904748682119,3
Classification,5,0.5,3,0.05102377336967243,3
Classification,5,0.5,4,0.04595684275652953,3
Classification,5,0.5,5,0.039146717692219946,3
Classification,5,0.5,6,0.03353240279361671,3
Classification,5,0.5,7,0.03041240019824853,3
Classification,5,0.5,8,0.02660739880355102,3
Classification,5,0.5,9,0.025064148300526497,3
Classification,5,0.5,10,0.02293824601136862,3
Classification,5,0.5,11,0.02066750048017355,3
Classification,5,0.5,12,0.019837225180798643,3
Classification,5,0.5,13,0.017758172989454743,3
Classification,5,0.5,14,0.01691318169251806,3
Classification,5,0.5,15,0.016226157978444632,3
Classification,5,0.5,16,0.014969404180305512,3
Classification,5,0.5,17,0.013793722713968592,3
Classification,5,0.5,18,0.013650163469955857,3
Classification,5,0.5,19,0.012847844557709341,3
Classification,5,0.5,20,0.012266194613436218,3
Classification,5,0.5,21,0.011395104330065249,3
Classification,5,0.5,22,0.010974791496011493,3
Classification,5,0.5,23,0.010624149729623283,3
Classification,5,0.5,24,0.010020438576858326,3
Classification,5,0.5,25,0.009448449414709072,3
Classification,5,0.5,26,0.009310820415405733,3
Classification,5,0.5,27,0.008619598721183957,3
Classification,5,0.5,28,0.00846111621794994,3
Classification,5,0.5,29,0.008201766396180582,3
Classification,5,0.5,30,0.007547572025191879,3
Classification,5,0.5,31,0.00758752914720744,3
Classification,5,0.5,32,0.007536583303738982,3
Classification,5,0.5,33,0.007141099969228547,3
Classification,5,0.5,34,0.006795879876445778,3
Classification,5,0.5,35,0.006523669837548711,3
Classification,5,0.5,36,0.0064402302025923334,3
Classification,5,0.5,37,0.006104625293146817,3
Classification,5,0.5,38,0.005920683000593958,3
Classification,5,0.5,39,0.0057348100630299935,3
Classification,5,0.5,40,0.005687056791715543,3
Classification,5,0.5,41,0.005325649442383926,3
Classification,5,0.5,42,0.005430134446499986,3
Classification,5,0.5,43,0.005176032137999838,3
Classification,5,0.5,44,0.004927927544435434,3
Classification,5,0.5,45,0.00500828908094307,3
Classification,5,0.5,46,0.005030179367967181,3
Classification,5,0.5,47,0.005105132211826822,3
Classification,5,0.5,48,0.004283619991856939,2
Classification,5,0.5,49,0.0041493638624092635,2
Classification,5,0.5,50,0.004070502358916922,2
Classification,5,0.5,51,0.004014223825812135,2
Classification,5,0.5,52,0.0038702952916705976,2
Classification,5,0.5,53,0.0037917370611418332,2
Classification,5,0.5,54,0.0037191143439540345,2
Classification,5,0.5,55,0.003704961533668695,2
Classification,5,0.5,56,0.003563631821662857,2
Classification,5,0.5,57,0.003565331173523351,2
Classification,5,0.5,58,0.0034684980582872834,2
Classification,5,0.5,59,0.003320024137053586,2
Classification,5,0.5,60,0.0032821349846494682,2
Classification,5,0.5,61,0.003186054324053364,2
Classification,5,0.5,62,0.0031619246797202254,2
Classification,5,0.5,63,0.0030664540487475465,2
Classification,5,0.5,64,0.0029796916935046075,2
Classification,5,0.5,65,0.0029691109476627075,2
Classification,5,0.5,66,0.002948784707344999,2
Classification,5,0.5,67,0.002894771373828658,2
Classification,5,0.5,68,0.002791377679767914,2
Classification,5,0.5,69,0.0027696348195141354,2
Classification,5,0.5,70,0.0027304662185545316,2
Classification,5,0.5,71,0.0026801350545487424,2
Classification,5,0.5,72,0.0025862621441889405,2
Classification,5,0.5,73,0.002554204474293888,2
Classification,5,0.5,74,0.0024720503988245658,2
Classification,5,0.5,75,0.0025207119021985196,2
Classification,5,0.5,76,0.0024111450904399897,2
Classification,5,0.5,77,0.002392442945847997,2
Classification,5,0.5,78,0.0023437562906400305,2
Classification,5,0.5,79,0.002305437097300864,2
Classification,5,0.5,80,0.0023054720457610246,2
Classification,6,0.5909090909090908,1,0.23227247977806845,3
Classification,6,0.5909090909090908,2,0.08263856451125012,3
Classification,6,0.5909090909090908,3,0.05585842580692512,3
Classification,6,0.5909090909090908,4,0.046299456536043115,3
Classification,6,0.5909090909090908,5,0.03944243219031302,3
Classification,6,0.5909090909090908,6,0.03355077576591557,3
Classification,6,0.5909090909090908,7,0.029888996394914172,3
Classification,6,0.5909090909090908,8,0.02645084168579064,3
Classification,6,0.5909090909090908,9,0.024575191007145503,3
Classification,6,0.5909090909090908,10,0.022344682174761252,3
Classification,6,0.5909090909090908,11,0.020710063991473168,3
Classification,6,0.5909090909090908,12,0.018575461310777776,3
Classification,6,0.5909090909090908,13,0.017251155768750456,3
Classification,6,0.5909090909090908,14,0.016251165744530855,3
Classification,6,0.5909090909090908,15,0.014719606348275821,3
Classification,6,0.5909090909090908,16,0.014060579234693388,3
Classification,6,0.5909090909090908,17,0.013381430303454941,3
Classification,6,0.5909090909090908,18,0.01295195574993275,3
Classification,6,0.5909090909090908,19,0.012204498257430599,3
Classification,6,0.5909090909090908,20,0.011512417335590644,3
Classification,6,0.5909090909090908,21,0.011188778312905443,3
Classification,6,0.5909090909090908,22,0.010781801046337388,3
Classification,6,0.5909090909090908,23,0.009988709728995246,3
Classification,6,0.5909090909090908,24,0.009587547456583785,3
Classification,6,0.5909090909090908,25,0.009270780300657427,3
Classification,6,0.5909090909090908,26,0.008720056862544097,3
Classification,6,0.5909090909090908,27,0.008398106955246398,3
Classification,6,0.5909090909090908,28,0.008087099811733778,3
Classification,6,0.5909090909090908,29,0.007810912424818382,3
Classification,6,0.5909090909090908,30,0.007513486745756558,3
Classification,6,0.5909090909090908,31,0.007281178960139815,3
Classification,6,0.5909090909090908,32,0.007053572897166498,3
Classification,6,0.5909090909090908,33,0.00683497653598372,3
Classification,6,0.5909090909090908,34,0.006361603823148272,3
Classification,6,0.5909090909090908,35,0.0062513234291662135,3
Classification,6,0.5909090909090908,36,0.00603935007817917,3
Classification,6,0.5909090909090908,37,0.0058255354817504865,3
Classification,6,0.5909090909090908,38,0.005651562288297717,3
Classification,6,0.5909090909090908,39,0.005460370644428735,3
Classification,6,0.5909090909090908,40,0.0055172192559728795,3
Classification,6,0.5909090909090908,41,0.005390820854394462,3
Classification,6,0.5909090909090908,42,0.005008347164848319,3
Classification,6,0.5909090909090908,43,0.0051650129902739254,3
Classification,6,0.5909090909090908,44,0.005004000180056063,3
Classification,6,0.5909090909090908,45,0.004685938695471116,3
Classification,6,0.5909090909090908,46,0.0051384373563755185,3
Classification,6,0.5909090909090908,47,0.004917596369621143,3
Classification,6,0.5909090909090908,48,0.004170431662349922,2
Classification,6,0.5909090909090908,49,0.004027748244078076,2
Classification,6,0.5909090909090908,50,0.0040348488235549575,2
Classification,6,0.5909090909090908,51,0.0038605758859355348,2
Classification,6,0.5909090909090908,52,0.003709682249758069,2
Classification,6,0.5909090909090908,53,0.0036367891934587595,2
Classification,6,0.5909090909090908,54,0.0036918101738053345,2
Classification,6,0.5909090909090908,55,0.003539279279228795,2
Classification,6,0.5909090909090908,56,0.0034948364927095904,2
Classification,6,0.5909090909090908,57,0.003421078308800773,2
Classification,6,0.5909090909090908,58,0.0033143136050168753,2
Classification,6,0.5909090909090908,59,0.0031957565899832455,2
Classification,6,0.5909090909090908,60,0.0031766763133893464,2
Classification,6,0.5909090909090908,61,0.003055336752554639,2
Classification,6,0.5909090909090908,62,0.0030170482599531927,2
Classification,6,0.5909090909090908,63,0.002972297695379966,2
Classification,6,0.5909090909090908,64,0.002884067691107725,2
Classification,6,0.5909090909090908,65,0.0028792805405715273,2
Classification,6,0.5909090909090908,66,0.0028478626083532884,2
Classification,6,0.5909090909090908,67,0.002714641574771388,2
Classification,6,0.5909090909090908,68,0.0026732244026810075,2
Classification,6,0.5909090909090908,69,0.002667639790614633,2
Classification,6,0.5909090909090908,70,0.0026191345196691553,2
Classification,6,0.5909090909090908,71,0.0025547525247584177,2
Classification,6,0.5909090909090908,72,0.0024545066858656667,2
Classification,6,0.5909090909090908,73,0.0024720467893304477,2
Classification,6,0.5909090909090908,74,0.0024462998103159496,2
Classification,6,0.5909090909090908,75,0.0023662431920244663,2
Classification,6,0.5909090909090908,76,0.0023287537207062653,2
Classification,6,0.5909090909090908,77,0.0023029754246826862,2
Classification,6,0.5909090909090908,78,0.00225800391852265,2
Classification,6,0.5909090909090908,79,0.0022118905341044007,2
Classification,6,0.5909090909090908,80,0.0021887069216284037,2
Classification,7,0.6818181818181819,1,0.2175586750075226,3
Classification,7,0.6818181818181819,2,0.08725353353819972,3
Classification,7,0.6818181818181819,3,0.056154707470835764,3
Classification,7,0.6818181818181819,4,0.04839202662450409,3
Classification,7,0.6818181818181819,5,0.040055885426335806,3
Classification,7,0.6818181818181819,6,0.03457280496568428,3
Classification,7,0.6818181818181819,7,0.0311520619394024,3
Classification,7,0.6818181818181819,8,0.027111730290882607,3
Classification,7,0.6818181818181819,9,0.025731383107681093,3
Classification,7,0.6818181818181819,10,0.02306513891216104,3
Classification,7,0.6818181818181819,11,0.02097485385240974,3
Classification,7,0.6818181818181819,12,0.0191469320738179,3
Classification,7,0.6818181818181819,13,0.017641031209476587,3
Classification,7,0.6818181818181819,14,0.01616868088983109,3
Classification,7,0.6818181818181819,15,0.015241794731660874,3
Classification,7,0.6818181818181819,16,0.014560105639502358,3
Classification,7,0.6818181818181819,17,0.01390544752584208,3
Classification,7,0.6818181818181819,18,0.013050820618241971,3
Classification,7,0.6818181818181819,19,0.01262908231814496,3
Classification,7,0.6818181818181819,20,0.011806575476267152,3
Classification,7,0.6818181818181819,21,0.011148310802808205,3
Classification,7,0.6818181818181819,22,0.010899186123641791,3
Classification,7,0.6818181818181819,23,0.010099531959100096,3
Classification,7,0.6818181818181819,24,0.00978656761948307,3
Classification,7,0.6818181818181819,25,0.009253983766510973,3
Classification,7,0.6818181818181819,26,0.008720243713118211,3
Classification,7,0.6818181818181819,27,0.008591452600817881,3
Classification,7,0.6818181818181819,28,0.008219984039951821,3
Classification,7,0.6818181818181819,29,0.007824420848954688,3
Classification,7,0.6818181818181819,30,0.007407820666772186,3
Classification,7,0.6818181818181819,31,0.007193582606638011,3
Classification,7,0.6818181818181819,32,0.0070612467227251716,3
Classification,7,0.6818181818181819,33,0.006725505382032308,3
Classification,7,0.6818181818181819,34,0.00657804830159292,3
Classification,7,0.6818181818181819,35,0.006341815851794489,3
Classification,7,0.6818181818181819,36,0.006088513747402768,3
Classification,7,0.6818181818181819,37,0.006114874721932781,3
Classification,7,0.6818181818181819,38,0.005639198457456698,3
Classification,7,0.6818181818181819,39,0.00538039241522385,3
Classification,7,0.6818181818181819,40,0.005367859181900878,3
Classification,7,0.6818181818181819,41,0.00522355889043147,3
Classification,7,0.6818181818181819,42,0.00526919940597096,3
Classification,7,0.6818181818181819,43,0.0050337260693068655,3
Classification,7,0.6818181818181819,44,0.004817841393874461,3
Classification,7,0.6818181818181819,45,0.0047073112954472566,3
Classification,7,0.6818181818181819,46,0.004813063676197614,3
Classification,7,0.6818181818181819,47,0.004894308209056154,3
Classification,7,0.6818181818181819,48,0.0040829098385122935,2
Classification,7,0.6818181818181819,49,0.003957990674428492,2
Classification,7,0.6818181818181819,50,0.0037880610242557256,2
Classification,7,0.6818181818181819,51,0.003777296932271834,2
Classification,7,0.6818181818181819,52,0.003692139459775751,2
Classification,7,0.6818181818181819,53,0.0036053887943423733,2
Classification,7,0.6818181818181819,54,0.0034897105862453956,2
Classification,7,0.6818181818181819,55,0.003484770743644069,2
Classification,7,0.6818181818181819,56,0.0033281447017393826,2
Classification,7,0.6818181818181819,57,0.0033053937905241798,2
Classification,7,0.6818181818181819,58,0.003187913570079118,2
Classification,7,0.6818181818181819,59,0.003114282217914252,2
Classification,7,0.6818181818181819,60,0.003142442806235081,2
Classification,7,0.6818181818181819,61,0.0029795310300031455,2
Classification,7,0.6818181818181819,62,0.00302944356989937,2
Classification,7,0.6818181818181819,63,0.0028952171178367172,2
Classification,7,0.6818181818181819,64,0.002861949344622493,2
Classification,7,0.6818181818181819,65,0.002805133456242243,2
Classification,7,0.6818181818181819,66,0.002776702556557348,2
Classification,7,0.6818181818181819,67,0.0026668828297638798,2
Classification,7,0.6818181818181819,68,0.0026664738745218863,2
Classification,7,0.6818181818181819,69,0.00260996070608092,2
Classification,7,0.6818181818181819,70,0.0025491957549598487,2
Classification,7,0.6818181818181819,71,0.002526517429485446,2
Classification,7,0.6818181818181819,72,0.0024495978253988677,2
Classification,7,0.6818181818181819,73,0.0024149389302815694,2
Classification,7,0.6818181818181819,74,0.0023854238672246014,2
Classification,7,0.6818181818181819,75,0.0023274718743047313,2
Classification,7,0.6818181818181819,76,0.0022958011627743284,2
Classification,7,0.6818181818181819,77,0.0022587668242540562,2
Classification,7,0.6818181818181819,78,0.0021715572710849867,2
Classification,7,0.6818181818181819,79,0.0021705740877359563,2
Classification,7,0.6818181818181819,80,0.0021401852141781485,2
Classification,8,0.7727272727272727,1,0.1899228775183097,3
Classification,8,0.7727272727272727,2,0.08863424242605338,3
Classification,8,0.7727272727272727,3,0.05988568861106275,3
Classification,8,0.7727272727272727,4,0.049517168630523495,3
Classification,8,0.7727272727272727,5,0.04256347185572696,3
Classification,8,0.7727272727272727,6,0.03691869258492694,3
Classification,8,0.7727272727272727,7,0.03186484255760041,3
Classification,8,0.7727272727272727,8,0.02847185427612299,3
Classification,8,0.7727272727272727,9,0.02602441336561004,3
Classification,8,0.7727272727272727,10,0.024213775835817644,3
Classification,8,0.7727272727272727,11,0.02172432034757522,3
Classification,8,0.7727272727272727,12,0.019568009304955475,3
Classification,8,0.7727272727272727,13,0.01819538068879858,3
Classification,8,0.7727272727272727,14,0.01725289352971376,3
Classification,8,0.7727272727272727,15,0.01631258951958484,3
Classification,8,0.7727272727272727,16,0.015114112458343399,3
Classification,8,0.7727272727272727,17,0.014263460847239376,3
Classification,8,0.7727272727272727,18,0.013540868192002438,3
Classification,8,0.7727272727272727,19,0.012800409913807613,3
Classification,8,0.7727272727272727,20,0.01209541207260312,3
Classification,8,0.7727272727272727,21,0.011629410051131675,3
Classification,8,0.7727272727272727,22,0.011113941356852855,3
Classification,8,0.7727272727272727,23,0.010599238820821935,3
Classification,8,0.7727272727272727,24,0.010120780094330553,3
Classification,8,0.7727272727272727,25,0.009443666370314928,3
Classification,8,0.7727272727272727,26,0.009340529209018721,3
Classification,8,0.7727272727272727,27,0.008782139976046606,3
Classification,8,0.7727272727272727,28,0.008293705030974213,3
Classification,8,0.7727272727272727,29,0.008013653452347736,3
Classification,8,0.7727272727272727,30,0.007792877406177098,3
Classification,8,0.7727272727272727,31,0.007342718442394237,3
Classification,8,0.7727272727272727,32,0.007296264428689611,3
Classification,8,0.7727272727272727,33,0.006993484279268633,3
Classification,8,0.7727272727272727,34,0.006596178429142831,3
Classification,8,0.7727272727272727,35,0.006511057170575949,3
Classification,8,0.7727272727272727,36,0.006368699365071082,3
Classification,8,0.7727272727272727,37,0.006149716337896652,3
Classification,8,0.7727272727272727,38,0.005764201283763055,3
Classification,8,0.7727272727272727,39,0.005752259000980903,3
Classification,8,0.7727272727272727,40,0.005630894013552999,3
Classification,8,0.7727272727272727,41,0.00543800263739604,3
Classification,8,0.7727272727272727,42,0.005192444511253019,3
Classification,8,0.7727272727272727,43,0.005193120417170542,3
Classification,8,0.7727272727272727,44,0.004921162239283921,3
Classification,8,0.7727272727272727,45,0.004729801931448586,3
Classification,8,0.7727272727272727,46,0.004672663046889958,3
Classification,8,0.7727272727272727,47,0.0046310200199316505,3
Classification,8,0.7727272727272727,48,0.004172186034289005,2
Classification,8,0.7727272727272727,49,0.004041842487552583,2
Classification,8,0.7727272727272727,50,0.00400699721680729,2
Classification,8,0.7727272727272727,51,0.003920176437677109,2
Classification,8,0.7727272727272727,52,0.003774728315404156,2
Classification,8,0.7727272727272727,53,0.0037749688429566403,2
Classification,8,0.7727272727272727,54,0.0036283799696917576,2
Classification,8,0.7727272727272727,55,0.0035538757388772517,2
Classification,8,0.7727272727272727,56,0.003463118913061049,2
Classification,8,0.7727272727272727,57,0.003419850002535269,2
Classification,8,0.7727272727272727,58,0.0032979338220130864,2
Classification,8,0.7727272727272727,59,0.003272369301326814,2
Classification,8,0.7727272727272727,60,0.003147000064251301,2
Classification,8,0.7727272727272727,61,0.0031360743678995207,2
Classification,8,0.7727272727272727,62,0.003075549175310189,2
Classification,8,0.7727272727272727,63,0.0030343844843445365,2
Classification,8,0.7727272727272727,64,0.0029552724974132487,2
Classification,8,0.7727272727272727,65,0.0029364683560531503,2
Classification,8,0.7727272727272727,66,0.0029288729742849764,2
Classification,8,0.7727272727272727,67,0.00281199546772265,2
Classification,8,0.7727272727272727,68,0.002728882887290244,2
Classification,8,0.7727272727272727,69,0.002627499717951659,2
Classification,8,0.7727272727272727,70,0.002668957121215847,2
Classification,8,0.7727272727272727,71,0.0026166156456309047,2
Classification,8,0.7727272727272727,72,0.0025295621767917635,2
Classification,8,0.7727272727272727,73,0.0024860189364077096,2
Classification,8,0.7727272727272727,74,0.0024696837663711604,2
Classification,8,0.7727272727272727,75,0.0023853070517220335,2
Classification,8,0.7727272727272727,76,0.0023426825657960663,2
Classification,8,0.7727272727272727,77,0.002280178713106317,2
Classification,8,0.7727272727272727,78,0.00227826297650488,2
Classification,8,0.7727272727272727,79,0.002231812481397786,2
Classification,8,0.7727272727272727,80,0.002205320701685959,2
Classification,9,0.8636363636363638,1,0.13778798119354282,3
Classification,9,0.8636363636363638,2,0.08700581839949174,3
Classification,9,0.8636363636363638,3,0.06423812675454275,3
Classification,9,0.8636363636363638,4,0.052061578663064795,3
Classification,9,0.8636363636363638,5,0.04486220168632518,3
Classification,9,0.8636363636363638,6,0.03822120035471719,3
Classification,9,0.8636363636363638,7,0.03398110411796536,3
Classification,9,0.8636363636363638,8,0.030520758953359678,3
Classification,9,0.8636363636363638,9,0.02725116085465465,3
Classification,9,0.8636363636363638,10,0.025074467443478538,3
Classification,9,0.8636363636363638,11,0.023229824278520897,3
Classification,9,0.8636363636363638,12,0.021987646635244617,3
Classification,9,0.8636363636363638,13,0.020401195901012432,3
Classification,9,0.8636363636363638,14,0.019017293521533214,3
Classification,9,0.8636363636363638,15,0.017978495119585377,3
Classification,9,0.8636363636363638,16,0.016960035503557458,3
Classification,9,0.8636363636363638,17,0.01570618580525446,3
Classification,9,0.8636363636363638,18,0.015088146989633287,3
Classification,9,0.8636363636363638,19,0.013810765255830628,3
Classification,9,0.8636363636363638,20,0.013572602206799289,3
Classification,9,0.8636363636363638,21,0.012610182292654258,3
Classification,9,0.8636363636363638,22,0.012131621035180755,3
Classification,9,0.8636363636363638,23,0.011313363951535899,3
Classification,9,0.8636363636363638,24,0.011021731959667607,3
Classification,9,0.8636363636363638,25,0.010549834302286636,3
Classification,9,0.8636363636363638,26,0.010017940949305122,3
Classification,9,0.8636363636363638,27,0.009672503501812273,3
Classification,9,0.8636363636363638,28,0.009296979932867634,3
Classification,9,0.8636363636363638,29,0.008756151611229543,3
Classification,9,0.8636363636363638,30,0.008518705715744231,3
Classification,9,0.8636363636363638,31,0.00805024230807878,3
Classification,9,0.8636363636363638,32,0.00774744143983395,3
Classification,9,0.8636363636363638,33,0.007609252686803544,3
Classification,9,0.8636363636363638,34,0.007317614827007654,3
Classification,9,0.8636363636363638,35,0.007041751088923953,3
Classification,9,0.8636363636363638,36,0.006821663069707507,3
Classification,9,0.8636363636363638,37,0.006491844974219664,3
Classification,9,0.8636363636363638,38,0.006209950363628505,3
Classification,9,0.8636363636363638,39,0.006109691733961098,3
Classification,9,0.8636363636363638,40,0.005824753442102269,3
Classification,9,0.8636363636363638,41,0.0056543007939406364,3
Classification,9,0.8636363636363638,42,0.005620246150150385,3
Classification,9,0.8636363636363638,43,0.005385223298295151,3
Classification,9,0.8636363636363638,44,0.005127928529258939,3
Classification,9,0.8636363636363638,45,0.005054622155789859,3
Classification,9,0.8636363636363638,46,0.004776186100452928,3
Classification,9,0.8636363636363638,47,0.004846208351560614,3
Classification,9,0.8636363636363638,48,0.004662488539187383,2
Classification,9,0.8636363636363638,49,0.004474001891508558,2
Classification,9,0.8636363636363638,50,0.004328979237392175,2
Classification,9,0.8636363636363638,51,0.0042194157985005155,2
Classification,9,0.8636363636363638,52,0.004132850688612397,2
Classification,9,0.8636363636363638,53,0.004082517703438073,2
Classification,9,0.8636363636363638,54,0.0038893717469211156,2
Classification,9,0.8636363636363638,55,0.003830175021274194,2
Classification,9,0.8636363636363638,56,0.003775341346652674,2
Classification,9,0.8636363636363638,57,0.0036193325123339056,2
Classification,9,0.8636363636363638,58,0.0035932313473348285,2
Classification,9,0.8636363636363638,59,0.003471326037336388,2
Classification,9,0.8636363636363638,60,0.0033945242185153515,2
Classification,9,0.8636363636363638,61,0.0033554368328785338,2
Classification,9,0.8636363636363638,62,0.003300587758652214,2
Classification,9,0.8636363636363638,63,0.0032485108787527117,2
Classification,9,0.8636363636363638,64,0.003132788169255752,2
Classification,9,0.8636363636363638,65,0.003150711557150421,2
Classification,9,0.8636363636363638,66,0.002994511562719687,2
Classification,9,0.8636363636363638,67,0.0029889678812178317,2
Classification,9,0.8636363636363638,68,0.0029114346963084905,2
Classification,9,0.8636363636363638,69,0.0028259456081456526,2
Classification,9,0.8636363636363638,70,0.002827156001647446,2
Classification,9,0.8636363636363638,71,0.0027558756169699565,2
Classification,9,0.8636363636363638,72,0.002681037437674938,2
Classification,9,0.8636363636363638,73,0.002616516030334119,2
Classification,9,0.8636363636363638,74,0.002576023760631218,2
Classification,9,0.8636363636363638,75,0.0025141819210467544,2
Classification,9,0.8636363636363638,76,0.0024982826508133495,2
Classification,9,0.8636363636363638,77,0.0024457753802936137,2
Classification,9,0.8636363636363638,78,0.002427459176446792,2
Classification,9,0.8636363636363638,79,0.0024196901994451465,2
Classification,9,0.8636363636363638,80,0.0023537614844372015,2
Classification,10,0.9545454545454546,1,0.098439146259657,3
Classification,10,0.9545454545454546,2,0.06854954965009942,3
Classification,10,0.9545454545454546,3,0.052475405987550135,3
Classification,10,0.9545454545454546,4,0.045554092646951205,3
Classification,10,0.9545454545454546,5,0.04112404852594975,3
Classification,10,0.9545454545454546,6,0.036766876635947764,3
Classification,10,0.9545454545454546,7,0.03379206192011008,3
Classification,10,0.9545454545454546,8,0.031186380514839074,3
Classification,10,0.9545454545454546,9,0.028656766683892516,3
Classification,10,0.9545454545454546,10,0.02667594136896007,3
Classification,10,0.9545454545454546,11,0.024914867608593707,3
Classification,10,0.9545454545454546,12,0.02326932050410825,3
Classification,10,0.9545454545454546,13,0.021869332593276728,3
Classification,10,0.9545454545454546,14,0.020719682417593466,3
Classification,10,0.9545454545454546,15,0.019576928540574703,3
Classification,10,0.9545454545454546,16,0.018725137673759138,3
Classification,10,0.9545454545454546,17,0.01758675346920806,3
Classification,10,0.9545454545454546,18,0.016859837874182833,3
Classification,10,0.9545454545454546,19,0.01617276960349073,3
Classification,10,0.9545454545454546,20,0.015444439836208858,3
Classification,10,0.9545454545454546,21,0.014577704725593768,3
Classification,10,0.9545454545454546,22,0.013931157356529228,3
Classification,10,0.9545454545454546,23,0.01344091520006104,3
Classification,10,0.9545454545454546,24,0.012700400163982212,3
Classification,10,0.9545454545454546,25,0.012260084966754889,3
Classification,10,0.9545454545454546,26,0.011752253364800312,3
Classification,10,0.9545454545454546,27,0.011338301419675137,3
Classification,10,0.9545454545454546,28,0.011041294181357327,3
Classification,10,0.9545454545454546,29,0.010476624292091978,3
Classification,10,0.9545454545454546,30,0.010193315759842968,3
Classification,10,0.9545454545454546,31,0.00989660900417357,3
Classification,10,0.9545454545454546,32,0.009509210603505099,3
Classification,10,0.9545454545454546,33,0.009150134007318947,3
Classification,10,0.9545454545454546,34,0.008784258084492388,3
Classification,10,0.9545454545454546,35,0.008478804653527261,3
Classification,10,0.9545454545454546,36,0.008328713445437855,3
Classification,10,0.9545454545454546,37,0.007937140130268755,3
Classification,10,0.9545454545454546,38,0.0077286438707317,3
Classification,10,0.9545454545454546,39,0.007512306335698322,3
Classification,10,0.9545454545454546,40,0.007312603232362554,3
Classification,10,0.9545454545454546,41,0.006904392058861972,3
Classification,10,0.9545454545454546,42,0.006662433647900951,3
Classification,10,0.9545454545454546,43,0.006499686749444285,3
Classification,10,0.9545454545454546,44,0.0063128999386886766,3
Classification,10,0.9545454545454546,45,0.006093933753862395,3
Classification,10,0.9545454545454546,46,0.005811696205003894,3
Classification,10,0.9545454545454546,47,0.0056600222576955045,3
Classification,10,0.9545454545454546,48,0.005614239198362829,2
Classification,10,0.9545454545454546,49,0.005526974924924559,2
Classification,10,0.9545454545454546,50,0.005407524325949634,2
Classification,10,0.9545454545454546,51,0.00527305663820247,2
Classification,10,0.9545454545454546,52,0.005117055182473524,2
Classification,10,0.9545454545454546,53,0.0050060730777270745,2
Classification,10,0.9545454545454546,54,0.004967251938208902,2
Classification,10,0.9545454545454546,55,0.00483567879127646,2
Classification,10,0.9545454545454546,56,0.00472441548713339,2
Classification,10,0.9545454545454546,57,0.004634514687698392,2
Classification,10,0.9545454545454546,58,0.004544858547538248,2
Classification,10,0.9545454545454546,59,0.004424665424568352,2
Classification,10,0.9545454545454546,60,0.004399862336737252,2
Classification,10,0.9545454545454546,61,0.004286541074984481,2
Classification,10,0.9545454545454546,62,0.0041736754773808145,2
Classification,10,0.9545454545454546,63,0.0041126148850816864,2
Classification,10,0.9545454545454546,64,0.004038994394006201,2
Classification,10,0.9545454545454546,65,0.003989146074102502,2
Classification,10,0.9545454545454546,66,0.003913307956349683,2
Classification,10,0.9545454545454546,67,0.003841745665071593,2
Classification,10,0.9545454545454546,68,0.00374057328829875,2
Classification,10,0.9545454545454546,69,0.0036760793501880553,2
Classification,10,0.9545454545454546,70,0.0035981714679123302,2
Classification,10,0.9545454545454546,71,0.003614981205374455,2
Classification,10,0.9545454545454546,72,0.003540860885659711,2
Classification,10,0.9545454545454546,73,0.00344021762082451,2
Classification,10,0.9545454545454546,74,0.0033866472777878713,2
Classification,10,0.9545454545454546,75,0.0033218195612956716,2
Classification,10,0.9545454545454546,76,0.0032673067282334165,2
Classification,10,0.9545454545454546,77,0.003176097364091887,2
Classification,10,0.9545454545454546,78,0.0031917533763060786,2
Classification,10,0.9545454545454546,79,0.0031359445227106698,2
Classification,10,0.9545454545454546,80,0.003095031676613856,2
Clustering,0,0.045454545454545456,1,0.15729033874957812,3
Clustering,0,0.045454545454545456,2,0.08674432839778691,3
Clustering,0,0.045454545454545456,3,0.0616577428358642,3
Clustering,0,0.045454545454545456,4,0.04891808060667938,3
Clustering,0,0.045454545454545456,5,0.038083896412448116,3
Clustering,0,0.045454545454545456,6,0.032258352985406295,3
Clustering,0,0.045454545454545456,7,0.028366975301205254,3
Clustering,0,0.045454545454545456,8,0.025826965101568403,3
Clustering,0,0.045454545454545456,9,0.022308514373796662,3
Clustering,0,0.045454545454545456,10,0.02020955410006696,3
Clustering,0,0.045454545454545456,11,0.01891717370217631,3
Clustering,0,0.045454545454545456,12,0.01693063327008035,3
Clustering,0,0.045454545454545456,13,0.016291942188044306,3
Clustering,0,0.045454545454545456,14,0.014612890816906476,3
Clustering,0,0.045454545454545456,15,0.014028065430257636,3
Clustering,0,0.045454545454545456,16,0.01321370453738751,3
Clustering,0,0.045454545454545456,17,0.012599442375733025,3
Clustering,0,0.045454545454545456,18,0.011955175984676969,3
Clustering,0,0.045454545454545456,19,0.011458021292620217,3
Clustering,0,0.045454545454545456,20,0.010969286958018102,3
Clustering,0,0.045454545454545456,21,0.010395675757032645,3
Clustering,0,0.045454545454545456,22,0.010144868978331395,3
Clustering,0,0.045454545454545456,23,0.009863277037357706,3
Clustering,0,0.045454545454545456,24,0.009399701240127628,3
Clustering,0,0.045454545454545456,25,0.009071678891565946,3
Clustering,0,0.045454545454545456,26,0.008797294931217517,3
Clustering,0,0.045454545454545456,27,0.008548054556180993,3
Clustering,0,0.045454545454545456,28,0.008169908547889713,3
Clustering,0,0.045454545454545456,29,0.008181954594709455,3
Clustering,0,0.045454545454545456,30,0.00790853543836699,3
Clustering,0,0.045454545454545456,31,0.007752540249562988,3
Clustering,0,0.045454545454545456,32,0.0073824404953109915,3
Clustering,0,0.045454545454545456,33,0.007181455274476223,3
Clustering,0,0.045454545454545456,34,0.007100024903008009,3
Clustering,0,0.045454545454545456,35,0.006998467029041296,3
Clustering,0,0.045454545454545456,36,0.0068049287560213835,3
Clustering,0,0.045454545454545456,37,0.0066637943374449555,3
Clustering,0,0.045454545454545456,38,0.006442107309156386,3
Clustering,0,0.045454545454545456,39,0.006347358319153207,3
Clustering,0,0.045454545454545456,40,0.006243446792757734,3
Clustering,0,0.045454545454545456,41,0.006196957924789365,3
Clustering,0,0.045454545454545456,42,0.006019153211011454,3
Clustering,0,0.045454545454545456,43,0.005906386934334924,3
Clustering,0,0.045454545454545456,44,0.005766086586842291,3
Clustering,0,0.045454545454545456,45,0.005661567637806096,3
Clustering,0,0.045454545454545456,46,0.005550283448280148,3
Clustering,0,0.045454545454545456,47,0.005444431950558371,3
Clustering,0,0.045454545454545456,48,0.005321654299218274,3
Clustering,0,0.045454545454545456,49,0.005284868050143519,3
Clustering,0,0.045454545454545456,50,0.005153358824258555,3
Clustering,0,0.045454545454545456,51,0.005078219730419617,3
Clustering,0,0.045454545454545456,52,0.004991547729342093,3
Clustering,0,0.045454545454545456,53,0.004853877895821548,3
Clustering,0,0.045454545454545456,54,0.004818684828097773,3
Clustering,0,0.045454545454545456,55,0.004766274670280692,3
Clustering,0,0.045454545454545456,56,0.0046295827772116814,3
Clustering,0,0.045454545454545456,57,0.004530763236270062,3
Clustering,0,0.045454545454545456,58,0.00450064020863327,3
Clustering,0,0.045454545454545456,59,0.004429553461764077,3
Clustering,0,0.045454545454545456,60,0.004338672811303505,3
Clustering,0,0.045454545454545456,61,0.004299716176744259,3
Clustering,0,0.045454545454545456,62,0.004243697018614454,3
Clustering,0,0.045454545454545456,63,0.004132096486715936,3
Clustering,0,0.045454545454545456,64,0.00407681966207963,3
Clustering,0,0.045454545454545456,65,0.0040191247455559345,3
Clustering,0,0.045454545454545456,66,0.003982137122603062,3
Clustering,0,0.045454545454545456,67,0.003929436382900258,3
Clustering,0,0.045454545454545456,68,0.003830505864220701,3
Clustering,0,0.045454545454545456,69,0.0037738238269520493,3
Clustering,0,0.045454545454545456,70,0.003749207960609393,3
Clustering,0,0.045454545454545456,71,0.0037077943156100025,3
Clustering,0,0.045454545454545456,72,0.0036347416418211135,3
Clustering,0,0.045454545454545456,73,0.0035875508255577408,3
Clustering,0,0.045454545454545456,74,0.00353643187994093,3
Clustering,0,0.045454545454545456,75,0.003504369104124487,3
Clustering,0,0.045454545454545456,76,0.0034568527250915435,3
Clustering,0,0.045454545454545456,77,0.00337564488324542,3
Clustering,0,0.045454545454545456,78,0.0033295406712090907,3
Clustering,0,0.045454545454545456,79,0.003288096415544135,3
Clustering,0,0.045454545454545456,80,0.0032612472154581857,3
Clustering,1,0.13636363636363635,1,0.173097430005932,3
Clustering,1,0.13636363636363635,2,0.09264288444590531,3
Clustering,1,0.13636363636363635,3,0.06943322660739702,3
Clustering,1,0.13636363636363635,4,0.05056990832492838,3
Clustering,1,0.13636363636363635,5,0.039600432662718434,3
Clustering,1,0.13636363636363635,6,0.0319517373536922,3
Clustering,1,0.13636363636363635,7,0.027545672942620614,3
Clustering,1,0.13636363636363635,8,0.024258274751591022,3
Clustering,1,0.13636363636363635,9,0.022249994494051503,3
Clustering,1,0.13636363636363635,10,0.019623569613038044,3
Clustering,1,0.13636363636363635,11,0.01816242237517526,3
Clustering,1,0.13636363636363635,12,0.0169890493471653,3
Clustering,1,0.13636363636363635,13,0.015145597552202399,3
Clustering,1,0.13636363636363635,14,0.01452581565740188,3
Clustering,1,0.13636363636363635,15,0.013315783662445282,3
Clustering,1,0.13636363636363635,16,0.01284540598216824,3
Clustering,1,0.13636363636363635,17,0.012255920866818865,3
Clustering,1,0.13636363636363635,18,0.011608678807187238,3
Clustering,1,0.13636363636363635,19,0.010776418547840123,3
Clustering,1,0.13636363636363635,20,0.010641311968484482,3
Clustering,1,0.13636363636363635,21,0.010068332590866638,3
Clustering,1,0.13636363636363635,22,0.00972239535129741,3
Clustering,1,0.13636363636363635,23,0.009347237601139506,3
Clustering,1,0.13636363636363635,24,0.008925660277345293,3
Clustering,1,0.13636363636363635,25,0.008624135459892362,3
Clustering,1,0.13636363636363635,26,0.008354048966169538,3
Clustering,1,0.13636363636363635,27,0.008085112103300629,3
Clustering,1,0.13636363636363635,28,0.007913777810609363,3
Clustering,1,0.13636363636363635,29,0.007691492878052369,3
Clustering,1,0.13636363636363635,30,0.007255054408438634,3
Clustering,1,0.13636363636363635,31,0.007216358940636929,3
Clustering,1,0.13636363636363635,32,0.007046156831353136,3
Clustering,1,0.13636363636363635,33,0.006852674554346888,3
Clustering,1,0.13636363636363635,34,0.0066603955521853,3
Clustering,1,0.13636363636363635,35,0.006538978982031249,3
Clustering,1,0.13636363636363635,36,0.00628610589824475,3
Clustering,1,0.13636363636363635,37,0.006189533580934471,3
Clustering,1,0.13636363636363635,38,0.005980846748708885,3
Clustering,1,0.13636363636363635,39,0.005933269481384573,3
Clustering,1,0.13636363636363635,40,0.005729106447443344,3
Clustering,1,0.13636363636363635,41,0.0056109648568791705,3
Clustering,1,0.13636363636363635,42,0.005674235483352295,3
Clustering,1,0.13636363636363635,43,0.005564147871824461,3
Clustering,1,0.13636363636363635,44,0.005375721629094862,3
Clustering,1,0.13636363636363635,45,0.005165669582612771,3
Clustering,1,0.13636363636363635,46,0.005101478221581987,3
Clustering,1,0.13636363636363635,47,0.004931118794702871,3
Clustering,1,0.13636363636363635,48,0.004910612913690469,3
Clustering,1,0.13636363636363635,49,0.004752051666430143,3
Clustering,1,0.13636363636363635,50,0.004781928715272834,3
Clustering,1,0.13636363636363635,51,0.004637887132511297,3
Clustering,1,0.13636363636363635,52,0.0045502044909195155,3
Clustering,1,0.13636363636363635,53,0.004488809565325359,3
Clustering,1,0.13636363636363635,54,0.004408417565568752,3
Clustering,1,0.13636363636363635,55,0.00433913739301758,3
Clustering,1,0.13636363636363635,56,0.0042290901560513,3
Clustering,1,0.13636363636363635,57,0.004231347011200781,3
Clustering,1,0.13636363636363635,58,0.004093784606782274,3
Clustering,1,0.13636363636363635,59,0.00402391040723422,3
Clustering,1,0.13636363636363635,60,0.003996609298294907,3
Clustering,1,0.13636363636363635,61,0.0038916615190990028,3
Clustering,1,0.13636363636363635,62,0.003790757403545786,3
Clustering,1,0.13636363636363635,63,0.0037809315268718738,3
Clustering,1,0.13636363636363635,64,0.0036987133470498235,3
Clustering,1,0.13636363636363635,65,0.003641949268697611,3
Clustering,1,0.13636363636363635,66,0.0036071308022608216,3
Clustering,1,0.13636363636363635,67,0.003584656705510314,3
Clustering,1,0.13636363636363635,68,0.003510495962427118,3
Clustering,1,0.13636363636363635,69,0.0034276802707554174,3
Clustering,1,0.13636363636363635,70,0.003404976880263469,3
Clustering,1,0.13636363636363635,71,0.0033342678073656263,3
Clustering,1,0.13636363636363635,72,0.0032786205597778602,3
Clustering,1,0.13636363636363635,73,0.003258722691750825,3
Clustering,1,0.13636363636363635,74,0.0031848260098500396,3
Clustering,1,0.13636363636363635,75,0.0031662814405587366,3
Clustering,1,0.13636363636363635,76,0.0030528197082631456,3
Clustering,1,0.13636363636363635,77,0.00302431200812195,3
Clustering,1,0.13636363636363635,78,0.0029800663398778814,3
Clustering,1,0.13636363636363635,79,0.0029425744526538917,3
Clustering,1,0.13636363636363635,80,0.0029112174998061364,3
Clustering,2,0.22727272727272727,1,0.18587844204240192,3
Clustering,2,0.22727272727272727,2,0.09664733171776567,3
Clustering,2,0.22727272727272727,3,0.07271348000294081,3
Clustering,2,0.22727272727272727,4,0.05150999766920194,3
Clustering,2,0.22727272727272727,5,0.041350480873222954,3
Clustering,2,0.22727272727272727,6,0.03397517989055503,3
Clustering,2,0.22727272727272727,7,0.027022914935614012,3
Clustering,2,0.22727272727272727,8,0.024565028952470046,3
Clustering,2,0.22727272727272727,9,0.022247268158807232,3
Clustering,2,0.22727272727272727,10,0.01966605039188754,3
Clustering,2,0.22727272727272727,11,0.017352801562998208,3
Clustering,2,0.22727272727272727,12,0.016542965560963043,3
Clustering,2,0.22727272727272727,13,0.015162503357024812,3
Clustering,2,0.22727272727272727,14,0.013592576836748535,3
Clustering,2,0.22727272727272727,15,0.012797421725365838,3
Clustering,2,0.22727272727272727,16,0.012739959416760172,3
Clustering,2,0.22727272727272727,17,0.01158156994899829,3
Clustering,2,0.22727272727272727,18,0.011183991444698832,3
Clustering,2,0.22727272727272727,19,0.010437697860953223,3
Clustering,2,0.22727272727272727,20,0.010129217687958738,3
Clustering,2,0.22727272727272727,21,0.009487461735212485,3
Clustering,2,0.22727272727272727,22,0.009169569411745166,3
Clustering,2,0.22727272727272727,23,0.008864944127312034,3
Clustering,2,0.22727272727272727,24,0.008575835292285974,3
Clustering,2,0.22727272727272727,25,0.008306416425802368,3
Clustering,2,0.22727272727272727,26,0.007829975069022546,3
Clustering,2,0.22727272727272727,27,0.0075221826726150605,3
Clustering,2,0.22727272727272727,28,0.007479329698838525,3
Clustering,2,0.22727272727272727,29,0.00714930925223693,3
Clustering,2,0.22727272727272727,30,0.00685390404444238,3
Clustering,2,0.22727272727272727,31,0.006740332619505973,3
Clustering,2,0.22727272727272727,32,0.006542480069887686,3
Clustering,2,0.22727272727272727,33,0.006435198290477778,3
Clustering,2,0.22727272727272727,34,0.006216264293826705,3
Clustering,2,0.22727272727272727,35,0.006036338071978137,3
Clustering,2,0.22727272727272727,36,0.005955046747979162,3
Clustering,2,0.22727272727272727,37,0.005774177085840008,3
Clustering,2,0.22727272727272727,38,0.005632563951267344,3
Clustering,2,0.22727272727272727,39,0.005461014090715875,3
Clustering,2,0.22727272727272727,40,0.005512838159133587,3
Clustering,2,0.22727272727272727,41,0.005318318560270151,3
Clustering,2,0.22727272727272727,42,0.005185343757048295,3
Clustering,2,0.22727272727272727,43,0.005052129889657103,3
Clustering,2,0.22727272727272727,44,0.005009689838493726,3
Clustering,2,0.22727272727272727,45,0.004921875651258012,3
Clustering,2,0.22727272727272727,46,0.004798405658422688,3
Clustering,2,0.22727272727272727,47,0.0047382319161637905,3
Clustering,2,0.22727272727272727,48,0.004627696084894752,3
Clustering,2,0.22727272727272727,49,0.004546441241810364,3
Clustering,2,0.22727272727272727,50,0.004489605314039579,3
Clustering,2,0.22727272727272727,51,0.0043195308777414015,3
Clustering,2,0.22727272727272727,52,0.004316122974419622,3
Clustering,2,0.22727272727272727,53,0.004220507116489586,3
Clustering,2,0.22727272727272727,54,0.004053445010433407,3
Clustering,2,0.22727272727272727,55,0.004009135694608908,3
Clustering,2,0.22727272727272727,56,0.003966640972570807,3
Clustering,2,0.22727272727272727,57,0.0038951117161301536,3
Clustering,2,0.22727272727272727,58,0.003727219163518104,3
Clustering,2,0.22727272727272727,59,0.0037775980070951596,3
Clustering,2,0.22727272727272727,60,0.0036616619465176226,3
Clustering,2,0.22727272727272727,61,0.0036553345226279124,3
Clustering,2,0.22727272727272727,62,0.0035553342332341046,3
Clustering,2,0.22727272727272727,63,0.00355831876526991,3
Clustering,2,0.22727272727272727,64,0.003473911697255004,3
Clustering,2,0.22727272727272727,65,0.0033556254577347343,3
Clustering,2,0.22727272727272727,66,0.0033360904621551174,3
Clustering,2,0.22727272727272727,67,0.003291831848088971,3
Clustering,2,0.22727272727272727,68,0.0032916178506893217,3
Clustering,2,0.22727272727272727,69,0.003171556600869986,3
Clustering,2,0.22727272727272727,70,0.0031170224452394288,3
Clustering,2,0.22727272727272727,71,0.0030795191879633334,3
Clustering,2,0.22727272727272727,72,0.003022351010469462,3
Clustering,2,0.22727272727272727,73,0.00297894841947227,3
Clustering,2,0.22727272727272727,74,0.002952251310662625,3
Clustering,2,0.22727272727272727,75,0.002918894871460956,3
Clustering,2,0.22727272727272727,76,0.002851564113660664,3
Clustering,2,0.22727272727272727,77,0.002839503817185708,3
Clustering,2,0.22727272727272727,78,0.0028299717756489953,3
Clustering,2,0.22727272727272727,79,0.0027363052767026964,3
Clustering,2,0.22727272727272727,80,0.002707273794563011,3
Clustering,3,0.3181818181818182,1,0.18504475296998482,3
Clustering,3,0.3181818181818182,2,0.10523462771970521,3
Clustering,3,0.3181818181818182,3,0.07313728922738759,3
Clustering,3,0.3181818181818182,4,0.05407764591411507,3
Clustering,3,0.3181818181818182,5,0.04104491298880319,3
Clustering,3,0.3181818181818182,6,0.03473621129334422,3
Clustering,3,0.3181818181818182,7,0.028888917776884553,3
Clustering,3,0.3181818181818182,8,0.025693409385703043,3
Clustering,3,0.3181818181818182,9,0.02256412320931873,3
Clustering,3,0.3181818181818182,10,0.02069246939263347,3
Clustering,3,0.3181818181818182,11,0.018654049715205005,3
Clustering,3,0.3181818181818182,12,0.016937670521275493,3
Clustering,3,0.3181818181818182,13,0.01528787769853946,3
Clustering,3,0.3181818181818182,14,0.01381526934300774,3
Clustering,3,0.3181818181818182,15,0.013675741267655701,3
Clustering,3,0.3181818181818182,16,0.012703536975238358,3
Clustering,3,0.3181818181818182,17,0.011417769503518783,3
Clustering,3,0.3181818181818182,18,0.010763728543438086,3
Clustering,3,0.3181818181818182,19,0.010711778251403575,3
Clustering,3,0.3181818181818182,20,0.010047484562116708,3
Clustering,3,0.3181818181818182,21,0.009597314328930595,3
Clustering,3,0.3181818181818182,22,0.008985833092271703,3
Clustering,3,0.3181818181818182,23,0.00872161179886155,3
Clustering,3,0.3181818181818182,24,0.008642130318061377,3
Clustering,3,0.3181818181818182,25,0.008064231345024103,3
Clustering,3,0.3181818181818182,26,0.007727246931154911,3
Clustering,3,0.3181818181818182,27,0.007360701266625972,3
Clustering,3,0.3181818181818182,28,0.007216079218252222,3
Clustering,3,0.3181818181818182,29,0.006899913226232758,3
Clustering,3,0.3181818181818182,30,0.0067924798473264,3
Clustering,3,0.3181818181818182,31,0.006372286396357382,3
Clustering,3,0.3181818181818182,32,0.006347583020111289,3
Clustering,3,0.3181818181818182,33,0.005985469437067514,3
Clustering,3,0.3181818181818182,34,0.006003729334636208,3
Clustering,3,0.3181818181818182,35,0.005714517727947406,3
Clustering,3,0.3181818181818182,36,0.005562315212933422,3
Clustering,3,0.3181818181818182,37,0.005440463235078556,3
Clustering,3,0.3181818181818182,38,0.005304230380023672,3
Clustering,3,0.3181818181818182,39,0.005103483356060305,3
Clustering,3,0.3181818181818182,40,0.0050121033085570935,3
Clustering,3,0.3181818181818182,41,0.004941442789848006,3
Clustering,3,0.3181818181818182,42,0.004861653190905904,3
Clustering,3,0.3181818181818182,43,0.004739976039096509,3
Clustering,3,0.3181818181818182,44,0.00469068685776253,3
Clustering,3,0.3181818181818182,45,0.004469179712053739,3
Clustering,3,0.3181818181818182,46,0.004389464036867551,3
Clustering,3,0.3181818181818182,47,0.004321071127211996,3
Clustering,3,0.3181818181818182,48,0.004199044878380056,3
Clustering,3,0.3181818181818182,49,0.0041262069260686865,3
Clustering,3,0.3181818181818182,50,0.004049439563041961,3
Clustering,3,0.3181818181818182,51,0.003999848480900621,3
Clustering,3,0.3181818181818182,52,0.0038872561020751287,3
Clustering,3,0.3181818181818182,53,0.0038682393192500234,3
Clustering,3,0.3181818181818182,54,0.0037632814183469095,3
Clustering,3,0.3181818181818182,55,0.003700169083151357,3
Clustering,3,0.3181818181818182,56,0.003594308816263096,3
Clustering,3,0.3181818181818182,57,0.0035533343166015453,3
Clustering,3,0.3181818181818182,58,0.0035037992126565752,3
Clustering,3,0.3181818181818182,59,0.003400025256413303,3
Clustering,3,0.3181818181818182,60,0.003397553476543243,3
Clustering,3,0.3181818181818182,61,0.0033230771017363427,3
Clustering,3,0.3181818181818182,62,0.0032211575501622848,3
Clustering,3,0.3181818181818182,63,0.00317544520859472,3
Clustering,3,0.3181818181818182,64,0.0031226523512762083,3
Clustering,3,0.3181818181818182,65,0.0030891962001316983,3
Clustering,3,0.3181818181818182,66,0.0030068277583038022,3
Clustering,3,0.3181818181818182,67,0.002984335141437647,3
Clustering,3,0.3181818181818182,68,0.002896610082260791,3
Clustering,3,0.3181818181818182,69,0.0028932892732595954,3
Clustering,3,0.3181818181818182,70,0.00280087222238316,3
Clustering,3,0.3181818181818182,71,0.0027974776353649317,3
Clustering,3,0.3181818181818182,72,0.0027138335858930573,3
Clustering,3,0.3181818181818182,73,0.0027308229300993816,3
Clustering,3,0.3181818181818182,74,0.002679534070049026,3
Clustering,3,0.3181818181818182,75,0.002615721166997492,3
Clustering,3,0.3181818181818182,76,0.0025973971806605017,3
Clustering,3,0.3181818181818182,77,0.0025224378701864734,3
Clustering,3,0.3181818181818182,78,0.00250213320631681,3
Clustering,3,0.3181818181818182,79,0.0024510579559437946,3
Clustering,3,0.3181818181818182,80,0.002437151864710292,3
Clustering,4,0.4090909090909091,1,0.1989289646264202,3
Clustering,4,0.4090909090909091,2,0.10296799570301096,3
Clustering,4,0.4090909090909091,3,0.07371432006458199,3
Clustering,4,0.4090909090909091,4,0.055003185353975276,3
Clustering,4,0.4090909090909091,5,0.04232154716766745,3
Clustering,4,0.4090909090909091,6,0.03688699389645528,3
Clustering,4,0.4090909090909091,7,0.030560228149204966,3
Clustering,4,0.4090909090909091,8,0.02611403861913429,3
Clustering,4,0.4090909090909091,9,0.022235013996755922,3
Clustering,4,0.4090909090909091,10,0.020576660585341373,3
Clustering,4,0.4090909090909091,11,0.01853482714532387,3
Clustering,4,0.4090909090909091,12,0.01658208775821358,3
Clustering,4,0.4090909090909091,13,0.015611105296111196,3
Clustering,4,0.4090909090909091,14,0.013959163962607919,3
Clustering,4,0.4090909090909091,15,0.01323177010004134,3
Clustering,4,0.4090909090909091,16,0.012162595503110487,3
Clustering,4,0.4090909090909091,17,0.011383833963409274,3
Clustering,4,0.4090909090909091,18,0.011126875715371243,3
Clustering,4,0.4090909090909091,19,0.010571489469656482,3
Clustering,4,0.4090909090909091,20,0.009718233787996598,3
Clustering,4,0.4090909090909091,21,0.009367907234523938,3
Clustering,4,0.4090909090909091,22,0.009041771450175755,3
Clustering,4,0.4090909090909091,23,0.008196793975781413,3
Clustering,4,0.4090909090909091,24,0.008131762990182539,3
Clustering,4,0.4090909090909091,25,0.0077487684250532015,3
Clustering,4,0.4090909090909091,26,0.007399066549534913,3
Clustering,4,0.4090909090909091,27,0.007323299949209334,3
Clustering,4,0.4090909090909091,28,0.006867988674512055,3
Clustering,4,0.4090909090909091,29,0.006738255091303391,3
Clustering,4,0.4090909090909091,30,0.00652903829506954,3
Clustering,4,0.4090909090909091,31,0.006159597479486851,3
Clustering,4,0.4090909090909091,32,0.005960811019780504,3
Clustering,4,0.4090909090909091,33,0.005757650491292378,3
Clustering,4,0.4090909090909091,34,0.005527000393190568,3
Clustering,4,0.4090909090909091,35,0.005383454066968225,3
Clustering,4,0.4090909090909091,36,0.005288045107221046,3
Clustering,4,0.4090909090909091,37,0.005015601716235843,3
Clustering,4,0.4090909090909091,38,0.004980230846672448,3
Clustering,4,0.4090909090909091,39,0.004844203896195276,3
Clustering,4,0.4090909090909091,40,0.004728066930503654,3
Clustering,4,0.4090909090909091,41,0.004613424688442829,3
Clustering,4,0.4090909090909091,42,0.004417903388015134,3
Clustering,4,0.4090909090909091,43,0.0043142073155749755,3
Clustering,4,0.4090909090909091,44,0.004359939102730233,3
Clustering,4,0.4090909090909091,45,0.0041047374665462094,3
Clustering,4,0.4090909090909091,46,0.00410077895891314,3
Clustering,4,0.4090909090909091,47,0.00393871967793324,3
Clustering,4,0.4090909090909091,48,0.003980006003044699,3
Clustering,4,0.4090909090909091,49,0.003823155526183675,3
Clustering,4,0.4090909090909091,50,0.0036506395354320136,3
Clustering,4,0.4090909090909091,51,0.0037063040451054143,3
Clustering,4,0.4090909090909091,52,0.003617720946831564,3
Clustering,4,0.4090909090909091,53,0.003456424096395438,3
Clustering,4,0.4090909090909091,54,0.0034891963655768452,3
Clustering,4,0.4090909090909091,55,0.003385284597220409,3
Clustering,4,0.4090909090909091,56,0.003332806550148358,3
Clustering,4,0.4090909090909091,57,0.003254434436542662,3
Clustering,4,0.4090909090909091,58,0.0032573849739711246,3
Clustering,4,0.4090909090909091,59,0.0031652409864753005,3
Clustering,4,0.4090909090909091,60,0.003054076459118342,3
Clustering,4,0.4090909090909091,61,0.0030125619413287515,3
Clustering,4,0.4090909090909091,62,0.0030033141989797923,3
Clustering,4,0.4090909090909091,63,0.00293113784411423,3
Clustering,4,0.4090909090909091,64,0.002894739678018343,3
Clustering,4,0.4090909090909091,65,0.0027978590947657163,3
Clustering,4,0.4090909090909091,66,0.0027476556028993345,3
Clustering,4,0.4090909090909091,67,0.0027224659447402503,3
Clustering,4,0.4090909090909091,68,0.002663933318072262,3
Clustering,4,0.4090909090909091,69,0.002629292420838943,3
Clustering,4,0.4090909090909091,70,0.002561939555489933,3
Clustering,4,0.4090909090909091,71,0.0025692689136396028,3
Clustering,4,0.4090909090909091,72,0.002531346366845245,3
Clustering,4,0.4090909090909091,73,0.002451577160253495,3
Clustering,4,0.4090909090909091,74,0.002399486427203533,3
Clustering,4,0.4090909090909091,75,0.0024046505998579107,3
Clustering,4,0.4090909090909091,76,0.0023672917222357457,3
Clustering,4,0.4090909090909091,77,0.0023007015915288737,3
Clustering,4,0.4090909090909091,78,0.002294213894644629,3
Clustering,4,0.4090909090909091,79,0.0022839699217531728,3
Clustering,4,0.4090909090909091,80,0.002229963235306052,3
Clustering,5,0.5,1,0.18543658994551973,3
Clustering,5,0.5,2,0.10913628410038119,3
Clustering,5,0.5,3,0.07172247394472268,3
Clustering,5,0.5,4,0.05516469597673082,3
Clustering,5,0.5,5,0.04133088910479022,3
Clustering,5,0.5,6,0.03498610830345667,3
Clustering,5,0.5,7,0.030811412305859293,3
Clustering,5,0.5,8,0.026346147052334522,3
Clustering,5,0.5,9,0.022902285342632046,3
Clustering,5,0.5,10,0.020747324547424995,3
Clustering,5,0.5,11,0.019295770944669385,3
Clustering,5,0.5,12,0.0166501565598469,3
Clustering,5,0.5,13,0.015375740369399642,3
Clustering,5,0.5,14,0.015047697333686627,3
Clustering,5,0.5,15,0.013752631455362888,3
Clustering,5,0.5,16,0.01278916552742393,3
Clustering,5,0.5,17,0.011596840484659652,3
Clustering,5,0.5,18,0.011060627458620513,3
Clustering,5,0.5,19,0.010621881116389379,3
Clustering,5,0.5,20,0.010223375646033301,3
Clustering,5,0.5,21,0.009386132768543961,3
Clustering,5,0.5,22,0.009210075683455733,3
Clustering,5,0.5,23,0.008539936449535594,3
Clustering,5,0.5,24,0.008172487273284457,3
Clustering,5,0.5,25,0.008098038465642903,3
Clustering,5,0.5,26,0.0076487272933297955,3
Clustering,5,0.5,27,0.0072096034037590915,3
Clustering,5,0.5,28,0.007269268709356659,3
Clustering,5,0.5,29,0.006796637383570502,3
Clustering,5,0.5,30,0.0066383162294222685,3
Clustering,5,0.5,31,0.006455900672966248,3
Clustering,5,0.5,32,0.0062496403903134065,3
Clustering,5,0.5,33,0.005989013884287286,3
Clustering,5,0.5,34,0.0057805717912126535,3
Clustering,5,0.5,35,0.005676883057931893,3
Clustering,5,0.5,36,0.005407119691098472,3
Clustering,5,0.5,37,0.005174571441267944,3
Clustering,5,0.5,38,0.0051083111831929226,3
Clustering,5,0.5,39,0.005028143774787763,3
Clustering,5,0.5,40,0.0049509595949571794,3
Clustering,5,0.5,41,0.004726698820015681,3
Clustering,5,0.5,42,0.004621265722162333,3
Clustering,5,0.5,43,0.004497272280196593,3
Clustering,5,0.5,44,0.0044392847257902395,3
Clustering,5,0.5,45,0.00422865703500063,3
Clustering,5,0.5,46,0.004204931898567736,3
Clustering,5,0.5,47,0.004090859362380577,3
Clustering,5,0.5,48,0.004042743823203391,3
Clustering,5,0.5,49,0.003941239666301674,3
Clustering,5,0.5,50,0.0038377380335651826,3
Clustering,5,0.5,51,0.0037971722557149507,3
Clustering,5,0.5,52,0.003709258863423539,3
Clustering,5,0.5,53,0.003677865428025333,3
Clustering,5,0.5,54,0.0035670690580667953,3
Clustering,5,0.5,55,0.0034587846314838434,3
Clustering,5,0.5,56,0.0034327809373355072,3
Clustering,5,0.5,57,0.0033022995954660856,3
Clustering,5,0.5,58,0.0033100353170932885,3
Clustering,5,0.5,59,0.003250864095564325,3
Clustering,5,0.5,60,0.00316939463494348,3
Clustering,5,0.5,61,0.0030955616826151577,3
Clustering,5,0.5,62,0.0030635499704696066,3
Clustering,5,0.5,63,0.0029496467191036948,3
Clustering,5,0.5,64,0.002926053434685643,3
Clustering,5,0.5,65,0.002896006898967037,3
Clustering,5,0.5,66,0.00282545160789787,3
Clustering,5,0.5,67,0.0028535953153464772,3
Clustering,5,0.5,68,0.0026680178921059693,3
Clustering,5,0.5,69,0.0027171698717311696,3
Clustering,5,0.5,70,0.002685636787753319,3
Clustering,5,0.5,71,0.0026101012092803206,3
Clustering,5,0.5,72,0.002601891502608766,3
Clustering,5,0.5,73,0.00247971632634568,3
Clustering,5,0.5,74,0.0024821666786394546,3
Clustering,5,0.5,75,0.002450696295517516,3
Clustering,5,0.5,76,0.0023841269634827795,3
Clustering,5,0.5,77,0.0023491680090724936,3
Clustering,5,0.5,78,0.002337880918415882,3
Clustering,5,0.5,79,0.0023081215467847327,3
Clustering,5,0.5,80,0.0022207875230141217,3
Clustering,6,0.5909090909090908,1,0.18153658652462,3
Clustering,6,0.5909090909090908,2,0.10074009440197697,3
Clustering,6,0.5909090909090908,3,0.07190158577989768,3
Clustering,6,0.5909090909090908,4,0.05493015166271709,3
Clustering,6,0.5909090909090908,5,0.04140510900226652,3
Clustering,6,0.5909090909090908,6,0.03538664960263235,3
Clustering,6,0.5909090909090908,7,0.030647686990283144,3
Clustering,6,0.5909090909090908,8,0.02694112188747271,3
Clustering,6,0.5909090909090908,9,0.023794374745882682,3
Clustering,6,0.5909090909090908,10,0.021570455737237777,3
Clustering,6,0.5909090909090908,11,0.019401056681392217,3
Clustering,6,0.5909090909090908,12,0.01723897624907912,3
Clustering,6,0.5909090909090908,13,0.01640753387673012,3
Clustering,6,0.5909090909090908,14,0.014810745993827085,3
Clustering,6,0.5909090909090908,15,0.014285113500796106,3
Clustering,6,0.5909090909090908,16,0.012981718596588017,3
Clustering,6,0.5909090909090908,17,0.012296726680018438,3
Clustering,6,0.5909090909090908,18,0.011435652976107576,3
Clustering,6,0.5909090909090908,19,0.010949072129814405,3
Clustering,6,0.5909090909090908,20,0.010491270266695196,3
Clustering,6,0.5909090909090908,21,0.009579337406943104,3
Clustering,6,0.5909090909090908,22,0.009324803064394925,3
Clustering,6,0.5909090909090908,23,0.009058407620342017,3
Clustering,6,0.5909090909090908,24,0.008455857025711907,3
Clustering,6,0.5909090909090908,25,0.00821870812947559,3
Clustering,6,0.5909090909090908,26,0.00796776888049333,3
Clustering,6,0.5909090909090908,27,0.007510028729150432,3
Clustering,6,0.5909090909090908,28,0.007354526698435515,3
Clustering,6,0.5909090909090908,29,0.006984656892665096,3
Clustering,6,0.5909090909090908,30,0.006715924757934218,3
Clustering,6,0.5909090909090908,31,0.00653271371963,3
Clustering,6,0.5909090909090908,32,0.006307262385513049,3
Clustering,6,0.5909090909090908,33,0.006192331649020694,3
Clustering,6,0.5909090909090908,34,0.005836711843020093,3
Clustering,6,0.5909090909090908,35,0.005835826892759012,3
Clustering,6,0.5909090909090908,36,0.005567665119115883,3
Clustering,6,0.5909090909090908,37,0.0054198395236920655,3
Clustering,6,0.5909090909090908,38,0.005368744527464986,3
Clustering,6,0.5909090909090908,39,0.005214550423835327,3
Clustering,6,0.5909090909090908,40,0.00497412850950104,3
Clustering,6,0.5909090909090908,41,0.004888568601639,3
Clustering,6,0.5909090909090908,42,0.004711671795572907,3
Clustering,6,0.5909090909090908,43,0.004461072684324663,3
Clustering,6,0.5909090909090908,44,0.004509105098122357,3
Clustering,6,0.5909090909090908,45,0.004369067353959507,3
Clustering,6,0.5909090909090908,46,0.004277248515946092,3
Clustering,6,0.5909090909090908,47,0.00417268524368338,3
Clustering,6,0.5909090909090908,48,0.004163151254674126,3
Clustering,6,0.5909090909090908,49,0.00400686867811953,3
Clustering,6,0.5909090909090908,50,0.003951934348081133,3
Clustering,6,0.5909090909090908,51,0.003888792383984751,3
Clustering,6,0.5909090909090908,52,0.0038214702582299604,3
Clustering,6,0.5909090909090908,53,0.0036851948182963445,3
Clustering,6,0.5909090909090908,54,0.003641858370291923,3
Clustering,6,0.5909090909090908,55,0.003506672274631823,3
Clustering,6,0.5909090909090908,56,0.0035725280558673808,3
Clustering,6,0.5909090909090908,57,0.0034001307365132843,3
Clustering,6,0.5909090909090908,58,0.003339913032088248,3
Clustering,6,0.5909090909090908,59,0.003234725386631864,3
Clustering,6,0.5909090909090908,60,0.003227688114424731,3
Clustering,6,0.5909090909090908,61,0.0031369540398452182,3
Clustering,6,0.5909090909090908,62,0.0030866636394871424,3
Clustering,6,0.5909090909090908,63,0.0030114173390779534,3
Clustering,6,0.5909090909090908,64,0.00299811070868011,3
Clustering,6,0.5909090909090908,65,0.0028923259312787605,3
Clustering,6,0.5909090909090908,66,0.0028676830044157466,3
Clustering,6,0.5909090909090908,67,0.002809517997068696,3
Clustering,6,0.5909090909090908,68,0.0028154637142912046,3
Clustering,6,0.5909090909090908,69,0.0027607556365313595,3
Clustering,6,0.5909090909090908,70,0.002666726663100754,3
Clustering,6,0.5909090909090908,71,0.002697184124394027,3
Clustering,6,0.5909090909090908,72,0.0025894779143251444,3
Clustering,6,0.5909090909090908,73,0.0025449227251513056,3
Clustering,6,0.5909090909090908,74,0.0025158484429784744,3
Clustering,6,0.5909090909090908,75,0.002480205156767818,3
Clustering,6,0.5909090909090908,76,0.0024175011705571472,3
Clustering,6,0.5909090909090908,77,0.002385135583944526,3
Clustering,6,0.5909090909090908,78,0.0023268507880403384,3
Clustering,6,0.5909090909090908,79,0.0023203462520135763,3
Clustering,6,0.5909090909090908,80,0.0022750850778342417,3
Clustering,7,0.6818181818181819,1,0.16808267730002738,3
Clustering,7,0.6818181818181819,2,0.10904041972737338,3
Clustering,7,0.6818181818181819,3,0.07875482148483497,3
Clustering,7,0.6818181818181819,4,0.056100421867687426,3
Clustering,7,0.6818181818181819,5,0.045021758656204815,3
Clustering,7,0.6818181818181819,6,0.0364477061367453,3
Clustering,7,0.6818181818181819,7,0.0322518727775619,3
Clustering,7,0.6818181818181819,8,0.02637353266696152,3
Clustering,7,0.6818181818181819,9,0.023819479956676822,3
Clustering,7,0.6818181818181819,10,0.021276580747002737,3
Clustering,7,0.6818181818181819,11,0.019977383345311548,3
Clustering,7,0.6818181818181819,12,0.01727641650648553,3
Clustering,7,0.6818181818181819,13,0.016500245889940656,3
Clustering,7,0.6818181818181819,14,0.014973690306321862,3
Clustering,7,0.6818181818181819,15,0.013692983151977539,3
Clustering,7,0.6818181818181819,16,0.012723855748615303,3
Clustering,7,0.6818181818181819,17,0.011811566690365113,3
Clustering,7,0.6818181818181819,18,0.01125996741295888,3
Clustering,7,0.6818181818181819,19,0.010763682231135094,3
Clustering,7,0.6818181818181819,20,0.00994402564518383,3
Clustering,7,0.6818181818181819,21,0.009636657219328956,3
Clustering,7,0.6818181818181819,22,0.009046163613016104,3
Clustering,7,0.6818181818181819,23,0.008832141455137471,3
Clustering,7,0.6818181818181819,24,0.008358305827500285,3
Clustering,7,0.6818181818181819,25,0.007697100371643739,3
Clustering,7,0.6818181818181819,26,0.007552631129418587,3
Clustering,7,0.6818181818181819,27,0.007534098075783772,3
Clustering,7,0.6818181818181819,28,0.0069317563541037045,3
Clustering,7,0.6818181818181819,29,0.006623975364827055,3
Clustering,7,0.6818181818181819,30,0.006640653581016267,3
Clustering,7,0.6818181818181819,31,0.006324706496402034,3
Clustering,7,0.6818181818181819,32,0.006255414572733994,3
Clustering,7,0.6818181818181819,33,0.005973605923046715,3
Clustering,7,0.6818181818181819,34,0.005830887490840111,3
Clustering,7,0.6818181818181819,35,0.005671657770209021,3
Clustering,7,0.6818181818181819,36,0.005362772245623683,3
Clustering,7,0.6818181818181819,37,0.005289225195179176,3
Clustering,7,0.6818181818181819,38,0.005217898051273148,3
Clustering,7,0.6818181818181819,39,0.005031102661952527,3
Clustering,7,0.6818181818181819,40,0.004841538526919971,3
Clustering,7,0.6818181818181819,41,0.004758490729681583,3
Clustering,7,0.6818181818181819,42,0.004671254725625214,3
Clustering,7,0.6818181818181819,43,0.004439129895242817,3
Clustering,7,0.6818181818181819,44,0.00443558581773714,3
Clustering,7,0.6818181818181819,45,0.0043158328597851115,3
Clustering,7,0.6818181818181819,46,0.0042048126012942146,3
Clustering,7,0.6818181818181819,47,0.004095431434044589,3
Clustering,7,0.6818181818181819,48,0.0039602900958133624,3
Clustering,7,0.6818181818181819,49,0.003944309784032307,3
Clustering,7,0.6818181818181819,50,0.003837506750190164,3
Clustering,7,0.6818181818181819,51,0.0037253046092771795,3
Clustering,7,0.6818181818181819,52,0.003722003092667741,3
Clustering,7,0.6818181818181819,53,0.0036779198413520783,3
Clustering,7,0.6818181818181819,54,0.0035161275341338365,3
Clustering,7,0.6818181818181819,55,0.0034392981672728786,3
Clustering,7,0.6818181818181819,56,0.0033489121630346165,3
Clustering,7,0.6818181818181819,57,0.0033050421029688394,3
Clustering,7,0.6818181818181819,58,0.003256011542276364,3
Clustering,7,0.6818181818181819,59,0.003168916100760078,3
Clustering,7,0.6818181818181819,60,0.0031368239188595015,3
Clustering,7,0.6818181818181819,61,0.0030782976655610583,3
Clustering,7,0.6818181818181819,62,0.003030133800836283,3
Clustering,7,0.6818181818181819,63,0.002975856065972889,3
Clustering,7,0.6818181818181819,64,0.0029536059042753193,3
Clustering,7,0.6818181818181819,65,0.0029090342213054193,3
Clustering,7,0.6818181818181819,66,0.0027968677830708076,3
Clustering,7,0.6818181818181819,67,0.002704669474524075,3
Clustering,7,0.6818181818181819,68,0.0027682485308688607,3
Clustering,7,0.6818181818181819,69,0.002641930923900637,3
Clustering,7,0.6818181818181819,70,0.0026441051652051632,3
Clustering,7,0.6818181818181819,71,0.0025719563581987244,3
Clustering,7,0.6818181818181819,72,0.002513608900850305,3
Clustering,7,0.6818181818181819,73,0.002503356993848416,3
Clustering,7,0.6818181818181819,74,0.002409484004875427,3
Clustering,7,0.6818181818181819,75,0.0024025946890632553,3
Clustering,7,0.6818181818181819,76,0.0023462565594998047,3
Clustering,7,0.6818181818181819,77,0.0022940688551429077,3
Clustering,7,0.6818181818181819,78,0.002316981562096507,3
Clustering,7,0.6818181818181819,79,0.002203185040657241,3
Clustering,7,0.6818181818181819,80,0.00223137355886939,3
Clustering,8,0.7727272727272727,1,0.15528161028958454,3
Clustering,8,0.7727272727272727,2,0.10826325236008011,3
Clustering,8,0.7727272727272727,3,0.07606945622631135,3
Clustering,8,0.7727272727272727,4,0.055882631464169254,3
Clustering,8,0.7727272727272727,5,0.043610095060893805,3
Clustering,8,0.7727272727272727,6,0.03700222893072259,3
Clustering,8,0.7727272727272727,7,0.03113950907270534,3
Clustering,8,0.7727272727272727,8,0.027526998876985443,3
Clustering,8,0.7727272727272727,9,0.023850730764024497,3
Clustering,8,0.7727272727272727,10,0.02126793439025086,3
Clustering,8,0.7727272727272727,11,0.019725809699714065,3
Clustering,8,0.7727272727272727,12,0.017343205361179042,3
Clustering,8,0.7727272727272727,13,0.016217875266410536,3
Clustering,8,0.7727272727272727,14,0.015076886056998147,3
Clustering,8,0.7727272727272727,15,0.013611760465610386,3
Clustering,8,0.7727272727272727,16,0.012612808998774436,3
Clustering,8,0.7727272727272727,17,0.012313722717439414,3
Clustering,8,0.7727272727272727,18,0.011804717072073749,3
Clustering,8,0.7727272727272727,19,0.010950159905196323,3
Clustering,8,0.7727272727272727,20,0.010870190415651106,3
Clustering,8,0.7727272727272727,21,0.010023179008777128,3
Clustering,8,0.7727272727272727,22,0.009486466475767294,3
Clustering,8,0.7727272727272727,23,0.008926457313489193,3
Clustering,8,0.7727272727272727,24,0.008475539087764399,3
Clustering,8,0.7727272727272727,25,0.008214427522433251,3
Clustering,8,0.7727272727272727,26,0.007829644051691969,3
Clustering,8,0.7727272727272727,27,0.0074628001082308985,3
Clustering,8,0.7727272727272727,28,0.007462112015180077,3
Clustering,8,0.7727272727272727,29,0.007114524045675555,3
Clustering,8,0.7727272727272727,30,0.006899540486104187,3
Clustering,8,0.7727272727272727,31,0.0066989757856375535,3
Clustering,8,0.7727272727272727,32,0.006504259176173464,3
Clustering,8,0.7727272727272727,33,0.006250188354700432,3
Clustering,8,0.7727272727272727,34,0.0061455233951631045,3
Clustering,8,0.7727272727272727,35,0.005925564871925766,3
Clustering,8,0.7727272727272727,36,0.00576770840660784,3
Clustering,8,0.7727272727272727,37,0.005673305262428949,3
Clustering,8,0.7727272727272727,38,0.005352416388958663,3
Clustering,8,0.7727272727272727,39,0.005239044225134821,3
Clustering,8,0.7727272727272727,40,0.005150328207016052,3
Clustering,8,0.7727272727272727,41,0.005044097150191857,3
Clustering,8,0.7727272727272727,42,0.004893154847068765,3
Clustering,8,0.7727272727272727,43,0.004760748936748586,3
Clustering,8,0.7727272727272727,44,0.004645455212415639,3
Clustering,8,0.7727272727272727,45,0.004476337183875392,3
Clustering,8,0.7727272727272727,46,0.004525753330609088,3
Clustering,8,0.7727272727272727,47,0.004351244418284079,3
Clustering,8,0.7727272727272727,48,0.004300966932105803,3
Clustering,8,0.7727272727272727,49,0.004187175004244808,3
Clustering,8,0.7727272727272727,50,0.004087790677933024,3
Clustering,8,0.7727272727272727,51,0.004067743564714957,3
Clustering,8,0.7727272727272727,52,0.003937472069702306,3
Clustering,8,0.7727272727272727,53,0.003863032315422066,3
Clustering,8,0.7727272727272727,54,0.0038326224983221547,3
Clustering,8,0.7727272727272727,55,0.0037159444733423194,3
Clustering,8,0.7727272727272727,56,0.0035670075462912398,3
Clustering,8,0.7727272727272727,57,0.0036015699491026756,3
Clustering,8,0.7727272727272727,58,0.003467598492939195,3
Clustering,8,0.7727272727272727,59,0.0034796194790274637,3
Clustering,8,0.7727272727272727,60,0.0033591839938251346,3
Clustering,8,0.7727272727272727,61,0.0033155092915723816,3
Clustering,8,0.7727272727272727,62,0.003261826084484731,3
Clustering,8,0.7727272727272727,63,0.0032541924979775047,3
Clustering,8,0.7727272727272727,64,0.0031767233163343318,3
Clustering,8,0.7727272727272727,65,0.003106517517953199,3
Clustering,8,0.7727272727272727,66,0.0030200796044054907,3
Clustering,8,0.7727272727272727,67,0.002959806411097761,3
Clustering,8,0.7727272727272727,68,0.002942353858839026,3
Clustering,8,0.7727272727272727,69,0.002872995334855695,3
Clustering,8,0.7727272727272727,70,0.002811801374864836,3
Clustering,8,0.7727272727272727,71,0.00280591227307982,3
Clustering,8,0.7727272727272727,72,0.0027625333398092517,3
Clustering,8,0.7727272727272727,73,0.0027329178818542876,3
Clustering,8,0.7727272727272727,74,0.002675904474247065,3
Clustering,8,0.7727272727272727,75,0.0026054239082697246,3
Clustering,8,0.7727272727272727,76,0.002547931751770658,3
Clustering,8,0.7727272727272727,77,0.0025949886069737897,3
Clustering,8,0.7727272727272727,78,0.002530590016729455,3
Clustering,8,0.7727272727272727,79,0.0024368975653998206,3
Clustering,8,0.7727272727272727,80,0.0023969892296790405,3
Clustering,9,0.8636363636363638,1,0.15045162082830751,3
Clustering,9,0.8636363636363638,2,0.10662386830587268,3
Clustering,9,0.8636363636363638,3,0.07056744910551872,3
Clustering,9,0.8636363636363638,4,0.053948440032409235,3
Clustering,9,0.8636363636363638,5,0.04108210965674459,3
Clustering,9,0.8636363636363638,6,0.03559564539531162,3
Clustering,9,0.8636363636363638,7,0.031138529196923597,3
Clustering,9,0.8636363636363638,8,0.027066883528923193,3
Clustering,9,0.8636363636363638,9,0.024453529910494504,3
Clustering,9,0.8636363636363638,10,0.021077938105508648,3
Clustering,9,0.8636363636363638,11,0.01886836994794186,3
Clustering,9,0.8636363636363638,12,0.01732855811420653,3
Clustering,9,0.8636363636363638,13,0.016056554808940488,3
Clustering,9,0.8636363636363638,14,0.014669930903896294,3
Clustering,9,0.8636363636363638,15,0.014169455129179774,3
Clustering,9,0.8636363636363638,16,0.012970447405679054,3
Clustering,9,0.8636363636363638,17,0.012400526304274908,3
Clustering,9,0.8636363636363638,18,0.011832644732175454,3
Clustering,9,0.8636363636363638,19,0.01112162305598529,3
Clustering,9,0.8636363636363638,20,0.010751646626382337,3
Clustering,9,0.8636363636363638,21,0.010046611914526755,3
Clustering,9,0.8636363636363638,22,0.009552669795171548,3
Clustering,9,0.8636363636363638,23,0.00934077354223591,3
Clustering,9,0.8636363636363638,24,0.008905200468874134,3
Clustering,9,0.8636363636363638,25,0.008667645331378565,3
Clustering,9,0.8636363636363638,26,0.008253060688794592,3
Clustering,9,0.8636363636363638,27,0.007926625265009481,3
Clustering,9,0.8636363636363638,28,0.0075970714890995494,3
Clustering,9,0.8636363636363638,29,0.007399029566708089,3
Clustering,9,0.8636363636363638,30,0.007262668975923728,3
Clustering,9,0.8636363636363638,31,0.007062491102719646,3
Clustering,9,0.8636363636363638,32,0.006843619311423952,3
Clustering,9,0.8636363636363638,33,0.006626370880952825,3
Clustering,9,0.8636363636363638,34,0.006400569028710224,3
Clustering,9,0.8636363636363638,35,0.006239265660766759,3
Clustering,9,0.8636363636363638,36,0.006068119575569919,3
Clustering,9,0.8636363636363638,37,0.00589398230683353,3
Clustering,9,0.8636363636363638,38,0.005813050779970133,3
Clustering,9,0.8636363636363638,39,0.005593861466368703,3
Clustering,9,0.8636363636363638,40,0.005474840007170747,3
Clustering,9,0.8636363636363638,41,0.00539452731259175,3
Clustering,9,0.8636363636363638,42,0.005260535019395419,3
Clustering,9,0.8636363636363638,43,0.005083987207378589,3
Clustering,9,0.8636363636363638,44,0.0050245943432626885,3
Clustering,9,0.8636363636363638,45,0.005001833243797836,3
Clustering,9,0.8636363636363638,46,0.004871079295157568,3
Clustering,9,0.8636363636363638,47,0.004748766969751534,3
Clustering,9,0.8636363636363638,48,0.004608548292109778,3
Clustering,9,0.8636363636363638,49,0.004499616074879893,3
Clustering,9,0.8636363636363638,50,0.004450042113924187,3
Clustering,9,0.8636363636363638,51,0.004278370835569215,3
Clustering,9,0.8636363636363638,52,0.004233348577458186,3
Clustering,9,0.8636363636363638,53,0.004164100655041666,3
Clustering,9,0.8636363636363638,54,0.004132432089584936,3
Clustering,9,0.8636363636363638,55,0.0040595574575358504,3
Clustering,9,0.8636363636363638,56,0.003993529488571712,3
Clustering,9,0.8636363636363638,57,0.003819302683587564,3
Clustering,9,0.8636363636363638,58,0.003797419540543422,3
Clustering,9,0.8636363636363638,59,0.0037369596157934178,3
Clustering,9,0.8636363636363638,60,0.003637298816700362,3
Clustering,9,0.8636363636363638,61,0.0036344942491213345,3
Clustering,9,0.8636363636363638,62,0.003564282076297058,3
Clustering,9,0.8636363636363638,63,0.0034903156246823275,3
Clustering,9,0.8636363636363638,64,0.0034821205046177083,3
Clustering,9,0.8636363636363638,65,0.003370217167940462,3
Clustering,9,0.8636363636363638,66,0.0032983133571992096,3
Clustering,9,0.8636363636363638,67,0.0032800074093724276,3
Clustering,9,0.8636363636363638,68,0.003216323140437059,3
Clustering,9,0.8636363636363638,69,0.003144929116985565,3
Clustering,9,0.8636363636363638,70,0.003153086231464109,3
Clustering,9,0.8636363636363638,71,0.003064764552478725,3
Clustering,9,0.8636363636363638,72,0.003039832445286167,3
Clustering,9,0.8636363636363638,73,0.0029462335970571476,3
Clustering,9,0.8636363636363638,74,0.00289648060353304,3
Clustering,9,0.8636363636363638,75,0.0028611578477377377,3
Clustering,9,0.8636363636363638,76,0.0028105410060317304,3
Clustering,9,0.8636363636363638,77,0.00275513144630197,3
Clustering,9,0.8636363636363638,78,0.0026962408051263587,3
Clustering,9,0.8636363636363638,79,0.0027176588179893928,3
Clustering,9,0.8636363636363638,80,0.002638722114819865,3
Clustering,10,0.9545454545454546,1,0.09868271734547518,3
Clustering,10,0.9545454545454546,2,0.08008562312572726,3
Clustering,10,0.9545454545454546,3,0.056935165074536796,3
Clustering,10,0.9545454545454546,4,0.045624817023627584,3
Clustering,10,0.9545454545454546,5,0.03755119491028481,3
Clustering,10,0.9545454545454546,6,0.03209739076667244,3
Clustering,10,0.9545454545454546,7,0.02841766361271882,3
Clustering,10,0.9545454545454546,8,0.025180295802536154,3
Clustering,10,0.9545454545454546,9,0.02260731383551251,3
Clustering,10,0.9545454545454546,10,0.020973604004137062,3
Clustering,10,0.9545454545454546,11,0.019177569005081555,3
Clustering,10,0.9545454545454546,12,0.018085645835620084,3
Clustering,10,0.9545454545454546,13,0.01693188261852821,3
Clustering,10,0.9545454545454546,14,0.015949886357904026,3
Clustering,10,0.9545454545454546,15,0.01494771821363655,3
Clustering,10,0.9545454545454546,16,0.014202451565017418,3
Clustering,10,0.9545454545454546,17,0.013471148187300786,3
Clustering,10,0.9545454545454546,18,0.01312607521885357,3
Clustering,10,0.9545454545454546,19,0.012505373663140931,3
Clustering,10,0.9545454545454546,20,0.012040137888878977,3
Clustering,10,0.9545454545454546,21,0.011760057288233332,3
Clustering,10,0.9545454545454546,22,0.011455032932812107,3
Clustering,10,0.9545454545454546,23,0.011005882353353045,3
Clustering,10,0.9545454545454546,24,0.010691414540158137,3
Clustering,10,0.9545454545454546,25,0.010433469057868086,3
Clustering,10,0.9545454545454546,26,0.010034324448423983,3
Clustering,10,0.9545454545454546,27,0.009857923409393133,3
Clustering,10,0.9545454545454546,28,0.009535915985421714,3
Clustering,10,0.9545454545454546,29,0.00932521221102768,3
Clustering,10,0.9545454545454546,30,0.009107619868224705,3
Clustering,10,0.9545454545454546,31,0.008936290820157919,3
Clustering,10,0.9545454545454546,32,0.008727606162086786,3
Clustering,10,0.9545454545454546,33,0.008550986240652253,3
Clustering,10,0.9545454545454546,34,0.008322493795908499,3
Clustering,10,0.9545454545454546,35,0.00817268290487614,3
Clustering,10,0.9545454545454546,36,0.007972836853847433,3
Clustering,10,0.9545454545454546,37,0.007829587133466093,3
Clustering,10,0.9545454545454546,38,0.007653279409027016,3
Clustering,10,0.9545454545454546,39,0.007529679928089866,3
Clustering,10,0.9545454545454546,40,0.007398400215360312,3
Clustering,10,0.9545454545454546,41,0.00724816587303299,3
Clustering,10,0.9545454545454546,42,0.007133188488057722,3
Clustering,10,0.9545454545454546,43,0.007006992583877515,3
Clustering,10,0.9545454545454546,44,0.006909444505389836,3
Clustering,10,0.9545454545454546,45,0.006780525211603292,3
Clustering,10,0.9545454545454546,46,0.006647532119286244,3
Clustering,10,0.9545454545454546,47,0.006530725462950917,3
Clustering,10,0.9545454545454546,48,0.006415800793474987,3
Clustering,10,0.9545454545454546,49,0.006322525728919291,3
Clustering,10,0.9545454545454546,50,0.006232486590539395,3
Clustering,10,0.9545454545454546,51,0.006113468178849071,3
Clustering,10,0.9545454545454546,52,0.0060582996210844274,3
Clustering,10,0.9545454545454546,53,0.0059108627945301815,3
Clustering,10,0.9545454545454546,54,0.005834987246150325,3
Clustering,10,0.9545454545454546,55,0.005744897289081474,3
Clustering,10,0.9545454545454546,56,0.005634443654757811,3
Clustering,10,0.9545454545454546,57,0.005585896268936346,3
Clustering,10,0.9545454545454546,58,0.00548375798493591,3
Clustering,10,0.9545454545454546,59,0.005410149527664096,3
Clustering,10,0.9545454545454546,60,0.00536376818718748,3
Clustering,10,0.9545454545454546,61,0.005256548756187922,3
Clustering,10,0.9545454545454546,62,0.005176035523965751,3
Clustering,10,0.9545454545454546,63,0.005108184203449357,3
Clustering,10,0.9545454545454546,64,0.005036121607685925,3
Clustering,10,0.9545454545454546,65,0.004991798310629185,3
Clustering,10,0.9545454545454546,66,0.004937276327184194,3
Clustering,10,0.9545454545454546,67,0.004842685821369882,3
Clustering,10,0.9545454545454546,68,0.004794061804313608,3
Clustering,10,0.9545454545454546,69,0.004706048712111337,3
Clustering,10,0.9545454545454546,70,0.004650604101191113,3
Clustering,10,0.9545454545454546,71,0.004584611523337209,3
Clustering,10,0.9545454545454546,72,0.0045233956036824,3
Clustering,10,0.9545454545454546,73,0.004475278277560403,3
Clustering,10,0.9545454545454546,74,0.0043849089035329645,3
Clustering,10,0.9545454545454546,75,0.004338885851382509,3
Clustering,10,0.9545454545454546,76,0.004284273501608731,3
Clustering,10,0.9545454545454546,77,0.004236364367234368,3
Clustering,10,0.9545454545454546,78,0.004186134526621555,3
Clustering,10,0.9545454545454546,79,0.004130998363944146,3
Clustering,10,0.9545454545454546,80,0.004093496189119156,3
Pair classification,0,0.045454545454545456,1,0.28134590568603296,1
Pair classification,0,0.045454545454545456,2,0.092300327997816,1
Pair classification,0,0.045454545454545456,3,0.05229755034562429,1
Pair classification,0,0.045454545454545456,4,0.040949865980482926,1
Pair classification,0,0.045454545454545456,5,0.031360693492284215,1
Pair classification,0,0.045454545454545456,6,0.029108611019860838,1
Pair classification,0,0.045454545454545456,7,0.024853571625073054,1
Pair classification,0,0.045454545454545456,8,0.02269041078872188,1
Pair classification,0,0.045454545454545456,9,0.019886012603283387,1
Pair classification,0,0.045454545454545456,10,0.017841020731146563,1
Pair classification,0,0.045454545454545456,11,0.01730947601591909,1
Pair classification,0,0.045454545454545456,12,0.015746028017347816,1
Pair classification,0,0.045454545454545456,13,0.014334743740903384,1
Pair classification,0,0.045454545454545456,14,0.013754746810891188,1
Pair classification,0,0.045454545454545456,15,0.012623878051484714,1
Pair classification,0,0.045454545454545456,16,0.012232720249680954,1
Pair classification,0,0.045454545454545456,17,0.011074134561085018,1
Pair classification,0,0.045454545454545456,18,0.010635951390755896,1
Pair classification,0,0.045454545454545456,19,0.010400583135277388,1
Pair classification,0,0.045454545454545456,20,0.009943890805295962,1
Pair classification,0,0.045454545454545456,21,0.009728803517237193,1
Pair classification,0,0.045454545454545456,22,0.008893072961862406,1
Pair classification,0,0.045454545454545456,23,0.008634030472375858,1
Pair classification,0,0.045454545454545456,24,0.008194291420464487,1
Pair classification,0,0.045454545454545456,25,0.007844222360206762,1
Pair classification,0,0.045454545454545456,26,0.007460211421996962,1
Pair classification,0,0.045454545454545456,27,0.007230812613924416,1
Pair classification,0,0.045454545454545456,28,0.007176040134199262,1
Pair classification,0,0.045454545454545456,29,0.0066912753249068835,1
Pair classification,0,0.045454545454545456,30,0.006579392386227235,1
Pair classification,0,0.045454545454545456,31,0.006317305254785646,1
Pair classification,0,0.045454545454545456,32,0.006028664955682297,1
Pair classification,0,0.045454545454545456,33,0.006136937920792266,1
Pair classification,0,0.045454545454545456,34,0.005833006222342424,1
Pair classification,0,0.045454545454545456,35,0.005728621296041387,1
Pair classification,0,0.045454545454545456,36,0.0054563378802987015,1
Pair classification,0,0.045454545454545456,37,0.00533196859911402,1
Pair classification,0,0.045454545454545456,38,0.005225870019677353,1
Pair classification,0,0.045454545454545456,39,0.00504417529466924,1
Pair classification,0,0.045454545454545456,40,0.004960293986818631,1
Pair classification,0,0.045454545454545456,41,0.0047033711344914835,1
Pair classification,0,0.045454545454545456,42,0.0047535365608363765,1
Pair classification,0,0.045454545454545456,43,0.004464400701454074,1
Pair classification,0,0.045454545454545456,44,0.0045335560660234725,1
Pair classification,0,0.045454545454545456,45,0.004219061096174666,1
Pair classification,0,0.045454545454545456,46,0.0041000107492285606,1
Pair classification,0,0.045454545454545456,47,0.003983239542859088,1
Pair classification,0,0.045454545454545456,48,0.003922377763410283,1
Pair classification,0,0.045454545454545456,49,0.0038648597815748417,1
Pair classification,0,0.045454545454545456,50,0.003723175222950912,1
Pair classification,0,0.045454545454545456,51,0.0037335131659069804,1
Pair classification,0,0.045454545454545456,52,0.0035470123073843367,1
Pair classification,0,0.045454545454545456,53,0.0034167521453938236,1
Pair classification,0,0.045454545454545456,54,0.0034475591102600066,1
Pair classification,0,0.045454545454545456,55,0.0033912954433197276,1
Pair classification,0,0.045454545454545456,56,0.003208008725182289,1
Pair classification,0,0.045454545454545456,57,0.0031978426241692738,1
Pair classification,0,0.045454545454545456,58,0.003109917185844417,1
Pair classification,0,0.045454545454545456,59,0.0030517663658545103,1
Pair classification,0,0.045454545454545456,60,0.003028582851965716,1
Pair classification,0,0.045454545454545456,61,0.002868470839212896,1
Pair classification,0,0.045454545454545456,62,0.002865119284146876,1
Pair classification,0,0.045454545454545456,63,0.002885480127860432,1
Pair classification,0,0.045454545454545456,64,0.0027947676264712027,1
Pair classification,0,0.045454545454545456,65,0.0027363427865579326,1
Pair classification,0,0.045454545454545456,66,0.0025902516363696592,1
Pair classification,0,0.045454545454545456,67,0.002606545801708173,1
Pair classification,0,0.045454545454545456,68,0.002625746422901024,1
Pair classification,0,0.045454545454545456,69,0.0024734226751343138,1
Pair classification,0,0.045454545454545456,70,0.0024507826031615223,1
Pair classification,0,0.045454545454545456,71,0.002443368241062658,1
Pair classification,0,0.045454545454545456,72,0.0023862076246506532,1
Pair classification,0,0.045454545454545456,73,0.00237211339260359,1
Pair classification,0,0.045454545454545456,74,0.002352828690697382,1
Pair classification,0,0.045454545454545456,75,0.0022778403435156935,1
Pair classification,0,0.045454545454545456,76,0.002225060012057206,1
Pair classification,0,0.045454545454545456,77,0.002146327605512975,1
Pair classification,0,0.045454545454545456,78,0.002139428364744093,1
Pair classification,0,0.045454545454545456,79,0.002077278225713057,1
Pair classification,0,0.045454545454545456,80,0.002097322059042899,1
Pair classification,1,0.13636363636363635,1,0.3133019822003654,1
Pair classification,1,0.13636363636363635,2,0.07940642069582171,1
Pair classification,1,0.13636363636363635,3,0.04225885636972126,1
Pair classification,1,0.13636363636363635,4,0.03703664179437607,1
Pair classification,1,0.13636363636363635,5,0.029892861166430258,1
Pair classification,1,0.13636363636363635,6,0.02792827809026477,1
Pair classification,1,0.13636363636363635,7,0.024250946199262734,1
Pair classification,1,0.13636363636363635,8,0.021967154324756464,1
Pair classification,1,0.13636363636363635,9,0.019424323777364798,1
Pair classification,1,0.13636363636363635,10,0.0184179980875798,1
Pair classification,1,0.13636363636363635,11,0.015744484985019635,1
Pair classification,1,0.13636363636363635,12,0.015040820497049474,1
Pair classification,1,0.13636363636363635,13,0.014739635828745629,1
Pair classification,1,0.13636363636363635,14,0.013161388546265702,1
Pair classification,1,0.13636363636363635,15,0.01242349911815805,1
Pair classification,1,0.13636363636363635,16,0.011741693680974587,1
Pair classification,1,0.13636363636363635,17,0.011069870594667073,1
Pair classification,1,0.13636363636363635,18,0.01035399934827817,1
Pair classification,1,0.13636363636363635,19,0.009866137365484175,1
Pair classification,1,0.13636363636363635,20,0.0093935208034289,1
Pair classification,1,0.13636363636363635,21,0.009439811538975936,1
Pair classification,1,0.13636363636363635,22,0.008996227841493532,1
Pair classification,1,0.13636363636363635,23,0.0086616733035098,1
Pair classification,1,0.13636363636363635,24,0.00847797275383415,1
Pair classification,1,0.13636363636363635,25,0.007847425595588554,1
Pair classification,1,0.13636363636363635,26,0.007857560820686477,1
Pair classification,1,0.13636363636363635,27,0.007135028045060374,1
Pair classification,1,0.13636363636363635,28,0.007346883415399594,1
Pair classification,1,0.13636363636363635,29,0.00672080081739704,1
Pair classification,1,0.13636363636363635,30,0.00671900826058196,1
Pair classification,1,0.13636363636363635,31,0.006619988097892826,1
Pair classification,1,0.13636363636363635,32,0.006089997298307572,1
Pair classification,1,0.13636363636363635,33,0.006082954378227288,1
Pair classification,1,0.13636363636363635,34,0.005871214812849162,1
Pair classification,1,0.13636363636363635,35,0.0055630651380362845,1
Pair classification,1,0.13636363636363635,36,0.005581149433354612,1
Pair classification,1,0.13636363636363635,37,0.0055950944111953635,1
Pair classification,1,0.13636363636363635,38,0.005313049565297069,1
Pair classification,1,0.13636363636363635,39,0.004895261536445848,1
Pair classification,1,0.13636363636363635,40,0.005123003618855328,1
Pair classification,1,0.13636363636363635,41,0.004944929708580393,1
Pair classification,1,0.13636363636363635,42,0.004690180752472573,1
Pair classification,1,0.13636363636363635,43,0.004607202343041224,1
Pair classification,1,0.13636363636363635,44,0.004464986935365994,1
Pair classification,1,0.13636363636363635,45,0.004469831419601663,1
Pair classification,1,0.13636363636363635,46,0.004267009719546063,1
Pair classification,1,0.13636363636363635,47,0.004008110696890834,1
Pair classification,1,0.13636363636363635,48,0.004000283511411543,1
Pair classification,1,0.13636363636363635,49,0.003961224762194918,1
Pair classification,1,0.13636363636363635,50,0.003839732725574597,1
Pair classification,1,0.13636363636363635,51,0.003718897143341634,1
Pair classification,1,0.13636363636363635,52,0.0036664941387051678,1
Pair classification,1,0.13636363636363635,53,0.0034518439006551633,1
Pair classification,1,0.13636363636363635,54,0.0033589000094157557,1
Pair classification,1,0.13636363636363635,55,0.0033035574171108566,1
Pair classification,1,0.13636363636363635,56,0.003378981666609827,1
Pair classification,1,0.13636363636363635,57,0.0033001080151638866,1
Pair classification,1,0.13636363636363635,58,0.003148422630652514,1
Pair classification,1,0.13636363636363635,59,0.003076588396097139,1
Pair classification,1,0.13636363636363635,60,0.0030753593382242183,1
Pair classification,1,0.13636363636363635,61,0.0030316670024374765,1
Pair classification,1,0.13636363636363635,62,0.002878696818813037,1
Pair classification,1,0.13636363636363635,63,0.0028823756359379134,1
Pair classification,1,0.13636363636363635,64,0.002822963941746083,1
Pair classification,1,0.13636363636363635,65,0.002771146200415342,1
Pair classification,1,0.13636363636363635,66,0.0026744436086795606,1
Pair classification,1,0.13636363636363635,67,0.002592719138126924,1
Pair classification,1,0.13636363636363635,68,0.0026142160353923877,1
Pair classification,1,0.13636363636363635,69,0.0025362432210246765,1
Pair classification,1,0.13636363636363635,70,0.0024755557301483315,1
Pair classification,1,0.13636363636363635,71,0.0024608133581787684,1
Pair classification,1,0.13636363636363635,72,0.0024607270232529775,1
Pair classification,1,0.13636363636363635,73,0.0022405114623136723,1
Pair classification,1,0.13636363636363635,74,0.0023980487290993246,1
Pair classification,1,0.13636363636363635,75,0.002258373709692765,1
Pair classification,1,0.13636363636363635,76,0.0022853226853963944,1
Pair classification,1,0.13636363636363635,77,0.002180763045712248,1
Pair classification,1,0.13636363636363635,78,0.0021712728511595553,1
Pair classification,1,0.13636363636363635,79,0.002096396315305046,1
Pair classification,1,0.13636363636363635,80,0.0020774140995081323,1
Pair classification,2,0.22727272727272727,1,0.2983418335446659,1
Pair classification,2,0.22727272727272727,2,0.08404428215267525,1
Pair classification,2,0.22727272727272727,3,0.04955778484078616,1
Pair classification,2,0.22727272727272727,4,0.02891301901289241,1
Pair classification,2,0.22727272727272727,5,0.03682918810884657,1
Pair classification,2,0.22727272727272727,6,0.027736414852077045,1
Pair classification,2,0.22727272727272727,7,0.02599943966545094,1
Pair classification,2,0.22727272727272727,8,0.02162294759818204,1
Pair classification,2,0.22727272727272727,9,0.021077163403155727,1
Pair classification,2,0.22727272727272727,10,0.01785013050901998,1
Pair classification,2,0.22727272727272727,11,0.01812221059879858,1
Pair classification,2,0.22727272727272727,12,0.016102717440320158,1
Pair classification,2,0.22727272727272727,13,0.015412115056196994,1
Pair classification,2,0.22727272727272727,14,0.013627000048323757,1
Pair classification,2,0.22727272727272727,15,0.013117268675379129,1
Pair classification,2,0.22727272727272727,16,0.011322039581025612,1
Pair classification,2,0.22727272727272727,17,0.011553583589489824,1
Pair classification,2,0.22727272727272727,18,0.0109609690071524,1
Pair classification,2,0.22727272727272727,19,0.010457689783856968,1
Pair classification,2,0.22727272727272727,20,0.00994277711661306,1
Pair classification,2,0.22727272727272727,21,0.008868062729817265,1
Pair classification,2,0.22727272727272727,22,0.008946585555125654,1
Pair classification,2,0.22727272727272727,23,0.008688797797866575,1
Pair classification,2,0.22727272727272727,24,0.008194629066829207,1
Pair classification,2,0.22727272727272727,25,0.007421521564520364,1
Pair classification,2,0.22727272727272727,26,0.007124618573751317,1
Pair classification,2,0.22727272727272727,27,0.00744662237906531,1
Pair classification,2,0.22727272727272727,28,0.006768096460198117,1
Pair classification,2,0.22727272727272727,29,0.006790483310288915,1
Pair classification,2,0.22727272727272727,30,0.006723279178955418,1
Pair classification,2,0.22727272727272727,31,0.006480715598995236,1
Pair classification,2,0.22727272727272727,32,0.006111160180554764,1
Pair classification,2,0.22727272727272727,33,0.005705148706230668,1
Pair classification,2,0.22727272727272727,34,0.005555970839930262,1
Pair classification,2,0.22727272727272727,35,0.005475390890926374,1
Pair classification,2,0.22727272727272727,36,0.0053580049522949785,1
Pair classification,2,0.22727272727272727,37,0.005237837824255332,1
Pair classification,2,0.22727272727272727,38,0.005290338493108591,1
Pair classification,2,0.22727272727272727,39,0.004851750762354781,1
Pair classification,2,0.22727272727272727,40,0.005015563107297121,1
Pair classification,2,0.22727272727272727,41,0.004817405324669564,1
Pair classification,2,0.22727272727272727,42,0.0047075606702094725,1
Pair classification,2,0.22727272727272727,43,0.0044911787483264114,1
Pair classification,2,0.22727272727272727,44,0.004224605120573397,1
Pair classification,2,0.22727272727272727,45,0.004365696003206348,1
Pair classification,2,0.22727272727272727,46,0.004116672346213566,1
Pair classification,2,0.22727272727272727,47,0.004087700886322047,1
Pair classification,2,0.22727272727272727,48,0.00399914644462663,1
Pair classification,2,0.22727272727272727,49,0.003901720965273378,1
Pair classification,2,0.22727272727272727,50,0.0037001778495559788,1
Pair classification,2,0.22727272727272727,51,0.003527415144536583,1
Pair classification,2,0.22727272727272727,52,0.003660007734627012,1
Pair classification,2,0.22727272727272727,53,0.0035972320766098527,1
Pair classification,2,0.22727272727272727,54,0.003419520147131945,1
Pair classification,2,0.22727272727272727,55,0.0033516646743808258,1
Pair classification,2,0.22727272727272727,56,0.0032021641072655584,1
Pair classification,2,0.22727272727272727,57,0.003163627643079452,1
Pair classification,2,0.22727272727272727,58,0.003149345731007701,1
Pair classification,2,0.22727272727272727,59,0.0030958287772049438,1
Pair classification,2,0.22727272727272727,60,0.0030966576656018246,1
Pair classification,2,0.22727272727272727,61,0.003029980956741759,1
Pair classification,2,0.22727272727272727,62,0.002744559577878108,1
Pair classification,2,0.22727272727272727,63,0.0028556924832779775,1
Pair classification,2,0.22727272727272727,64,0.002722190691319771,1
Pair classification,2,0.22727272727272727,65,0.002658653681160224,1
Pair classification,2,0.22727272727272727,66,0.0026399567194844336,1
Pair classification,2,0.22727272727272727,67,0.0025899085750026286,1
Pair classification,2,0.22727272727272727,68,0.0026187054424506176,1
Pair classification,2,0.22727272727272727,69,0.0025227455778068556,1
Pair classification,2,0.22727272727272727,70,0.002541521547619079,1
Pair classification,2,0.22727272727272727,71,0.002472337974600659,1
Pair classification,2,0.22727272727272727,72,0.0024230660170276356,1
Pair classification,2,0.22727272727272727,73,0.002392247283180379,1
Pair classification,2,0.22727272727272727,74,0.0023003831481125635,1
Pair classification,2,0.22727272727272727,75,0.00228890670155183,1
Pair classification,2,0.22727272727272727,76,0.0022609493570728196,1
Pair classification,2,0.22727272727272727,77,0.002183094254968849,1
Pair classification,2,0.22727272727272727,78,0.0022003340671577893,1
Pair classification,2,0.22727272727272727,79,0.0021369041124456706,1
Pair classification,2,0.22727272727272727,80,0.0020973812134430603,1
Pair classification,3,0.3181818181818182,1,0.28330315675162604,1
Pair classification,3,0.3181818181818182,2,0.10148001303373844,1
Pair classification,3,0.3181818181818182,3,0.05844314938354665,1
Pair classification,3,0.3181818181818182,4,0.03603311021389995,1
Pair classification,3,0.3181818181818182,5,0.03610630357684862,1
Pair classification,3,0.3181818181818182,6,0.028544921199620155,1
Pair classification,3,0.3181818181818182,7,0.024565831421511027,1
Pair classification,3,0.3181818181818182,8,0.022690968675327546,1
Pair classification,3,0.3181818181818182,9,0.020731612549493364,1
Pair classification,3,0.3181818181818182,10,0.018493320109296205,1
Pair classification,3,0.3181818181818182,11,0.017659955671406612,1
Pair classification,3,0.3181818181818182,12,0.015609124050688403,1
Pair classification,3,0.3181818181818182,13,0.015089148902323732,1
Pair classification,3,0.3181818181818182,14,0.013635343229431308,1
Pair classification,3,0.3181818181818182,15,0.01283293608938303,1
Pair classification,3,0.3181818181818182,16,0.011049583032361957,1
Pair classification,3,0.3181818181818182,17,0.011218278586555976,1
Pair classification,3,0.3181818181818182,18,0.010191623753593483,1
Pair classification,3,0.3181818181818182,19,0.010061215558876969,1
Pair classification,3,0.3181818181818182,20,0.00975596808483772,1
Pair classification,3,0.3181818181818182,21,0.009123717944620555,1
Pair classification,3,0.3181818181818182,22,0.008158992692568156,1
Pair classification,3,0.3181818181818182,23,0.00806403950885023,1
Pair classification,3,0.3181818181818182,24,0.007911278495737882,1
Pair classification,3,0.3181818181818182,25,0.007329346876531356,1
Pair classification,3,0.3181818181818182,26,0.0073831190883525254,1
Pair classification,3,0.3181818181818182,27,0.007088122649528048,1
Pair classification,3,0.3181818181818182,28,0.006861175543450378,1
Pair classification,3,0.3181818181818182,29,0.006469517713104579,1
Pair classification,3,0.3181818181818182,30,0.006222024248147615,1
Pair classification,3,0.3181818181818182,31,0.006173948430894956,1
Pair classification,3,0.3181818181818182,32,0.005582919284324115,1
Pair classification,3,0.3181818181818182,33,0.005644192031029209,1
Pair classification,3,0.3181818181818182,34,0.005503930416745528,1
Pair classification,3,0.3181818181818182,35,0.005253850483714774,1
Pair classification,3,0.3181818181818182,36,0.005040760092907706,1
Pair classification,3,0.3181818181818182,37,0.004948231954418569,1
Pair classification,3,0.3181818181818182,38,0.004852265623536284,1
Pair classification,3,0.3181818181818182,39,0.0044671638705856866,1
Pair classification,3,0.3181818181818182,40,0.004608065956016499,1
Pair classification,3,0.3181818181818182,41,0.004407223951396781,1
Pair classification,3,0.3181818181818182,42,0.004367364191025343,1
Pair classification,3,0.3181818181818182,43,0.0042325068645514986,1
Pair classification,3,0.3181818181818182,44,0.0042306172137727685,1
Pair classification,3,0.3181818181818182,45,0.003901753014625182,1
Pair classification,3,0.3181818181818182,46,0.0038477572292784368,1
Pair classification,3,0.3181818181818182,47,0.003723647909438172,1
Pair classification,3,0.3181818181818182,48,0.003579624126385088,1
Pair classification,3,0.3181818181818182,49,0.0034865128875761686,1
Pair classification,3,0.3181818181818182,50,0.0034341437591191874,1
Pair classification,3,0.3181818181818182,51,0.003416615149286093,1
Pair classification,3,0.3181818181818182,52,0.003294135057881216,1
Pair classification,3,0.3181818181818182,53,0.003176033181726054,1
Pair classification,3,0.3181818181818182,54,0.003252961619503213,1
Pair classification,3,0.3181818181818182,55,0.003068052816680663,1
Pair classification,3,0.3181818181818182,56,0.0030745875247593004,1
Pair classification,3,0.3181818181818182,57,0.003013250027551606,1
Pair classification,3,0.3181818181818182,58,0.002895483115736113,1
Pair classification,3,0.3181818181818182,59,0.002831178071050567,1
Pair classification,3,0.3181818181818182,60,0.0027188651178561406,1
Pair classification,3,0.3181818181818182,61,0.0027057714900551705,1
Pair classification,3,0.3181818181818182,62,0.002703612058084826,1
Pair classification,3,0.3181818181818182,63,0.0026274586361354304,1
Pair classification,3,0.3181818181818182,64,0.002580482466962154,1
Pair classification,3,0.3181818181818182,65,0.002546976572506471,1
Pair classification,3,0.3181818181818182,66,0.0024614177825808005,1
Pair classification,3,0.3181818181818182,67,0.0023902575140458274,1
Pair classification,3,0.3181818181818182,68,0.002319398616083548,1
Pair classification,3,0.3181818181818182,69,0.002362863742736967,1
Pair classification,3,0.3181818181818182,70,0.0022965196606752705,1
Pair classification,3,0.3181818181818182,71,0.0022410116418995775,1
Pair classification,3,0.3181818181818182,72,0.002236912933681058,1
Pair classification,3,0.3181818181818182,73,0.002229965512704057,1
Pair classification,3,0.3181818181818182,74,0.0020878511873718055,1
Pair classification,3,0.3181818181818182,75,0.0021311869227732066,1
Pair classification,3,0.3181818181818182,76,0.0019927025188205363,1
Pair classification,3,0.3181818181818182,77,0.0020704428623237433,1
Pair classification,3,0.3181818181818182,78,0.002024586908355935,1
Pair classification,3,0.3181818181818182,79,0.0019009795780439947,1
Pair classification,3,0.3181818181818182,80,0.001955061785528187,1
Pair classification,4,0.4090909090909091,1,0.2987503311125801,1
Pair classification,4,0.4090909090909091,2,0.12170417961499969,1
Pair classification,4,0.4090909090909091,3,0.048214829727156155,1
Pair classification,4,0.4090909090909091,4,0.04424985932821851,1
Pair classification,4,0.4090909090909091,5,0.03680538379406272,1
Pair classification,4,0.4090909090909091,6,0.02981622979637061,1
Pair classification,4,0.4090909090909091,7,0.026627954930117808,1
Pair classification,4,0.4090909090909091,8,0.021091556254933835,1
Pair classification,4,0.4090909090909091,9,0.019681458112519284,1
Pair classification,4,0.4090909090909091,10,0.017514071328703362,1
Pair classification,4,0.4090909090909091,11,0.01603992787826194,1
Pair classification,4,0.4090909090909091,12,0.014282044502918952,1
Pair classification,4,0.4090909090909091,13,0.013675783374591795,1
Pair classification,4,0.4090909090909091,14,0.013229232839719579,1
Pair classification,4,0.4090909090909091,15,0.012207895936779747,1
Pair classification,4,0.4090909090909091,16,0.011182634240511958,1
Pair classification,4,0.4090909090909091,17,0.009662389688954989,1
Pair classification,4,0.4090909090909091,18,0.009076548139109972,1
Pair classification,4,0.4090909090909091,19,0.009393311726462343,1
Pair classification,4,0.4090909090909091,20,0.008816561904961013,1
Pair classification,4,0.4090909090909091,21,0.00798253952523411,1
Pair classification,4,0.4090909090909091,22,0.00793401640252516,1
Pair classification,4,0.4090909090909091,23,0.00732378399582381,1
Pair classification,4,0.4090909090909091,24,0.007238337256555275,1
Pair classification,4,0.4090909090909091,25,0.006644761962871069,1
Pair classification,4,0.4090909090909091,26,0.006562095182903586,1
Pair classification,4,0.4090909090909091,27,0.006443489970802737,1
Pair classification,4,0.4090909090909091,28,0.00604738022847467,1
Pair classification,4,0.4090909090909091,29,0.005782084698386744,1
Pair classification,4,0.4090909090909091,30,0.00554481758869503,1
Pair classification,4,0.4090909090909091,31,0.005301056447303011,1
Pair classification,4,0.4090909090909091,32,0.005085115857466573,1
Pair classification,4,0.4090909090909091,33,0.005267417887792632,1
Pair classification,4,0.4090909090909091,34,0.0048107744698152235,1
Pair classification,4,0.4090909090909091,35,0.0046415795331320115,1
Pair classification,4,0.4090909090909091,36,0.0045091339545362905,1
Pair classification,4,0.4090909090909091,37,0.004482441206297747,1
Pair classification,4,0.4090909090909091,38,0.004282867914450265,1
Pair classification,4,0.4090909090909091,39,0.004148030224559852,1
Pair classification,4,0.4090909090909091,40,0.004031766905137574,1
Pair classification,4,0.4090909090909091,41,0.003943732535980151,1
Pair classification,4,0.4090909090909091,42,0.003818511387757624,1
Pair classification,4,0.4090909090909091,43,0.0037068739591692695,1
Pair classification,4,0.4090909090909091,44,0.003598707775269091,1
Pair classification,4,0.4090909090909091,45,0.003499008639843439,1
Pair classification,4,0.4090909090909091,46,0.0034494948457539734,1
Pair classification,4,0.4090909090909091,47,0.003383736774186498,1
Pair classification,4,0.4090909090909091,48,0.0033850301423391962,1
Pair classification,4,0.4090909090909091,49,0.00318703115069071,1
Pair classification,4,0.4090909090909091,50,0.003095211439631697,1
Pair classification,4,0.4090909090909091,51,0.002990799302970109,1
Pair classification,4,0.4090909090909091,52,0.0029620860336241864,1
Pair classification,4,0.4090909090909091,53,0.0030034816601290765,1
Pair classification,4,0.4090909090909091,54,0.0027298444799856237,1
Pair classification,4,0.4090909090909091,55,0.002826089236665356,1
Pair classification,4,0.4090909090909091,56,0.0028016256814231938,1
Pair classification,4,0.4090909090909091,57,0.0026542910003413377,1
Pair classification,4,0.4090909090909091,58,0.0024930040883871874,1
Pair classification,4,0.4090909090909091,59,0.0025740857388999758,1
Pair classification,4,0.4090909090909091,60,0.0024678400032026723,1
Pair classification,4,0.4090909090909091,61,0.0025646139946170383,1
Pair classification,4,0.4090909090909091,62,0.0023904513482160255,1
Pair classification,4,0.4090909090909091,63,0.002315366192645258,1
Pair classification,4,0.4090909090909091,64,0.0023108030622232966,1
Pair classification,4,0.4090909090909091,65,0.0022805067552094426,1
Pair classification,4,0.4090909090909091,66,0.002261744351926469,1
Pair classification,4,0.4090909090909091,67,0.0022411119232311604,1
Pair classification,4,0.4090909090909091,68,0.0021537719711491356,1
Pair classification,4,0.4090909090909091,69,0.0020294507774925525,1
Pair classification,4,0.4090909090909091,70,0.0020683541265608843,1
Pair classification,4,0.4090909090909091,71,0.0020304432755160417,1
Pair classification,4,0.4090909090909091,72,0.0020331816517281925,1
Pair classification,4,0.4090909090909091,73,0.0019472874198765125,1
Pair classification,4,0.4090909090909091,74,0.0019080795893499955,1
Pair classification,4,0.4090909090909091,75,0.0018795200228231244,1
Pair classification,4,0.4090909090909091,76,0.0018439550886342492,1
Pair classification,4,0.4090909090909091,77,0.0018079015513539918,1
Pair classification,4,0.4090909090909091,78,0.0018212916452767728,1
Pair classification,4,0.4090909090909091,79,0.0016994665101090652,1
Pair classification,4,0.4090909090909091,80,0.0017565374211126789,1
Pair classification,5,0.5,1,0.3134198451636053,1
Pair classification,5,0.5,2,0.10649620032046603,1
Pair classification,5,0.5,3,0.05283096572493431,1
Pair classification,5,0.5,4,0.040275210436513297,1
Pair classification,5,0.5,5,0.036458664394584867,1
Pair classification,5,0.5,6,0.02886050610376572,1
Pair classification,5,0.5,7,0.025387273684340315,1
Pair classification,5,0.5,8,0.02336046066308531,1
Pair classification,5,0.5,9,0.0207797018223841,1
Pair classification,5,0.5,10,0.018494798995927583,1
Pair classification,5,0.5,11,0.016596509432600007,1
Pair classification,5,0.5,12,0.014660990043650976,1
Pair classification,5,0.5,13,0.01342178734893677,1
Pair classification,5,0.5,14,0.013246555889230155,1
Pair classification,5,0.5,15,0.01198220271647019,1
Pair classification,5,0.5,16,0.010762217045861219,1
Pair classification,5,0.5,17,0.010583634206555894,1
Pair classification,5,0.5,18,0.009654306663196232,1
Pair classification,5,0.5,19,0.009057957717888226,1
Pair classification,5,0.5,20,0.0087054162689965,1
Pair classification,5,0.5,21,0.0078145086035147,1
Pair classification,5,0.5,22,0.007624743822960823,1
Pair classification,5,0.5,23,0.007252339664680032,1
Pair classification,5,0.5,24,0.0068833044957985244,1
Pair classification,5,0.5,25,0.006992375394819622,1
Pair classification,5,0.5,26,0.006576335464809955,1
Pair classification,5,0.5,27,0.00642804089828866,1
Pair classification,5,0.5,28,0.006163158953237582,1
Pair classification,5,0.5,29,0.005466960004130049,1
Pair classification,5,0.5,30,0.005479706788576264,1
Pair classification,5,0.5,31,0.00527843159440414,1
Pair classification,5,0.5,32,0.005370927849966574,1
Pair classification,5,0.5,33,0.00501980580317287,1
Pair classification,5,0.5,34,0.004855680527583988,1
Pair classification,5,0.5,35,0.00469222448786329,1
Pair classification,5,0.5,36,0.004559493573240367,1
Pair classification,5,0.5,37,0.004438263023379313,1
Pair classification,5,0.5,38,0.004250185314125422,1
Pair classification,5,0.5,39,0.004253328585223977,1
Pair classification,5,0.5,40,0.004152687419548571,1
Pair classification,5,0.5,41,0.0038651513186343358,1
Pair classification,5,0.5,42,0.003725439798475201,1
Pair classification,5,0.5,43,0.003650082643291596,1
Pair classification,5,0.5,44,0.0035765756744298,1
Pair classification,5,0.5,45,0.003548283997726704,1
Pair classification,5,0.5,46,0.003331483506667512,1
Pair classification,5,0.5,47,0.003409185522211874,1
Pair classification,5,0.5,48,0.0032717109320002137,1
Pair classification,5,0.5,49,0.00310930311990913,1
Pair classification,5,0.5,50,0.0030421463279532166,1
Pair classification,5,0.5,51,0.0030302061563506804,1
Pair classification,5,0.5,52,0.0029136849761388583,1
Pair classification,5,0.5,53,0.0028778095891348523,1
Pair classification,5,0.5,54,0.0027966327663684386,1
Pair classification,5,0.5,55,0.0026893265328590487,1
Pair classification,5,0.5,56,0.0026632160856245313,1
Pair classification,5,0.5,57,0.0025720552899940333,1
Pair classification,5,0.5,58,0.002529619862920772,1
Pair classification,5,0.5,59,0.0025462373750309987,1
Pair classification,5,0.5,60,0.0024879038647089837,1
Pair classification,5,0.5,61,0.0023783226340128153,1
Pair classification,5,0.5,62,0.0022564682472112955,1
Pair classification,5,0.5,63,0.0022055017561880526,1
Pair classification,5,0.5,64,0.0022217006732129104,1
Pair classification,5,0.5,65,0.0022612044502442045,1
Pair classification,5,0.5,66,0.0021037071253427195,1
Pair classification,5,0.5,67,0.0021815645702257733,1
Pair classification,5,0.5,68,0.0021061390951911925,1
Pair classification,5,0.5,69,0.0020255341615222472,1
Pair classification,5,0.5,70,0.002038694739007917,1
Pair classification,5,0.5,71,0.0019505262901655211,1
Pair classification,5,0.5,72,0.0018800226043753586,1
Pair classification,5,0.5,73,0.0019042512874697924,1
Pair classification,5,0.5,74,0.001874198874029099,1
Pair classification,5,0.5,75,0.0018355941926176498,1
Pair classification,5,0.5,76,0.0018429342798363436,1
Pair classification,5,0.5,77,0.0017564611836009332,1
Pair classification,5,0.5,78,0.001728240921073153,1
Pair classification,5,0.5,79,0.001641316034057795,1
Pair classification,5,0.5,80,0.0015838546278666669,1
Pair classification,6,0.5909090909090908,1,0.3207907254142108,1
Pair classification,6,0.5909090909090908,2,0.11641292181283502,1
Pair classification,6,0.5909090909090908,3,0.054918531883706656,1
Pair classification,6,0.5909090909090908,4,0.04574019888892099,1
Pair classification,6,0.5909090909090908,5,0.03545693782993232,1
Pair classification,6,0.5909090909090908,6,0.02933443695406399,1
Pair classification,6,0.5909090909090908,7,0.024353834500102596,1
Pair classification,6,0.5909090909090908,8,0.021750080449777075,1
Pair classification,6,0.5909090909090908,9,0.019829922834459147,1
Pair classification,6,0.5909090909090908,10,0.017021904814434597,1
Pair classification,6,0.5909090909090908,11,0.01573277526865835,1
Pair classification,6,0.5909090909090908,12,0.013849547400682468,1
Pair classification,6,0.5909090909090908,13,0.01343212083735661,1
Pair classification,6,0.5909090909090908,14,0.011533227834441885,1
Pair classification,6,0.5909090909090908,15,0.0108215833621279,1
Pair classification,6,0.5909090909090908,16,0.010244094289954655,1
Pair classification,6,0.5909090909090908,17,0.010021816491756493,1
Pair classification,6,0.5909090909090908,18,0.008992825706199314,1
Pair classification,6,0.5909090909090908,19,0.008509664966105697,1
Pair classification,6,0.5909090909090908,20,0.007864353383984977,1
Pair classification,6,0.5909090909090908,21,0.006993273719221338,1
Pair classification,6,0.5909090909090908,22,0.006965857947000321,1
Pair classification,6,0.5909090909090908,23,0.007224897425127394,1
Pair classification,6,0.5909090909090908,24,0.006809025762583706,1
Pair classification,6,0.5909090909090908,25,0.0064701003557252465,1
Pair classification,6,0.5909090909090908,26,0.006417710367101229,1
Pair classification,6,0.5909090909090908,27,0.006136655587836941,1
Pair classification,6,0.5909090909090908,28,0.0057317320570368195,1
Pair classification,6,0.5909090909090908,29,0.005226685400533844,1
Pair classification,6,0.5909090909090908,30,0.005307369088794893,1
Pair classification,6,0.5909090909090908,31,0.005002563705333881,1
Pair classification,6,0.5909090909090908,32,0.0048403467422761005,1
Pair classification,6,0.5909090909090908,33,0.004722864750409699,1
Pair classification,6,0.5909090909090908,34,0.004477121720195788,1
Pair classification,6,0.5909090909090908,35,0.00449522978937068,1
Pair classification,6,0.5909090909090908,36,0.004413215922488079,1
Pair classification,6,0.5909090909090908,37,0.004151508065762007,1
Pair classification,6,0.5909090909090908,38,0.003992440106938866,1
Pair classification,6,0.5909090909090908,39,0.0037942991004103993,1
Pair classification,6,0.5909090909090908,40,0.0037624044283139997,1
Pair classification,6,0.5909090909090908,41,0.003651922546954083,1
Pair classification,6,0.5909090909090908,42,0.003571321812802988,1
Pair classification,6,0.5909090909090908,43,0.0033691181597929796,1
Pair classification,6,0.5909090909090908,44,0.003353582606896246,1
Pair classification,6,0.5909090909090908,45,0.003394894690532782,1
Pair classification,6,0.5909090909090908,46,0.0032447257396020592,1
Pair classification,6,0.5909090909090908,47,0.003169885000924158,1
Pair classification,6,0.5909090909090908,48,0.0029218630776281242,1
Pair classification,6,0.5909090909090908,49,0.002916360411952668,1
Pair classification,6,0.5909090909090908,50,0.0029071098402793363,1
Pair classification,6,0.5909090909090908,51,0.002855352395148418,1
Pair classification,6,0.5909090909090908,52,0.002806739583041806,1
Pair classification,6,0.5909090909090908,53,0.00266367807886107,1
Pair classification,6,0.5909090909090908,54,0.002638797612731705,1
Pair classification,6,0.5909090909090908,55,0.0026588186614649994,1
Pair classification,6,0.5909090909090908,56,0.0025518527461359975,1
Pair classification,6,0.5909090909090908,57,0.0025307537663271586,1
Pair classification,6,0.5909090909090908,58,0.002382431146451448,1
Pair classification,6,0.5909090909090908,59,0.0023869627087557336,1
Pair classification,6,0.5909090909090908,60,0.002368001966135771,1
Pair classification,6,0.5909090909090908,61,0.0022912218616472817,1
Pair classification,6,0.5909090909090908,62,0.002212064346992284,1
Pair classification,6,0.5909090909090908,63,0.002144149891368428,1
Pair classification,6,0.5909090909090908,64,0.002177704021253935,1
Pair classification,6,0.5909090909090908,65,0.002112443365076867,1
Pair classification,6,0.5909090909090908,66,0.002009146334856129,1
Pair classification,6,0.5909090909090908,67,0.002027926321804644,1
Pair classification,6,0.5909090909090908,68,0.001984465895975111,1
Pair classification,6,0.5909090909090908,69,0.0019228310250388285,1
Pair classification,6,0.5909090909090908,70,0.0018622268968339407,1
Pair classification,6,0.5909090909090908,71,0.0018615423074885343,1
Pair classification,6,0.5909090909090908,72,0.0018593891232077022,1
Pair classification,6,0.5909090909090908,73,0.001815045619722884,1
Pair classification,6,0.5909090909090908,74,0.0017641931970370397,1
Pair classification,6,0.5909090909090908,75,0.0017942150225935653,1
Pair classification,6,0.5909090909090908,76,0.0016559151415161829,1
Pair classification,6,0.5909090909090908,77,0.001714644457993135,1
Pair classification,6,0.5909090909090908,78,0.0016727197064128727,1
Pair classification,6,0.5909090909090908,79,0.001643886750570126,1
Pair classification,6,0.5909090909090908,80,0.0015832891940182083,1
Pair classification,7,0.6818181818181819,1,0.2722669247144189,1
Pair classification,7,0.6818181818181819,2,0.13892618458799857,1
Pair classification,7,0.6818181818181819,3,0.06950532636202368,1
Pair classification,7,0.6818181818181819,4,0.04666614860609073,1
Pair classification,7,0.6818181818181819,5,0.03442085152606672,1
Pair classification,7,0.6818181818181819,6,0.027755473254759994,1
Pair classification,7,0.6818181818181819,7,0.025031028819479547,1
Pair classification,7,0.6818181818181819,8,0.023518385953794005,1
Pair classification,7,0.6818181818181819,9,0.020790239718392417,1
Pair classification,7,0.6818181818181819,10,0.01865189583357887,1
Pair classification,7,0.6818181818181819,11,0.016544779020740242,1
Pair classification,7,0.6818181818181819,12,0.014713081478528341,1
Pair classification,7,0.6818181818181819,13,0.01325356770243488,1
Pair classification,7,0.6818181818181819,14,0.012493794088640247,1
Pair classification,7,0.6818181818181819,15,0.011216473479925514,1
Pair classification,7,0.6818181818181819,16,0.01074812713862804,1
Pair classification,7,0.6818181818181819,17,0.010102433827419544,1
Pair classification,7,0.6818181818181819,18,0.009880046139728236,1
Pair classification,7,0.6818181818181819,19,0.008739154265304826,1
Pair classification,7,0.6818181818181819,20,0.00891826084475631,1
Pair classification,7,0.6818181818181819,21,0.007462683717176643,1
Pair classification,7,0.6818181818181819,22,0.007241886723463007,1
Pair classification,7,0.6818181818181819,23,0.007106503139613484,1
Pair classification,7,0.6818181818181819,24,0.007068795031014271,1
Pair classification,7,0.6818181818181819,25,0.006604155569392417,1
Pair classification,7,0.6818181818181819,26,0.006140693725373209,1
Pair classification,7,0.6818181818181819,27,0.006074455252460844,1
Pair classification,7,0.6818181818181819,28,0.005771364419786156,1
Pair classification,7,0.6818181818181819,29,0.005603776843693975,1
Pair classification,7,0.6818181818181819,30,0.0055329695784587735,1
Pair classification,7,0.6818181818181819,31,0.005240835548979931,1
Pair classification,7,0.6818181818181819,32,0.005135712010297647,1
Pair classification,7,0.6818181818181819,33,0.005033198922825697,1
Pair classification,7,0.6818181818181819,34,0.004686770114011542,1
Pair classification,7,0.6818181818181819,35,0.004535050748993087,1
Pair classification,7,0.6818181818181819,36,0.004368554790773051,1
Pair classification,7,0.6818181818181819,37,0.004041651751589849,1
Pair classification,7,0.6818181818181819,38,0.004046062884295032,1
Pair classification,7,0.6818181818181819,39,0.0039873696811034585,1
Pair classification,7,0.6818181818181819,40,0.003727273048380669,1
Pair classification,7,0.6818181818181819,41,0.0037015596126886777,1
Pair classification,7,0.6818181818181819,42,0.003498095593619054,1
Pair classification,7,0.6818181818181819,43,0.0034306602196933714,1
Pair classification,7,0.6818181818181819,44,0.0035773540808441465,1
Pair classification,7,0.6818181818181819,45,0.0034171164538117646,1
Pair classification,7,0.6818181818181819,46,0.0033871868876480704,1
Pair classification,7,0.6818181818181819,47,0.003125514580584698,1
Pair classification,7,0.6818181818181819,48,0.0031362527191196627,1
Pair classification,7,0.6818181818181819,49,0.002938181821785712,1
Pair classification,7,0.6818181818181819,50,0.002867635446858889,1
Pair classification,7,0.6818181818181819,51,0.002884875835339887,1
Pair classification,7,0.6818181818181819,52,0.0026360819068980733,1
Pair classification,7,0.6818181818181819,53,0.0028126475041326143,1
Pair classification,7,0.6818181818181819,54,0.00266946477867585,1
Pair classification,7,0.6818181818181819,55,0.002618571960017361,1
Pair classification,7,0.6818181818181819,56,0.0025575360724736417,1
Pair classification,7,0.6818181818181819,57,0.002366025968045586,1
Pair classification,7,0.6818181818181819,58,0.00243426764117076,1
Pair classification,7,0.6818181818181819,59,0.0024472883848423808,1
Pair classification,7,0.6818181818181819,60,0.00230382331468955,1
Pair classification,7,0.6818181818181819,61,0.002347053406498931,1
Pair classification,7,0.6818181818181819,62,0.002173824857864486,1
Pair classification,7,0.6818181818181819,63,0.0020958919293959846,1
Pair classification,7,0.6818181818181819,64,0.002102825409902385,1
Pair classification,7,0.6818181818181819,65,0.002102042641168862,1
Pair classification,7,0.6818181818181819,66,0.0020947058292064818,1
Pair classification,7,0.6818181818181819,67,0.001977179984540784,1
Pair classification,7,0.6818181818181819,68,0.0019481457196354854,1
Pair classification,7,0.6818181818181819,69,0.0018757632058907796,1
Pair classification,7,0.6818181818181819,70,0.0019112011830625841,1
Pair classification,7,0.6818181818181819,71,0.0017980011582544259,1
Pair classification,7,0.6818181818181819,72,0.0018870069964463353,1
Pair classification,7,0.6818181818181819,73,0.0017686990699676136,1
Pair classification,7,0.6818181818181819,74,0.0017781739916413295,1
Pair classification,7,0.6818181818181819,75,0.001766899070204943,1
Pair classification,7,0.6818181818181819,76,0.0017303403277970995,1
Pair classification,7,0.6818181818181819,77,0.0016393336778805006,1
Pair classification,7,0.6818181818181819,78,0.0015840612947019088,1
Pair classification,7,0.6818181818181819,79,0.0015182351463170903,1
Pair classification,7,0.6818181818181819,80,0.0015385334522898838,1
Pair classification,8,0.7727272727272727,1,0.2919665101135573,1
Pair classification,8,0.7727272727272727,2,0.13417323075839135,1
Pair classification,8,0.7727272727272727,3,0.04807501922321312,1
Pair classification,8,0.7727272727272727,4,0.04149310067691531,1
Pair classification,8,0.7727272727272727,5,0.034166810928551006,1
Pair classification,8,0.7727272727272727,6,0.029222148038180705,1
Pair classification,8,0.7727272727272727,7,0.02598572680074617,1
Pair classification,8,0.7727272727272727,8,0.023843166837785375,1
Pair classification,8,0.7727272727272727,9,0.020346503431837956,1
Pair classification,8,0.7727272727272727,10,0.01810931495811162,1
Pair classification,8,0.7727272727272727,11,0.018003273956729616,1
Pair classification,8,0.7727272727272727,12,0.014569381705531237,1
Pair classification,8,0.7727272727272727,13,0.01342593008211459,1
Pair classification,8,0.7727272727272727,14,0.0122735847093538,1
Pair classification,8,0.7727272727272727,15,0.012101453616907216,1
Pair classification,8,0.7727272727272727,16,0.010720446574250694,1
Pair classification,8,0.7727272727272727,17,0.010646806094782841,1
Pair classification,8,0.7727272727272727,18,0.009961027075027294,1
Pair classification,8,0.7727272727272727,19,0.009089119763628317,1
Pair classification,8,0.7727272727272727,20,0.008859211787984822,1
Pair classification,8,0.7727272727272727,21,0.007948026185226394,1
Pair classification,8,0.7727272727272727,22,0.00795767876785511,1
Pair classification,8,0.7727272727272727,23,0.007573243978880614,1
Pair classification,8,0.7727272727272727,24,0.007336482112611719,1
Pair classification,8,0.7727272727272727,25,0.006865474857292302,1
Pair classification,8,0.7727272727272727,26,0.006648669869132527,1
Pair classification,8,0.7727272727272727,27,0.006314696412891758,1
Pair classification,8,0.7727272727272727,28,0.006350672870696565,1
Pair classification,8,0.7727272727272727,29,0.005832326582870946,1
Pair classification,8,0.7727272727272727,30,0.005517649947643934,1
Pair classification,8,0.7727272727272727,31,0.005272866211197881,1
Pair classification,8,0.7727272727272727,32,0.005177961684883171,1
Pair classification,8,0.7727272727272727,33,0.0050910009226043116,1
Pair classification,8,0.7727272727272727,34,0.00490437953995635,1
Pair classification,8,0.7727272727272727,35,0.004708490779057209,1
Pair classification,8,0.7727272727272727,36,0.004531461066355862,1
Pair classification,8,0.7727272727272727,37,0.004374772237031983,1
Pair classification,8,0.7727272727272727,38,0.004250305940272132,1
Pair classification,8,0.7727272727272727,39,0.004054611401885755,1
Pair classification,8,0.7727272727272727,40,0.0039046645494660182,1
Pair classification,8,0.7727272727272727,41,0.003729157387320957,1
Pair classification,8,0.7727272727272727,42,0.0036211402119132206,1
Pair classification,8,0.7727272727272727,43,0.0035567132015625253,1
Pair classification,8,0.7727272727272727,44,0.003491388666939978,1
Pair classification,8,0.7727272727272727,45,0.0034446088298780717,1
Pair classification,8,0.7727272727272727,46,0.003359415300914166,1
Pair classification,8,0.7727272727272727,47,0.003293104361143456,1
Pair classification,8,0.7727272727272727,48,0.0031476152089253895,1
Pair classification,8,0.7727272727272727,49,0.0031214566091654554,1
Pair classification,8,0.7727272727272727,50,0.0029263808388003626,1
Pair classification,8,0.7727272727272727,51,0.002813466859495993,1
Pair classification,8,0.7727272727272727,52,0.00290491370554202,1
Pair classification,8,0.7727272727272727,53,0.0027912806488903843,1
Pair classification,8,0.7727272727272727,54,0.002589952472543712,1
Pair classification,8,0.7727272727272727,55,0.0025824222069463732,1
Pair classification,8,0.7727272727272727,56,0.0026081332037134163,1
Pair classification,8,0.7727272727272727,57,0.0025881584665795572,1
Pair classification,8,0.7727272727272727,58,0.002428663672071382,1
Pair classification,8,0.7727272727272727,59,0.0024131340325720457,1
Pair classification,8,0.7727272727272727,60,0.0023730544120034234,1
Pair classification,8,0.7727272727272727,61,0.0023188284889191315,1
Pair classification,8,0.7727272727272727,62,0.0022784870262816245,1
Pair classification,8,0.7727272727272727,63,0.0021508004665043213,1
Pair classification,8,0.7727272727272727,64,0.002196464244148618,1
Pair classification,8,0.7727272727272727,65,0.002114052407251223,1
Pair classification,8,0.7727272727272727,66,0.0020579240141205277,1
Pair classification,8,0.7727272727272727,67,0.0020029465263302587,1
Pair classification,8,0.7727272727272727,68,0.0019635740601282093,1
Pair classification,8,0.7727272727272727,69,0.001955623938624746,1
Pair classification,8,0.7727272727272727,70,0.001982950767789169,1
Pair classification,8,0.7727272727272727,71,0.0018784646660409457,1
Pair classification,8,0.7727272727272727,72,0.0018799743506471868,1
Pair classification,8,0.7727272727272727,73,0.0018399658889761575,1
Pair classification,8,0.7727272727272727,74,0.0017898574686417508,1
Pair classification,8,0.7727272727272727,75,0.0017330110661325558,1
Pair classification,8,0.7727272727272727,76,0.0016892493184198622,1
Pair classification,8,0.7727272727272727,77,0.0017309458048378687,1
Pair classification,8,0.7727272727272727,78,0.0016910025671547663,1
Pair classification,8,0.7727272727272727,79,0.0016620961748807597,1
Pair classification,8,0.7727272727272727,80,0.0016524174058355327,1
Pair classification,9,0.8636363636363638,1,0.23739726990130705,1
Pair classification,9,0.8636363636363638,2,0.09651533472934101,1
Pair classification,9,0.8636363636363638,3,0.05956870279404422,1
Pair classification,9,0.8636363636363638,4,0.045649428846334064,1
Pair classification,9,0.8636363636363638,5,0.038171483936291835,1
Pair classification,9,0.8636363636363638,6,0.03141456546963103,1
Pair classification,9,0.8636363636363638,7,0.02786489910852571,1
Pair classification,9,0.8636363636363638,8,0.024910618259102825,1
Pair classification,9,0.8636363636363638,9,0.022572615740082656,1
Pair classification,9,0.8636363636363638,10,0.021268968901999037,1
Pair classification,9,0.8636363636363638,11,0.019569548200517914,1
Pair classification,9,0.8636363636363638,12,0.017654832911378367,1
Pair classification,9,0.8636363636363638,13,0.015970388433307305,1
Pair classification,9,0.8636363636363638,14,0.015460702981857453,1
Pair classification,9,0.8636363636363638,15,0.013753838416615247,1
Pair classification,9,0.8636363636363638,16,0.01384441408399041,1
Pair classification,9,0.8636363636363638,17,0.012617621520124238,1
Pair classification,9,0.8636363636363638,18,0.011859588477710608,1
Pair classification,9,0.8636363636363638,19,0.010837891663550238,1
Pair classification,9,0.8636363636363638,20,0.01067255217833278,1
Pair classification,9,0.8636363636363638,21,0.009990293368976154,1
Pair classification,9,0.8636363636363638,22,0.009520108085688182,1
Pair classification,9,0.8636363636363638,23,0.008689798771865105,1
Pair classification,9,0.8636363636363638,24,0.008397196517795708,1
Pair classification,9,0.8636363636363638,25,0.008221669246077904,1
Pair classification,9,0.8636363636363638,26,0.007944121883972774,1
Pair classification,9,0.8636363636363638,27,0.007256549244504499,1
Pair classification,9,0.8636363636363638,28,0.0074885816767183595,1
Pair classification,9,0.8636363636363638,29,0.00707133277445815,1
Pair classification,9,0.8636363636363638,30,0.006665450126960231,1
Pair classification,9,0.8636363636363638,31,0.00635928205259406,1
Pair classification,9,0.8636363636363638,32,0.006439191047642065,1
Pair classification,9,0.8636363636363638,33,0.005863225260280967,1
Pair classification,9,0.8636363636363638,34,0.005652050499931295,1
Pair classification,9,0.8636363636363638,35,0.005383586745769378,1
Pair classification,9,0.8636363636363638,36,0.005454500550870975,1
Pair classification,9,0.8636363636363638,37,0.004933469641849993,1
Pair classification,9,0.8636363636363638,38,0.005182018036217071,1
Pair classification,9,0.8636363636363638,39,0.004835317803988738,1
Pair classification,9,0.8636363636363638,40,0.004554165682049981,1
Pair classification,9,0.8636363636363638,41,0.004720722271456022,1
Pair classification,9,0.8636363636363638,42,0.004218091146775689,1
Pair classification,9,0.8636363636363638,43,0.004349627599850748,1
Pair classification,9,0.8636363636363638,44,0.0042616460046121084,1
Pair classification,9,0.8636363636363638,45,0.0040714356108193725,1
Pair classification,9,0.8636363636363638,46,0.003988552373230005,1
Pair classification,9,0.8636363636363638,47,0.0038878861667825523,1
Pair classification,9,0.8636363636363638,48,0.0036849140646884973,1
Pair classification,9,0.8636363636363638,49,0.0035534244472680315,1
Pair classification,9,0.8636363636363638,50,0.0035705151525108453,1
Pair classification,9,0.8636363636363638,51,0.0034063206467025136,1
Pair classification,9,0.8636363636363638,52,0.0033508934730932458,1
Pair classification,9,0.8636363636363638,53,0.00329062138642074,1
Pair classification,9,0.8636363636363638,54,0.0032646508545617365,1
Pair classification,9,0.8636363636363638,55,0.0031656993905792123,1
Pair classification,9,0.8636363636363638,56,0.0030006245103263492,1
Pair classification,9,0.8636363636363638,57,0.00300938273792083,1
Pair classification,9,0.8636363636363638,58,0.0029939877780514896,1
Pair classification,9,0.8636363636363638,59,0.0029011447687893946,1
Pair classification,9,0.8636363636363638,60,0.0027490649365359316,1
Pair classification,9,0.8636363636363638,61,0.002647620250352481,1
Pair classification,9,0.8636363636363638,62,0.002587634958565952,1
Pair classification,9,0.8636363636363638,63,0.002700396371804829,1
Pair classification,9,0.8636363636363638,64,0.0025579730173727086,1
Pair classification,9,0.8636363636363638,65,0.002531647243769015,1
Pair classification,9,0.8636363636363638,66,0.002394037618686789,1
Pair classification,9,0.8636363636363638,67,0.0023673162726425894,1
Pair classification,9,0.8636363636363638,68,0.002199550024827376,1
Pair classification,9,0.8636363636363638,69,0.0023400298807615587,1
Pair classification,9,0.8636363636363638,70,0.0022656185944882894,1
Pair classification,9,0.8636363636363638,71,0.0022214057890323994,1
Pair classification,9,0.8636363636363638,72,0.0022168740324809673,1
Pair classification,9,0.8636363636363638,73,0.0020890562315014605,1
Pair classification,9,0.8636363636363638,74,0.0020735902481100695,1
Pair classification,9,0.8636363636363638,75,0.002068558308197364,1
Pair classification,9,0.8636363636363638,76,0.002004298333869738,1
Pair classification,9,0.8636363636363638,77,0.0019989079597467533,1
Pair classification,9,0.8636363636363638,78,0.0019885913846834843,1
Pair classification,9,0.8636363636363638,79,0.001956579084655562,1
Pair classification,9,0.8636363636363638,80,0.0018739335012197054,1
Pair classification,10,0.9545454545454546,1,0.15631406487882504,1
Pair classification,10,0.9545454545454546,2,0.07437687729226082,1
Pair classification,10,0.9545454545454546,3,0.05374109051297235,1
Pair classification,10,0.9545454545454546,4,0.045545419472554166,1
Pair classification,10,0.9545454545454546,5,0.039043421343904414,1
Pair classification,10,0.9545454545454546,6,0.0335006344788117,1
Pair classification,10,0.9545454545454546,7,0.029828432944181013,1
Pair classification,10,0.9545454545454546,8,0.027089801767047596,1
Pair classification,10,0.9545454545454546,9,0.02477426129322156,1
Pair classification,10,0.9545454545454546,10,0.02389398681873295,1
Pair classification,10,0.9545454545454546,11,0.022123823078128938,1
Pair classification,10,0.9545454545454546,12,0.020105529458185032,1
Pair classification,10,0.9545454545454546,13,0.018721448970231223,1
Pair classification,10,0.9545454545454546,14,0.017800029341406984,1
Pair classification,10,0.9545454545454546,15,0.016407316738313298,1
Pair classification,10,0.9545454545454546,16,0.01565289933542142,1
Pair classification,10,0.9545454545454546,17,0.014637564898800285,1
Pair classification,10,0.9545454545454546,18,0.013866319242436727,1
Pair classification,10,0.9545454545454546,19,0.013238545326884442,1
Pair classification,10,0.9545454545454546,20,0.012646144854608743,1
Pair classification,10,0.9545454545454546,21,0.011904841888315542,1
Pair classification,10,0.9545454545454546,22,0.011615534919778132,1
Pair classification,10,0.9545454545454546,23,0.011017666265887295,1
Pair classification,10,0.9545454545454546,24,0.010439037680558596,1
Pair classification,10,0.9545454545454546,25,0.010025107128813809,1
Pair classification,10,0.9545454545454546,26,0.00972814974607448,1
Pair classification,10,0.9545454545454546,27,0.009396890420809547,1
Pair classification,10,0.9545454545454546,28,0.008939827152906242,1
Pair classification,10,0.9545454545454546,29,0.008633575188744299,1
Pair classification,10,0.9545454545454546,30,0.008535881420430363,1
Pair classification,10,0.9545454545454546,31,0.007997612252083007,1
Pair classification,10,0.9545454545454546,32,0.007723462181705069,1
Pair classification,10,0.9545454545454546,33,0.007561188066122406,1
Pair classification,10,0.9545454545454546,34,0.007257428789563111,1
Pair classification,10,0.9545454545454546,35,0.007167665806330409,1
Pair classification,10,0.9545454545454546,36,0.0069272694664304175,1
Pair classification,10,0.9545454545454546,37,0.006804855401998286,1
Pair classification,10,0.9545454545454546,38,0.006509024272323001,1
Pair classification,10,0.9545454545454546,39,0.006337353886551068,1
Pair classification,10,0.9545454545454546,40,0.0060452231258304335,1
Pair classification,10,0.9545454545454546,41,0.006085345566415209,1
Pair classification,10,0.9545454545454546,42,0.005676562194197608,1
Pair classification,10,0.9545454545454546,43,0.0057092926571430495,1
Pair classification,10,0.9545454545454546,44,0.005279959984619466,1
Pair classification,10,0.9545454545454546,45,0.005354162242860159,1
Pair classification,10,0.9545454545454546,46,0.005268175471958365,1
Pair classification,10,0.9545454545454546,47,0.005083793412775858,1
Pair classification,10,0.9545454545454546,48,0.004937114639527653,1
Pair classification,10,0.9545454545454546,49,0.004766871844350821,1
Pair classification,10,0.9545454545454546,50,0.0046785154098788135,1
Pair classification,10,0.9545454545454546,51,0.004623979065432365,1
Pair classification,10,0.9545454545454546,52,0.00444675906082694,1
Pair classification,10,0.9545454545454546,53,0.0044434879558029414,1
Pair classification,10,0.9545454545454546,54,0.004223899307554654,1
Pair classification,10,0.9545454545454546,55,0.004181020330618967,1
Pair classification,10,0.9545454545454546,56,0.004082903602107443,1
Pair classification,10,0.9545454545454546,57,0.004045741988322093,1
Pair classification,10,0.9545454545454546,58,0.004008124445823233,1
Pair classification,10,0.9545454545454546,59,0.0038303138711480167,1
Pair classification,10,0.9545454545454546,60,0.0037975899798689647,1
Pair classification,10,0.9545454545454546,61,0.0036553212774137122,1
Pair classification,10,0.9545454545454546,62,0.003631641085210269,1
Pair classification,10,0.9545454545454546,63,0.00352934348071042,1
Pair classification,10,0.9545454545454546,64,0.0034829649070487138,1
Pair classification,10,0.9545454545454546,65,0.0033845348918832793,1
Pair classification,10,0.9545454545454546,66,0.003314069840263644,1
Pair classification,10,0.9545454545454546,67,0.0033039114914804562,1
Pair classification,10,0.9545454545454546,68,0.0031907679089015098,1
Pair classification,10,0.9545454545454546,69,0.0031103287216231105,1
Pair classification,10,0.9545454545454546,70,0.003184509185783071,1
Pair classification,10,0.9545454545454546,71,0.00302139038699142,1
Pair classification,10,0.9545454545454546,72,0.0029960693042145954,1
Pair classification,10,0.9545454545454546,73,0.0029052648731493396,1
Pair classification,10,0.9545454545454546,74,0.002868732366153393,1
Pair classification,10,0.9545454545454546,75,0.002766953288787409,1
Pair classification,10,0.9545454545454546,76,0.00274660509380917,1
Pair classification,10,0.9545454545454546,77,0.002687144104725523,1
Pair classification,10,0.9545454545454546,78,0.0026104149610483894,1
Pair classification,10,0.9545454545454546,79,0.0026332985398631052,1
Pair classification,10,0.9545454545454546,80,0.002577914151522614,1
Semantic textual similarity,0,0.045454545454545456,1,0.16698263448260917,4
Semantic textual similarity,0,0.045454545454545456,2,0.1022342419482511,4
Semantic textual similarity,0,0.045454545454545456,3,0.06888838823323734,4
Semantic textual similarity,0,0.045454545454545456,4,0.046208408560562825,4
Semantic textual similarity,0,0.045454545454545456,5,0.03525757734715369,4
Semantic textual similarity,0,0.045454545454545456,6,0.028702560431190568,4
Semantic textual similarity,0,0.045454545454545456,7,0.024807406636007095,4
Semantic textual similarity,0,0.045454545454545456,8,0.02228224247195643,4
Semantic textual similarity,0,0.045454545454545456,9,0.02010793054466458,4
Semantic textual similarity,0,0.045454545454545456,10,0.019058497435782723,4
Semantic textual similarity,0,0.045454545454545456,11,0.01736241762898343,4
Semantic textual similarity,0,0.045454545454545456,12,0.016692584170211182,4
Semantic textual similarity,0,0.045454545454545456,13,0.015232889989442503,4
Semantic textual similarity,0,0.045454545454545456,14,0.014672121431882906,4
Semantic textual similarity,0,0.045454545454545456,15,0.01356648305494238,4
Semantic textual similarity,0,0.045454545454545456,16,0.01271207504521582,4
Semantic textual similarity,0,0.045454545454545456,17,0.012528128852813911,4
Semantic textual similarity,0,0.045454545454545456,18,0.01184214879664143,4
Semantic textual similarity,0,0.045454545454545456,19,0.01135755277416694,4
Semantic textual similarity,0,0.045454545454545456,20,0.010975420674856825,4
Semantic textual similarity,0,0.045454545454545456,21,0.01057647772963038,4
Semantic textual similarity,0,0.045454545454545456,22,0.010174809869566712,4
Semantic textual similarity,0,0.045454545454545456,23,0.009792529660044475,4
Semantic textual similarity,0,0.045454545454545456,24,0.009490131315907327,4
Semantic textual similarity,0,0.045454545454545456,25,0.00914598586098074,4
Semantic textual similarity,0,0.045454545454545456,26,0.008708432661687974,4
Semantic textual similarity,0,0.045454545454545456,27,0.008591392914672326,4
Semantic textual similarity,0,0.045454545454545456,28,0.008423989297469636,4
Semantic textual similarity,0,0.045454545454545456,29,0.008161301688068971,4
Semantic textual similarity,0,0.045454545454545456,30,0.007837325479739954,4
Semantic textual similarity,0,0.045454545454545456,31,0.007673850539804511,4
Semantic textual similarity,0,0.045454545454545456,32,0.007398542686466938,4
Semantic textual similarity,0,0.045454545454545456,33,0.00732866582351214,4
Semantic textual similarity,0,0.045454545454545456,34,0.0070771193441314575,4
Semantic textual similarity,0,0.045454545454545456,35,0.0068250854966132425,4
Semantic textual similarity,0,0.045454545454545456,36,0.0067342857762374385,4
Semantic textual similarity,0,0.045454545454545456,37,0.0065140820246017694,4
Semantic textual similarity,0,0.045454545454545456,38,0.006403140881165089,4
Semantic textual similarity,0,0.045454545454545456,39,0.00630040469011621,4
Semantic textual similarity,0,0.045454545454545456,40,0.006108863168176239,4
Semantic textual similarity,0,0.045454545454545456,41,0.0059938405987211545,4
Semantic textual similarity,0,0.045454545454545456,42,0.005820832450263611,4
Semantic textual similarity,0,0.045454545454545456,43,0.005735848766123247,4
Semantic textual similarity,0,0.045454545454545456,44,0.005592690676682359,4
Semantic textual similarity,0,0.045454545454545456,45,0.005438970298230497,4
Semantic textual similarity,0,0.045454545454545456,46,0.005388121165413151,4
Semantic textual similarity,0,0.045454545454545456,47,0.005209118909303744,4
Semantic textual similarity,0,0.045454545454545456,48,0.005145277978613064,4
Semantic textual similarity,0,0.045454545454545456,49,0.00502073119891684,4
Semantic textual similarity,0,0.045454545454545456,50,0.004940222451396067,4
Semantic textual similarity,0,0.045454545454545456,51,0.004879302739878564,4
Semantic textual similarity,0,0.045454545454545456,52,0.004753247741897734,4
Semantic textual similarity,0,0.045454545454545456,53,0.004705486242838329,4
Semantic textual similarity,0,0.045454545454545456,54,0.004628533324806934,4
Semantic textual similarity,0,0.045454545454545456,55,0.004545069472498675,4
Semantic textual similarity,0,0.045454545454545456,56,0.004417598508760729,4
Semantic textual similarity,0,0.045454545454545456,57,0.004351700878524177,4
Semantic textual similarity,0,0.045454545454545456,58,0.004248884675449496,4
Semantic textual similarity,0,0.045454545454545456,59,0.004207799670521317,4
Semantic textual similarity,0,0.045454545454545456,60,0.004166959338164983,4
Semantic textual similarity,0,0.045454545454545456,61,0.004055746450482444,4
Semantic textual similarity,0,0.045454545454545456,62,0.003992945624769768,4
Semantic textual similarity,0,0.045454545454545456,63,0.003934007508780073,4
Semantic textual similarity,0,0.045454545454545456,64,0.003870716712706522,4
Semantic textual similarity,0,0.045454545454545456,65,0.0037727351796596016,4
Semantic textual similarity,0,0.045454545454545456,66,0.0037425407334307514,4
Semantic textual similarity,0,0.045454545454545456,67,0.0036757902896419163,4
Semantic textual similarity,0,0.045454545454545456,68,0.003633675081472061,4
Semantic textual similarity,0,0.045454545454545456,69,0.003572672532907037,4
Semantic textual similarity,0,0.045454545454545456,70,0.0035115027394111973,4
Semantic textual similarity,0,0.045454545454545456,71,0.0034336369282914007,4
Semantic textual similarity,0,0.045454545454545456,72,0.0033941847624315135,4
Semantic textual similarity,0,0.045454545454545456,73,0.0033334042165907825,4
Semantic textual similarity,0,0.045454545454545456,74,0.003343805019259328,4
Semantic textual similarity,0,0.045454545454545456,75,0.0032542844249115865,4
Semantic textual similarity,0,0.045454545454545456,76,0.003195070706285733,4
Semantic textual similarity,0,0.045454545454545456,77,0.003149636316268729,4
Semantic textual similarity,0,0.045454545454545456,78,0.0031358904511988406,4
Semantic textual similarity,0,0.045454545454545456,79,0.0030583021759682536,4
Semantic textual similarity,0,0.045454545454545456,80,0.003011087639361407,4
Semantic textual similarity,1,0.13636363636363635,1,0.18509029838885455,4
Semantic textual similarity,1,0.13636363636363635,2,0.09582252486006616,4
Semantic textual similarity,1,0.13636363636363635,3,0.06356128352683801,4
Semantic textual similarity,1,0.13636363636363635,4,0.04451653387360968,4
Semantic textual similarity,1,0.13636363636363635,5,0.03293350640682949,4
Semantic textual similarity,1,0.13636363636363635,6,0.026243433583945815,4
Semantic textual similarity,1,0.13636363636363635,7,0.02314499104718745,4
Semantic textual similarity,1,0.13636363636363635,8,0.021411727661736303,4
Semantic textual similarity,1,0.13636363636363635,9,0.02010433128591483,4
Semantic textual similarity,1,0.13636363636363635,10,0.018995281569341004,4
Semantic textual similarity,1,0.13636363636363635,11,0.017440042911945036,4
Semantic textual similarity,1,0.13636363636363635,12,0.016239473867251823,4
Semantic textual similarity,1,0.13636363636363635,13,0.015308653827109154,4
Semantic textual similarity,1,0.13636363636363635,14,0.014464166315267103,4
Semantic textual similarity,1,0.13636363636363635,15,0.013675276897981606,4
Semantic textual similarity,1,0.13636363636363635,16,0.012866462490695835,4
Semantic textual similarity,1,0.13636363636363635,17,0.012488978809764746,4
Semantic textual similarity,1,0.13636363636363635,18,0.011901283112058968,4
Semantic textual similarity,1,0.13636363636363635,19,0.011348893893021923,4
Semantic textual similarity,1,0.13636363636363635,20,0.011023089414589812,4
Semantic textual similarity,1,0.13636363636363635,21,0.010548645900931592,4
Semantic textual similarity,1,0.13636363636363635,22,0.01034370511829208,4
Semantic textual similarity,1,0.13636363636363635,23,0.009928117587123003,4
Semantic textual similarity,1,0.13636363636363635,24,0.009583071133479459,4
Semantic textual similarity,1,0.13636363636363635,25,0.009129606797788656,4
Semantic textual similarity,1,0.13636363636363635,26,0.008917642864139758,4
Semantic textual similarity,1,0.13636363636363635,27,0.008644803580969695,4
Semantic textual similarity,1,0.13636363636363635,28,0.008401963690115418,4
Semantic textual similarity,1,0.13636363636363635,29,0.00823098318751942,4
Semantic textual similarity,1,0.13636363636363635,30,0.007825141592373247,4
Semantic textual similarity,1,0.13636363636363635,31,0.007629330907352773,4
Semantic textual similarity,1,0.13636363636363635,32,0.007576961209302296,4
Semantic textual similarity,1,0.13636363636363635,33,0.007397787954307317,4
Semantic textual similarity,1,0.13636363636363635,34,0.007245527763876723,4
Semantic textual similarity,1,0.13636363636363635,35,0.007004425975305951,4
Semantic textual similarity,1,0.13636363636363635,36,0.006854855814460751,4
Semantic textual similarity,1,0.13636363636363635,37,0.006667195501469688,4
Semantic textual similarity,1,0.13636363636363635,38,0.006426983933121741,4
Semantic textual similarity,1,0.13636363636363635,39,0.006411070888303467,4
Semantic textual similarity,1,0.13636363636363635,40,0.006192004782000583,4
Semantic textual similarity,1,0.13636363636363635,41,0.0059818811650040465,4
Semantic textual similarity,1,0.13636363636363635,42,0.0059004402576604015,4
Semantic textual similarity,1,0.13636363636363635,43,0.005745029355275632,4
Semantic textual similarity,1,0.13636363636363635,44,0.005688089927457971,4
Semantic textual similarity,1,0.13636363636363635,45,0.005592001447207378,4
Semantic textual similarity,1,0.13636363636363635,46,0.0054410046689540555,4
Semantic textual similarity,1,0.13636363636363635,47,0.005325673411476088,4
Semantic textual similarity,1,0.13636363636363635,48,0.005259799533609888,4
Semantic textual similarity,1,0.13636363636363635,49,0.005122630845184927,4
Semantic textual similarity,1,0.13636363636363635,50,0.0049550247203509765,4
Semantic textual similarity,1,0.13636363636363635,51,0.00489931870862354,4
Semantic textual similarity,1,0.13636363636363635,52,0.0047935048286584635,4
Semantic textual similarity,1,0.13636363636363635,53,0.004711997048836856,4
Semantic textual similarity,1,0.13636363636363635,54,0.0045935511610726235,4
Semantic textual similarity,1,0.13636363636363635,55,0.004593192130551413,4
Semantic textual similarity,1,0.13636363636363635,56,0.004461210808598245,4
Semantic textual similarity,1,0.13636363636363635,57,0.004358697522295165,4
Semantic textual similarity,1,0.13636363636363635,58,0.0042716871755928,4
Semantic textual similarity,1,0.13636363636363635,59,0.004222875991179479,4
Semantic textual similarity,1,0.13636363636363635,60,0.004212759438434133,4
Semantic textual similarity,1,0.13636363636363635,61,0.0040904296997946125,4
Semantic textual similarity,1,0.13636363636363635,62,0.004033756096982845,4
Semantic textual similarity,1,0.13636363636363635,63,0.0039830179833534075,4
Semantic textual similarity,1,0.13636363636363635,64,0.0038725063873192053,4
Semantic textual similarity,1,0.13636363636363635,65,0.0038168075630005205,4
Semantic textual similarity,1,0.13636363636363635,66,0.0037656080430819067,4
Semantic textual similarity,1,0.13636363636363635,67,0.0037007798924027263,4
Semantic textual similarity,1,0.13636363636363635,68,0.0035903187580572397,4
Semantic textual similarity,1,0.13636363636363635,69,0.0035499853351064815,4
Semantic textual similarity,1,0.13636363636363635,70,0.003477372487792448,4
Semantic textual similarity,1,0.13636363636363635,71,0.0034604169607470323,4
Semantic textual similarity,1,0.13636363636363635,72,0.0034038704685931554,4
Semantic textual similarity,1,0.13636363636363635,73,0.0033982574868899043,4
Semantic textual similarity,1,0.13636363636363635,74,0.0033130844925396575,4
Semantic textual similarity,1,0.13636363636363635,75,0.003271462970271484,4
Semantic textual similarity,1,0.13636363636363635,76,0.0032226535697296283,4
Semantic textual similarity,1,0.13636363636363635,77,0.0031192454257839832,4
Semantic textual similarity,1,0.13636363636363635,78,0.0031522005928919994,4
Semantic textual similarity,1,0.13636363636363635,79,0.0030713319025565873,4
Semantic textual similarity,1,0.13636363636363635,80,0.003036463810838161,4
Semantic textual similarity,2,0.22727272727272727,1,0.1800744676918367,4
Semantic textual similarity,2,0.22727272727272727,2,0.10960378605275065,4
Semantic textual similarity,2,0.22727272727272727,3,0.06763509539732565,4
Semantic textual similarity,2,0.22727272727272727,4,0.04485799095803568,4
Semantic textual similarity,2,0.22727272727272727,5,0.03312225825308055,4
Semantic textual similarity,2,0.22727272727272727,6,0.02640799715243061,4
Semantic textual similarity,2,0.22727272727272727,7,0.02418317389241004,4
Semantic textual similarity,2,0.22727272727272727,8,0.021952357157194426,4
Semantic textual similarity,2,0.22727272727272727,9,0.020547351610586632,4
Semantic textual similarity,2,0.22727272727272727,10,0.018596092625071677,4
Semantic textual similarity,2,0.22727272727272727,11,0.01782822306770583,4
Semantic textual similarity,2,0.22727272727272727,12,0.016555815178868873,4
Semantic textual similarity,2,0.22727272727272727,13,0.015217754787041534,4
Semantic textual similarity,2,0.22727272727272727,14,0.014422752163810582,4
Semantic textual similarity,2,0.22727272727272727,15,0.013693253076964411,4
Semantic textual similarity,2,0.22727272727272727,16,0.012973454972573911,4
Semantic textual similarity,2,0.22727272727272727,17,0.01227055007705222,4
Semantic textual similarity,2,0.22727272727272727,18,0.01171378002260821,4
Semantic textual similarity,2,0.22727272727272727,19,0.011211827173547444,4
Semantic textual similarity,2,0.22727272727272727,20,0.01070203629643059,4
Semantic textual similarity,2,0.22727272727272727,21,0.010340345275257285,4
Semantic textual similarity,2,0.22727272727272727,22,0.0098688896031685,4
Semantic textual similarity,2,0.22727272727272727,23,0.00959870861457656,4
Semantic textual similarity,2,0.22727272727272727,24,0.009211506630200497,4
Semantic textual similarity,2,0.22727272727272727,25,0.00877292006642158,4
Semantic textual similarity,2,0.22727272727272727,26,0.008501686744188285,4
Semantic textual similarity,2,0.22727272727272727,27,0.008308774508614721,4
Semantic textual similarity,2,0.22727272727272727,28,0.008101646546930177,4
Semantic textual similarity,2,0.22727272727272727,29,0.007708511520543139,4
Semantic textual similarity,2,0.22727272727272727,30,0.00752061127135983,4
Semantic textual similarity,2,0.22727272727272727,31,0.0074583085861547604,4
Semantic textual similarity,2,0.22727272727272727,32,0.007228673301562858,4
Semantic textual similarity,2,0.22727272727272727,33,0.006970499282658542,4
Semantic textual similarity,2,0.22727272727272727,34,0.006862484161835059,4
Semantic textual similarity,2,0.22727272727272727,35,0.006635619698419062,4
Semantic textual similarity,2,0.22727272727272727,36,0.006485093952412818,4
Semantic textual similarity,2,0.22727272727272727,37,0.006369550832112714,4
Semantic textual similarity,2,0.22727272727272727,38,0.006147752018251704,4
Semantic textual similarity,2,0.22727272727272727,39,0.006096873587312431,4
Semantic textual similarity,2,0.22727272727272727,40,0.005837255403072939,4
Semantic textual similarity,2,0.22727272727272727,41,0.005741129366225688,4
Semantic textual similarity,2,0.22727272727272727,42,0.005651137010944263,4
Semantic textual similarity,2,0.22727272727272727,43,0.005511015313377609,4
Semantic textual similarity,2,0.22727272727272727,44,0.005392649386242995,4
Semantic textual similarity,2,0.22727272727272727,45,0.005314067106428611,4
Semantic textual similarity,2,0.22727272727272727,46,0.005150061843228429,4
Semantic textual similarity,2,0.22727272727272727,47,0.005027066055351977,4
Semantic textual similarity,2,0.22727272727272727,48,0.004916394616442118,4
Semantic textual similarity,2,0.22727272727272727,49,0.004846657716910778,4
Semantic textual similarity,2,0.22727272727272727,50,0.004813887232861807,4
Semantic textual similarity,2,0.22727272727272727,51,0.004682559614180121,4
Semantic textual similarity,2,0.22727272727272727,52,0.0045556621893553285,4
Semantic textual similarity,2,0.22727272727272727,53,0.0044797427409070615,4
Semantic textual similarity,2,0.22727272727272727,54,0.004405844206867095,4
Semantic textual similarity,2,0.22727272727272727,55,0.004330647718038535,4
Semantic textual similarity,2,0.22727272727272727,56,0.00423653467878898,4
Semantic textual similarity,2,0.22727272727272727,57,0.004184735512430671,4
Semantic textual similarity,2,0.22727272727272727,58,0.004058222745357424,4
Semantic textual similarity,2,0.22727272727272727,59,0.004034091451745817,4
Semantic textual similarity,2,0.22727272727272727,60,0.0039678307216467045,4
Semantic textual similarity,2,0.22727272727272727,61,0.0039020448410323886,4
Semantic textual similarity,2,0.22727272727272727,62,0.003832974869948686,4
Semantic textual similarity,2,0.22727272727272727,63,0.0037573275798299943,4
Semantic textual similarity,2,0.22727272727272727,64,0.003724004432933727,4
Semantic textual similarity,2,0.22727272727272727,65,0.0036337437584608038,4
Semantic textual similarity,2,0.22727272727272727,66,0.0035719578462328977,4
Semantic textual similarity,2,0.22727272727272727,67,0.0034895631359406786,4
Semantic textual similarity,2,0.22727272727272727,68,0.0034473397870423746,4
Semantic textual similarity,2,0.22727272727272727,69,0.003423685422341421,4
Semantic textual similarity,2,0.22727272727272727,70,0.0033540604288379186,4
Semantic textual similarity,2,0.22727272727272727,71,0.003295328304280791,4
Semantic textual similarity,2,0.22727272727272727,72,0.003263312297487052,4
Semantic textual similarity,2,0.22727272727272727,73,0.0032320322623769987,4
Semantic textual similarity,2,0.22727272727272727,74,0.003140864686341246,4
Semantic textual similarity,2,0.22727272727272727,75,0.003130100388316492,4
Semantic textual similarity,2,0.22727272727272727,76,0.0030196717909649912,4
Semantic textual similarity,2,0.22727272727272727,77,0.0030449033793917384,4
Semantic textual similarity,2,0.22727272727272727,78,0.0029915593104135833,4
Semantic textual similarity,2,0.22727272727272727,79,0.002959516431294904,4
Semantic textual similarity,2,0.22727272727272727,80,0.002890342606819662,4
Semantic textual similarity,3,0.3181818181818182,1,0.18613478872343825,4
Semantic textual similarity,3,0.3181818181818182,2,0.12463811499875946,4
Semantic textual similarity,3,0.3181818181818182,3,0.06984994812957468,4
Semantic textual similarity,3,0.3181818181818182,4,0.04599743207204961,4
Semantic textual similarity,3,0.3181818181818182,5,0.03385411455253845,4
Semantic textual similarity,3,0.3181818181818182,6,0.028180584057822984,4
Semantic textual similarity,3,0.3181818181818182,7,0.024708690293678493,4
Semantic textual similarity,3,0.3181818181818182,8,0.02242483628739727,4
Semantic textual similarity,3,0.3181818181818182,9,0.02012374857126396,4
Semantic textual similarity,3,0.3181818181818182,10,0.01896469955351957,4
Semantic textual similarity,3,0.3181818181818182,11,0.017550664221491562,4
Semantic textual similarity,3,0.3181818181818182,12,0.016146119707474503,4
Semantic textual similarity,3,0.3181818181818182,13,0.01489327953067685,4
Semantic textual similarity,3,0.3181818181818182,14,0.014232564277294125,4
Semantic textual similarity,3,0.3181818181818182,15,0.013041737321738725,4
Semantic textual similarity,3,0.3181818181818182,16,0.012646697712767586,4
Semantic textual similarity,3,0.3181818181818182,17,0.011660712230416934,4
Semantic textual similarity,3,0.3181818181818182,18,0.011156840017840206,4
Semantic textual similarity,3,0.3181818181818182,19,0.010931964892130693,4
Semantic textual similarity,3,0.3181818181818182,20,0.01028343971505757,4
Semantic textual similarity,3,0.3181818181818182,21,0.009815308062609485,4
Semantic textual similarity,3,0.3181818181818182,22,0.009453433908984872,4
Semantic textual similarity,3,0.3181818181818182,23,0.009043767710161101,4
Semantic textual similarity,3,0.3181818181818182,24,0.008726629765534863,4
Semantic textual similarity,3,0.3181818181818182,25,0.008518164259126899,4
Semantic textual similarity,3,0.3181818181818182,26,0.00811477788994373,4
Semantic textual similarity,3,0.3181818181818182,27,0.007832709494275239,4
Semantic textual similarity,3,0.3181818181818182,28,0.007713046761491397,4
Semantic textual similarity,3,0.3181818181818182,29,0.007346785390741123,4
Semantic textual similarity,3,0.3181818181818182,30,0.007073894171170559,4
Semantic textual similarity,3,0.3181818181818182,31,0.006881891506253678,4
Semantic textual similarity,3,0.3181818181818182,32,0.006769095575873825,4
Semantic textual similarity,3,0.3181818181818182,33,0.006519794253087616,4
Semantic textual similarity,3,0.3181818181818182,34,0.0064121393979015215,4
Semantic textual similarity,3,0.3181818181818182,35,0.006133910491133436,4
Semantic textual similarity,3,0.3181818181818182,36,0.005999047462447192,4
Semantic textual similarity,3,0.3181818181818182,37,0.005905737699878811,4
Semantic textual similarity,3,0.3181818181818182,38,0.005817298804170104,4
Semantic textual similarity,3,0.3181818181818182,39,0.005639605497976373,4
Semantic textual similarity,3,0.3181818181818182,40,0.0054930653635275484,4
Semantic textual similarity,3,0.3181818181818182,41,0.005334178200996998,4
Semantic textual similarity,3,0.3181818181818182,42,0.005208716121681693,4
Semantic textual similarity,3,0.3181818181818182,43,0.005057887207081226,4
Semantic textual similarity,3,0.3181818181818182,44,0.004980024652287204,4
Semantic textual similarity,3,0.3181818181818182,45,0.004844162510031898,4
Semantic textual similarity,3,0.3181818181818182,46,0.004754050461417347,4
Semantic textual similarity,3,0.3181818181818182,47,0.004650562324790804,4
Semantic textual similarity,3,0.3181818181818182,48,0.004554902409828834,4
Semantic textual similarity,3,0.3181818181818182,49,0.004499032549581643,4
Semantic textual similarity,3,0.3181818181818182,50,0.004387159735172695,4
Semantic textual similarity,3,0.3181818181818182,51,0.00425415072322591,4
Semantic textual similarity,3,0.3181818181818182,52,0.0041706611296876694,4
Semantic textual similarity,3,0.3181818181818182,53,0.004135690492627719,4
Semantic textual similarity,3,0.3181818181818182,54,0.003971715610560796,4
Semantic textual similarity,3,0.3181818181818182,55,0.003977305004163178,4
Semantic textual similarity,3,0.3181818181818182,56,0.0038588293370638823,4
Semantic textual similarity,3,0.3181818181818182,57,0.0038273142453319757,4
Semantic textual similarity,3,0.3181818181818182,58,0.0037258378486882226,4
Semantic textual similarity,3,0.3181818181818182,59,0.003644740579949699,4
Semantic textual similarity,3,0.3181818181818182,60,0.0035822060640950237,4
Semantic textual similarity,3,0.3181818181818182,61,0.003487400412958706,4
Semantic textual similarity,3,0.3181818181818182,62,0.0034559357692950142,4
Semantic textual similarity,3,0.3181818181818182,63,0.0033719993240487064,4
Semantic textual similarity,3,0.3181818181818182,64,0.0033202856805453207,4
Semantic textual similarity,3,0.3181818181818182,65,0.0032844197839488115,4
Semantic textual similarity,3,0.3181818181818182,66,0.0032110775039085456,4
Semantic textual similarity,3,0.3181818181818182,67,0.0031482059782449684,4
Semantic textual similarity,3,0.3181818181818182,68,0.003088562204421193,4
Semantic textual similarity,3,0.3181818181818182,69,0.003069122958417386,4
Semantic textual similarity,3,0.3181818181818182,70,0.0030277647784449457,4
Semantic textual similarity,3,0.3181818181818182,71,0.002942239416410557,4
Semantic textual similarity,3,0.3181818181818182,72,0.0029134217801259294,4
Semantic textual similarity,3,0.3181818181818182,73,0.0028640807274394973,4
Semantic textual similarity,3,0.3181818181818182,74,0.0028161771148440236,4
Semantic textual similarity,3,0.3181818181818182,75,0.002782306137912487,4
Semantic textual similarity,3,0.3181818181818182,76,0.002738595777316252,4
Semantic textual similarity,3,0.3181818181818182,77,0.002668669210287515,4
Semantic textual similarity,3,0.3181818181818182,78,0.002654427257735178,4
Semantic textual similarity,3,0.3181818181818182,79,0.0025606484292176367,4
Semantic textual similarity,3,0.3181818181818182,80,0.00254445221299209,4
Semantic textual similarity,4,0.4090909090909091,1,0.21593380733316336,4
Semantic textual similarity,4,0.4090909090909091,2,0.12992945969641603,4
Semantic textual similarity,4,0.4090909090909091,3,0.07866634192625488,4
Semantic textual similarity,4,0.4090909090909091,4,0.043517801155508504,4
Semantic textual similarity,4,0.4090909090909091,5,0.03384114629732655,4
Semantic textual similarity,4,0.4090909090909091,6,0.028425544417333463,4
Semantic textual similarity,4,0.4090909090909091,7,0.02303123832771247,4
Semantic textual similarity,4,0.4090909090909091,8,0.02194224083006098,4
Semantic textual similarity,4,0.4090909090909091,9,0.019484362242606718,4
Semantic textual similarity,4,0.4090909090909091,10,0.018081099815785883,4
Semantic textual similarity,4,0.4090909090909091,11,0.016485336523314437,4
Semantic textual similarity,4,0.4090909090909091,12,0.015236896798633605,4
Semantic textual similarity,4,0.4090909090909091,13,0.013838943530760702,4
Semantic textual similarity,4,0.4090909090909091,14,0.013398751262129594,4
Semantic textual similarity,4,0.4090909090909091,15,0.012305789381388644,4
Semantic textual similarity,4,0.4090909090909091,16,0.011833806702257931,4
Semantic textual similarity,4,0.4090909090909091,17,0.011416274459893724,4
Semantic textual similarity,4,0.4090909090909091,18,0.010500761456718157,4
Semantic textual similarity,4,0.4090909090909091,19,0.009974544295715865,4
Semantic textual similarity,4,0.4090909090909091,20,0.009596191577691435,4
Semantic textual similarity,4,0.4090909090909091,21,0.009403026967283807,4
Semantic textual similarity,4,0.4090909090909091,22,0.008882168473926637,4
Semantic textual similarity,4,0.4090909090909091,23,0.008557499489444662,4
Semantic textual similarity,4,0.4090909090909091,24,0.00800581969846358,4
Semantic textual similarity,4,0.4090909090909091,25,0.007692395617513425,4
Semantic textual similarity,4,0.4090909090909091,26,0.00748290848165182,4
Semantic textual similarity,4,0.4090909090909091,27,0.007033466961329588,4
Semantic textual similarity,4,0.4090909090909091,28,0.006951968150316285,4
Semantic textual similarity,4,0.4090909090909091,29,0.00669709978537308,4
Semantic textual similarity,4,0.4090909090909091,30,0.006442681652277984,4
Semantic textual similarity,4,0.4090909090909091,31,0.006315171757347194,4
Semantic textual similarity,4,0.4090909090909091,32,0.006037298383544127,4
Semantic textual similarity,4,0.4090909090909091,33,0.005946970647740227,4
Semantic textual similarity,4,0.4090909090909091,34,0.005762095497206767,4
Semantic textual similarity,4,0.4090909090909091,35,0.005579925762074342,4
Semantic textual similarity,4,0.4090909090909091,36,0.005423610833971893,4
Semantic textual similarity,4,0.4090909090909091,37,0.005202579682389949,4
Semantic textual similarity,4,0.4090909090909091,38,0.005007990839242177,4
Semantic textual similarity,4,0.4090909090909091,39,0.004918156747304075,4
Semantic textual similarity,4,0.4090909090909091,40,0.0048156496613967455,4
Semantic textual similarity,4,0.4090909090909091,41,0.004702303417580541,4
Semantic textual similarity,4,0.4090909090909091,42,0.004682318657678241,4
Semantic textual similarity,4,0.4090909090909091,43,0.004474429075899232,4
Semantic textual similarity,4,0.4090909090909091,44,0.004402152138731563,4
Semantic textual similarity,4,0.4090909090909091,45,0.004260480751936701,4
Semantic textual similarity,4,0.4090909090909091,46,0.004145239618379528,4
Semantic textual similarity,4,0.4090909090909091,47,0.0041167108454243095,4
Semantic textual similarity,4,0.4090909090909091,48,0.004072944920214022,4
Semantic textual similarity,4,0.4090909090909091,49,0.003911971657437141,4
Semantic textual similarity,4,0.4090909090909091,50,0.0038608604840585713,4
Semantic textual similarity,4,0.4090909090909091,51,0.0037559140918551033,4
Semantic textual similarity,4,0.4090909090909091,52,0.003689117605162549,4
Semantic textual similarity,4,0.4090909090909091,53,0.003636858073143673,4
Semantic textual similarity,4,0.4090909090909091,54,0.0035418668617482624,4
Semantic textual similarity,4,0.4090909090909091,55,0.0034117643675454037,4
Semantic textual similarity,4,0.4090909090909091,56,0.0033993457402771835,4
Semantic textual similarity,4,0.4090909090909091,57,0.003351276997069704,4
Semantic textual similarity,4,0.4090909090909091,58,0.0032593448851012327,4
Semantic textual similarity,4,0.4090909090909091,59,0.003231244614503304,4
Semantic textual similarity,4,0.4090909090909091,60,0.0031863777069128327,4
Semantic textual similarity,4,0.4090909090909091,61,0.0030963461723661568,4
Semantic textual similarity,4,0.4090909090909091,62,0.0030701997575287763,4
Semantic textual similarity,4,0.4090909090909091,63,0.002996562357815257,4
Semantic textual similarity,4,0.4090909090909091,64,0.002969650198235979,4
Semantic textual similarity,4,0.4090909090909091,65,0.0028636116613797178,4
Semantic textual similarity,4,0.4090909090909091,66,0.0028820694645234944,4
Semantic textual similarity,4,0.4090909090909091,67,0.0028145321325142693,4
Semantic textual similarity,4,0.4090909090909091,68,0.0027441845011708997,4
Semantic textual similarity,4,0.4090909090909091,69,0.002720971775175037,4
Semantic textual similarity,4,0.4090909090909091,70,0.0026792755935502025,4
Semantic textual similarity,4,0.4090909090909091,71,0.0026348080014500317,4
Semantic textual similarity,4,0.4090909090909091,72,0.00255670916416742,4
Semantic textual similarity,4,0.4090909090909091,73,0.002542832764630052,4
Semantic textual similarity,4,0.4090909090909091,74,0.002480233478706209,4
Semantic textual similarity,4,0.4090909090909091,75,0.0024500421303323998,4
Semantic textual similarity,4,0.4090909090909091,76,0.0024151001102173985,4
Semantic textual similarity,4,0.4090909090909091,77,0.0023600005195743914,4
Semantic textual similarity,4,0.4090909090909091,78,0.0023794218383794245,4
Semantic textual similarity,4,0.4090909090909091,79,0.0023392765441142384,4
Semantic textual similarity,4,0.4090909090909091,80,0.0023128262030382707,4
Semantic textual similarity,5,0.5,1,0.23477740603323038,4
Semantic textual similarity,5,0.5,2,0.1280690003687907,4
Semantic textual similarity,5,0.5,3,0.07745232421415173,4
Semantic textual similarity,5,0.5,4,0.04260233946504774,4
Semantic textual similarity,5,0.5,5,0.03134408681158439,4
Semantic textual similarity,5,0.5,6,0.02804372646186011,4
Semantic textual similarity,5,0.5,7,0.023609232588133994,4
Semantic textual similarity,5,0.5,8,0.021540069830571735,4
Semantic textual similarity,5,0.5,9,0.019094870357864308,4
Semantic textual similarity,5,0.5,10,0.017803096232858286,4
Semantic textual similarity,5,0.5,11,0.01631665782249295,4
Semantic textual similarity,5,0.5,12,0.01474528053082085,4
Semantic textual similarity,5,0.5,13,0.01417459871486601,4
Semantic textual similarity,5,0.5,14,0.013073664563313263,4
Semantic textual similarity,5,0.5,15,0.012612776069396536,4
Semantic textual similarity,5,0.5,16,0.011556011522530905,4
Semantic textual similarity,5,0.5,17,0.010980563363973586,4
Semantic textual similarity,5,0.5,18,0.010436241044343174,4
Semantic textual similarity,5,0.5,19,0.009846346645488023,4
Semantic textual similarity,5,0.5,20,0.009322704757502695,4
Semantic textual similarity,5,0.5,21,0.00891941719871161,4
Semantic textual similarity,5,0.5,22,0.00852408370372821,4
Semantic textual similarity,5,0.5,23,0.008144115863825902,4
Semantic textual similarity,5,0.5,24,0.007807765830016683,4
Semantic textual similarity,5,0.5,25,0.00756600358073691,4
Semantic textual similarity,5,0.5,26,0.0073482327525657126,4
Semantic textual similarity,5,0.5,27,0.0070421976518602585,4
Semantic textual similarity,5,0.5,28,0.006619605532413416,4
Semantic textual similarity,5,0.5,29,0.00645846056994182,4
Semantic textual similarity,5,0.5,30,0.0061433176820657074,4
Semantic textual similarity,5,0.5,31,0.006150515076574577,4
Semantic textual similarity,5,0.5,32,0.005833382907763177,4
Semantic textual similarity,5,0.5,33,0.005712426339626525,4
Semantic textual similarity,5,0.5,34,0.00558093717240324,4
Semantic textual similarity,5,0.5,35,0.005334979032074867,4
Semantic textual similarity,5,0.5,36,0.005209737504691056,4
Semantic textual similarity,5,0.5,37,0.0050897605639336685,4
Semantic textual similarity,5,0.5,38,0.004948055812760269,4
Semantic textual similarity,5,0.5,39,0.004813890903931063,4
Semantic textual similarity,5,0.5,40,0.004720877869602219,4
Semantic textual similarity,5,0.5,41,0.004560688838249105,4
Semantic textual similarity,5,0.5,42,0.004455923109110087,4
Semantic textual similarity,5,0.5,43,0.004316727890326401,4
Semantic textual similarity,5,0.5,44,0.0042044538132504465,4
Semantic textual similarity,5,0.5,45,0.004170012100084041,4
Semantic textual similarity,5,0.5,46,0.004003069652050951,4
Semantic textual similarity,5,0.5,47,0.003915188543319591,4
Semantic textual similarity,5,0.5,48,0.0038803120596583216,4
Semantic textual similarity,5,0.5,49,0.0037843018255269353,4
Semantic textual similarity,5,0.5,50,0.0037020009713241903,4
Semantic textual similarity,5,0.5,51,0.003599747524347727,4
Semantic textual similarity,5,0.5,52,0.0035169246611343706,4
Semantic textual similarity,5,0.5,53,0.0034647040552657398,4
Semantic textual similarity,5,0.5,54,0.0034001696182386094,4
Semantic textual similarity,5,0.5,55,0.0033558510256506127,4
Semantic textual similarity,5,0.5,56,0.0032704612794884616,4
Semantic textual similarity,5,0.5,57,0.0031661574608270312,4
Semantic textual similarity,5,0.5,58,0.003125664437725866,4
Semantic textual similarity,5,0.5,59,0.003091866448968561,4
Semantic textual similarity,5,0.5,60,0.0030178053943955355,4
Semantic textual similarity,5,0.5,61,0.002974331405752248,4
Semantic textual similarity,5,0.5,62,0.00290640161876056,4
Semantic textual similarity,5,0.5,63,0.0028682463020390453,4
Semantic textual similarity,5,0.5,64,0.0027900170348138533,4
Semantic textual similarity,5,0.5,65,0.002757052339167629,4
Semantic textual similarity,5,0.5,66,0.002714075170893431,4
Semantic textual similarity,5,0.5,67,0.0026391898825143608,4
Semantic textual similarity,5,0.5,68,0.0026369506775524836,4
Semantic textual similarity,5,0.5,69,0.0025440613675519795,4
Semantic textual similarity,5,0.5,70,0.002535138765583374,4
Semantic textual similarity,5,0.5,71,0.0025175540128094835,4
Semantic textual similarity,5,0.5,72,0.002459619030642071,4
Semantic textual similarity,5,0.5,73,0.002408963081343985,4
Semantic textual similarity,5,0.5,74,0.002386139121073679,4
Semantic textual similarity,5,0.5,75,0.002316962503738968,4
Semantic textual similarity,5,0.5,76,0.0022994832227993755,4
Semantic textual similarity,5,0.5,77,0.0022855473301541824,4
Semantic textual similarity,5,0.5,78,0.0022096952221646697,4
Semantic textual similarity,5,0.5,79,0.002203527743197242,4
Semantic textual similarity,5,0.5,80,0.002176252510456501,4
Semantic textual similarity,6,0.5909090909090908,1,0.23219818550601523,4
Semantic textual similarity,6,0.5909090909090908,2,0.14879274149870644,4
Semantic textual similarity,6,0.5909090909090908,3,0.0867542990434748,4
Semantic textual similarity,6,0.5909090909090908,4,0.04317731131079383,4
Semantic textual similarity,6,0.5909090909090908,5,0.03157279341810753,4
Semantic textual similarity,6,0.5909090909090908,6,0.02569768200762005,4
Semantic textual similarity,6,0.5909090909090908,7,0.02156157818837657,4
Semantic textual similarity,6,0.5909090909090908,8,0.022120894402328933,4
Semantic textual similarity,6,0.5909090909090908,9,0.019076598261267355,4
Semantic textual similarity,6,0.5909090909090908,10,0.016935434412436706,4
Semantic textual similarity,6,0.5909090909090908,11,0.014745784869349854,4
Semantic textual similarity,6,0.5909090909090908,12,0.014693255668563509,4
Semantic textual similarity,6,0.5909090909090908,13,0.013718565473518636,4
Semantic textual similarity,6,0.5909090909090908,14,0.012399591981600244,4
Semantic textual similarity,6,0.5909090909090908,15,0.011554711079611635,4
Semantic textual similarity,6,0.5909090909090908,16,0.01077635581804492,4
Semantic textual similarity,6,0.5909090909090908,17,0.010551618791791794,4
Semantic textual similarity,6,0.5909090909090908,18,0.00984984419391785,4
Semantic textual similarity,6,0.5909090909090908,19,0.009035558051584834,4
Semantic textual similarity,6,0.5909090909090908,20,0.00887801396012835,4
Semantic textual similarity,6,0.5909090909090908,21,0.00830593171572657,4
Semantic textual similarity,6,0.5909090909090908,22,0.007872675357520051,4
Semantic textual similarity,6,0.5909090909090908,23,0.007627853060101499,4
Semantic textual similarity,6,0.5909090909090908,24,0.007380916024021019,4
Semantic textual similarity,6,0.5909090909090908,25,0.007149975856195246,4
Semantic textual similarity,6,0.5909090909090908,26,0.006754799157804171,4
Semantic textual similarity,6,0.5909090909090908,27,0.006514219528120654,4
Semantic textual similarity,6,0.5909090909090908,28,0.006354724540087462,4
Semantic textual similarity,6,0.5909090909090908,29,0.0060465785282455605,4
Semantic textual similarity,6,0.5909090909090908,30,0.005977153455382139,4
Semantic textual similarity,6,0.5909090909090908,31,0.005705670501743071,4
Semantic textual similarity,6,0.5909090909090908,32,0.0055432523491255395,4
Semantic textual similarity,6,0.5909090909090908,33,0.005437639874386795,4
Semantic textual similarity,6,0.5909090909090908,34,0.005203149872783894,4
Semantic textual similarity,6,0.5909090909090908,35,0.0050105616133874434,4
Semantic textual similarity,6,0.5909090909090908,36,0.004817271065299709,4
Semantic textual similarity,6,0.5909090909090908,37,0.004744553698751525,4
Semantic textual similarity,6,0.5909090909090908,38,0.004607229566220113,4
Semantic textual similarity,6,0.5909090909090908,39,0.004478008447160968,4
Semantic textual similarity,6,0.5909090909090908,40,0.004351842196882242,4
Semantic textual similarity,6,0.5909090909090908,41,0.004309787400464034,4
Semantic textual similarity,6,0.5909090909090908,42,0.004146501025083498,4
Semantic textual similarity,6,0.5909090909090908,43,0.004059257883731219,4
Semantic textual similarity,6,0.5909090909090908,44,0.003959182409528581,4
Semantic textual similarity,6,0.5909090909090908,45,0.003900328706104646,4
Semantic textual similarity,6,0.5909090909090908,46,0.003761802159065377,4
Semantic textual similarity,6,0.5909090909090908,47,0.0037123201432309088,4
Semantic textual similarity,6,0.5909090909090908,48,0.003573018232060716,4
Semantic textual similarity,6,0.5909090909090908,49,0.0035427968638771503,4
Semantic textual similarity,6,0.5909090909090908,50,0.0033977723018801843,4
Semantic textual similarity,6,0.5909090909090908,51,0.0033388933530933574,4
Semantic textual similarity,6,0.5909090909090908,52,0.0032919888928573176,4
Semantic textual similarity,6,0.5909090909090908,53,0.00322899854799093,4
Semantic textual similarity,6,0.5909090909090908,54,0.0031275054830623163,4
Semantic textual similarity,6,0.5909090909090908,55,0.003055823891245,4
Semantic textual similarity,6,0.5909090909090908,56,0.003030861829444624,4
Semantic textual similarity,6,0.5909090909090908,57,0.002936960410092961,4
Semantic textual similarity,6,0.5909090909090908,58,0.0028660329525691717,4
Semantic textual similarity,6,0.5909090909090908,59,0.002902295067710859,4
Semantic textual similarity,6,0.5909090909090908,60,0.0028056878369526078,4
Semantic textual similarity,6,0.5909090909090908,61,0.002734912878204261,4
Semantic textual similarity,6,0.5909090909090908,62,0.00269313339713728,4
Semantic textual similarity,6,0.5909090909090908,63,0.0026814866073632863,4
Semantic textual similarity,6,0.5909090909090908,64,0.002606154668153599,4
Semantic textual similarity,6,0.5909090909090908,65,0.0025474139225196966,4
Semantic textual similarity,6,0.5909090909090908,66,0.0025246418470055835,4
Semantic textual similarity,6,0.5909090909090908,67,0.002481224131460574,4
Semantic textual similarity,6,0.5909090909090908,68,0.002433343769040513,4
Semantic textual similarity,6,0.5909090909090908,69,0.0023874173204732835,4
Semantic textual similarity,6,0.5909090909090908,70,0.002360804290931598,4
Semantic textual similarity,6,0.5909090909090908,71,0.0023388960896349345,4
Semantic textual similarity,6,0.5909090909090908,72,0.0022720556543366064,4
Semantic textual similarity,6,0.5909090909090908,73,0.0022370259001171042,4
Semantic textual similarity,6,0.5909090909090908,74,0.0022303522022762592,4
Semantic textual similarity,6,0.5909090909090908,75,0.002184137393532022,4
Semantic textual similarity,6,0.5909090909090908,76,0.002159429060927836,4
Semantic textual similarity,6,0.5909090909090908,77,0.0020977027106461638,4
Semantic textual similarity,6,0.5909090909090908,78,0.0020768842812404417,4
Semantic textual similarity,6,0.5909090909090908,79,0.0020194222934882084,4
Semantic textual similarity,6,0.5909090909090908,80,0.002010921845280552,4
Semantic textual similarity,7,0.6818181818181819,1,0.24113244172739196,4
Semantic textual similarity,7,0.6818181818181819,2,0.14789831729794323,4
Semantic textual similarity,7,0.6818181818181819,3,0.08021660688076938,4
Semantic textual similarity,7,0.6818181818181819,4,0.04288874629700489,4
Semantic textual similarity,7,0.6818181818181819,5,0.03187781033975612,4
Semantic textual similarity,7,0.6818181818181819,6,0.026607942194250115,4
Semantic textual similarity,7,0.6818181818181819,7,0.02390381702892538,4
Semantic textual similarity,7,0.6818181818181819,8,0.02043897303712436,4
Semantic textual similarity,7,0.6818181818181819,9,0.01840837595377483,4
Semantic textual similarity,7,0.6818181818181819,10,0.017022156616977348,4
Semantic textual similarity,7,0.6818181818181819,11,0.01582612599008909,4
Semantic textual similarity,7,0.6818181818181819,12,0.014722980087025488,4
Semantic textual similarity,7,0.6818181818181819,13,0.013507585020814287,4
Semantic textual similarity,7,0.6818181818181819,14,0.012162064498332705,4
Semantic textual similarity,7,0.6818181818181819,15,0.011608500642820348,4
Semantic textual similarity,7,0.6818181818181819,16,0.010933798717351489,4
Semantic textual similarity,7,0.6818181818181819,17,0.010542688656359548,4
Semantic textual similarity,7,0.6818181818181819,18,0.009531619106630898,4
Semantic textual similarity,7,0.6818181818181819,19,0.009276627961350948,4
Semantic textual similarity,7,0.6818181818181819,20,0.008757597521423358,4
Semantic textual similarity,7,0.6818181818181819,21,0.008471355271894774,4
Semantic textual similarity,7,0.6818181818181819,22,0.007876601734367389,4
Semantic textual similarity,7,0.6818181818181819,23,0.007629599595229251,4
Semantic textual similarity,7,0.6818181818181819,24,0.007437755283877647,4
Semantic textual similarity,7,0.6818181818181819,25,0.007122961302927474,4
Semantic textual similarity,7,0.6818181818181819,26,0.006816495412713077,4
Semantic textual similarity,7,0.6818181818181819,27,0.006593003811816294,4
Semantic textual similarity,7,0.6818181818181819,28,0.00619164668366981,4
Semantic textual similarity,7,0.6818181818181819,29,0.006133805101869074,4
Semantic textual similarity,7,0.6818181818181819,30,0.005845499423559685,4
Semantic textual similarity,7,0.6818181818181819,31,0.0055876356774938185,4
Semantic textual similarity,7,0.6818181818181819,32,0.005431791064618023,4
Semantic textual similarity,7,0.6818181818181819,33,0.005357171842553384,4
Semantic textual similarity,7,0.6818181818181819,34,0.005159013469218352,4
Semantic textual similarity,7,0.6818181818181819,35,0.004938507341531692,4
Semantic textual similarity,7,0.6818181818181819,36,0.004789287346758692,4
Semantic textual similarity,7,0.6818181818181819,37,0.004650531542503303,4
Semantic textual similarity,7,0.6818181818181819,38,0.004613771806844434,4
Semantic textual similarity,7,0.6818181818181819,39,0.004481082305812281,4
Semantic textual similarity,7,0.6818181818181819,40,0.004289688002471007,4
Semantic textual similarity,7,0.6818181818181819,41,0.004129696262351628,4
Semantic textual similarity,7,0.6818181818181819,42,0.004085626155847838,4
Semantic textual similarity,7,0.6818181818181819,43,0.003982035779929847,4
Semantic textual similarity,7,0.6818181818181819,44,0.0038914441563380367,4
Semantic textual similarity,7,0.6818181818181819,45,0.003815258644204487,4
Semantic textual similarity,7,0.6818181818181819,46,0.0036555421830698166,4
Semantic textual similarity,7,0.6818181818181819,47,0.0035709472898524963,4
Semantic textual similarity,7,0.6818181818181819,48,0.0035284039401486935,4
Semantic textual similarity,7,0.6818181818181819,49,0.0034296249862210545,4
Semantic textual similarity,7,0.6818181818181819,50,0.0033474045680192722,4
Semantic textual similarity,7,0.6818181818181819,51,0.003318330670167436,4
Semantic textual similarity,7,0.6818181818181819,52,0.0032119281611389886,4
Semantic textual similarity,7,0.6818181818181819,53,0.0031519719156973686,4
Semantic textual similarity,7,0.6818181818181819,54,0.003084584234195771,4
Semantic textual similarity,7,0.6818181818181819,55,0.00301629470787287,4
Semantic textual similarity,7,0.6818181818181819,56,0.0029297355923455677,4
Semantic textual similarity,7,0.6818181818181819,57,0.002928992306486848,4
Semantic textual similarity,7,0.6818181818181819,58,0.002849573932469885,4
Semantic textual similarity,7,0.6818181818181819,59,0.002806188177297603,4
Semantic textual similarity,7,0.6818181818181819,60,0.00270972162977235,4
Semantic textual similarity,7,0.6818181818181819,61,0.002694363161241267,4
Semantic textual similarity,7,0.6818181818181819,62,0.0026211939781359828,4
Semantic textual similarity,7,0.6818181818181819,63,0.00264853571969617,4
Semantic textual similarity,7,0.6818181818181819,64,0.002550841058235154,4
Semantic textual similarity,7,0.6818181818181819,65,0.00250717492045658,4
Semantic textual similarity,7,0.6818181818181819,66,0.002487181198428245,4
Semantic textual similarity,7,0.6818181818181819,67,0.002408508305215219,4
Semantic textual similarity,7,0.6818181818181819,68,0.0023781003666375764,4
Semantic textual similarity,7,0.6818181818181819,69,0.0023377593772373763,4
Semantic textual similarity,7,0.6818181818181819,70,0.002311308580527103,4
Semantic textual similarity,7,0.6818181818181819,71,0.002246373360902511,4
Semantic textual similarity,7,0.6818181818181819,72,0.0022270909896567647,4
Semantic textual similarity,7,0.6818181818181819,73,0.0022027596184702562,4
Semantic textual similarity,7,0.6818181818181819,74,0.0021589137184309906,4
Semantic textual similarity,7,0.6818181818181819,75,0.0021157654072583363,4
Semantic textual similarity,7,0.6818181818181819,76,0.0020460610295945096,4
Semantic textual similarity,7,0.6818181818181819,77,0.0020513594555959607,4
Semantic textual similarity,7,0.6818181818181819,78,0.001976152183130344,4
Semantic textual similarity,7,0.6818181818181819,79,0.0019577443725527434,4
Semantic textual similarity,7,0.6818181818181819,80,0.0019475283073237997,4
Semantic textual similarity,8,0.7727272727272727,1,0.22579069151835618,4
Semantic textual similarity,8,0.7727272727272727,2,0.14215555449448938,4
Semantic textual similarity,8,0.7727272727272727,3,0.08132672755675198,4
Semantic textual similarity,8,0.7727272727272727,4,0.045252767825687684,4
Semantic textual similarity,8,0.7727272727272727,5,0.03385302154350449,4
Semantic textual similarity,8,0.7727272727272727,6,0.02849428524571734,4
Semantic textual similarity,8,0.7727272727272727,7,0.023875688021415865,4
Semantic textual similarity,8,0.7727272727272727,8,0.021924451168864958,4
Semantic textual similarity,8,0.7727272727272727,9,0.02000544321287451,4
Semantic textual similarity,8,0.7727272727272727,10,0.01747285673825403,4
Semantic textual similarity,8,0.7727272727272727,11,0.01593059096130059,4
Semantic textual similarity,8,0.7727272727272727,12,0.014844793265842284,4
Semantic textual similarity,8,0.7727272727272727,13,0.01362439196093273,4
Semantic textual similarity,8,0.7727272727272727,14,0.012897062210071416,4
Semantic textual similarity,8,0.7727272727272727,15,0.012003008106870576,4
Semantic textual similarity,8,0.7727272727272727,16,0.011179640227357167,4
Semantic textual similarity,8,0.7727272727272727,17,0.010644612442833686,4
Semantic textual similarity,8,0.7727272727272727,18,0.009737409059438226,4
Semantic textual similarity,8,0.7727272727272727,19,0.009626409191195253,4
Semantic textual similarity,8,0.7727272727272727,20,0.009269816111261094,4
Semantic textual similarity,8,0.7727272727272727,21,0.008545687261668315,4
Semantic textual similarity,8,0.7727272727272727,22,0.008166906756884777,4
Semantic textual similarity,8,0.7727272727272727,23,0.007959468488359708,4
Semantic textual similarity,8,0.7727272727272727,24,0.007566588739708175,4
Semantic textual similarity,8,0.7727272727272727,25,0.007227391719679724,4
Semantic textual similarity,8,0.7727272727272727,26,0.006949057166310973,4
Semantic textual similarity,8,0.7727272727272727,27,0.0067434706906718215,4
Semantic textual similarity,8,0.7727272727272727,28,0.0064628587333092945,4
Semantic textual similarity,8,0.7727272727272727,29,0.006194264338216783,4
Semantic textual similarity,8,0.7727272727272727,30,0.00590608691908246,4
Semantic textual similarity,8,0.7727272727272727,31,0.005806045519753436,4
Semantic textual similarity,8,0.7727272727272727,32,0.005599211985046243,4
Semantic textual similarity,8,0.7727272727272727,33,0.005418650092875404,4
Semantic textual similarity,8,0.7727272727272727,34,0.005247420407901292,4
Semantic textual similarity,8,0.7727272727272727,35,0.0051304306106628225,4
Semantic textual similarity,8,0.7727272727272727,36,0.004977549121027742,4
Semantic textual similarity,8,0.7727272727272727,37,0.00484548781098088,4
Semantic textual similarity,8,0.7727272727272727,38,0.004657639790478981,4
Semantic textual similarity,8,0.7727272727272727,39,0.004503037390560337,4
Semantic textual similarity,8,0.7727272727272727,40,0.004464745401071504,4
Semantic textual similarity,8,0.7727272727272727,41,0.004340735247714459,4
Semantic textual similarity,8,0.7727272727272727,42,0.004244355564191835,4
Semantic textual similarity,8,0.7727272727272727,43,0.004125638844546093,4
Semantic textual similarity,8,0.7727272727272727,44,0.004083171953193459,4
Semantic textual similarity,8,0.7727272727272727,45,0.003930071890249547,4
Semantic textual similarity,8,0.7727272727272727,46,0.0037767618305619634,4
Semantic textual similarity,8,0.7727272727272727,47,0.0036673459883571832,4
Semantic textual similarity,8,0.7727272727272727,48,0.00370306872214316,4
Semantic textual similarity,8,0.7727272727272727,49,0.0035137965522415767,4
Semantic textual similarity,8,0.7727272727272727,50,0.0034698194158110937,4
Semantic textual similarity,8,0.7727272727272727,51,0.0034544935257844467,4
Semantic textual similarity,8,0.7727272727272727,52,0.0033675907444245807,4
Semantic textual similarity,8,0.7727272727272727,53,0.003251848022135297,4
Semantic textual similarity,8,0.7727272727272727,54,0.0032737095496543655,4
Semantic textual similarity,8,0.7727272727272727,55,0.003161936756330909,4
Semantic textual similarity,8,0.7727272727272727,56,0.0030544237574377936,4
Semantic textual similarity,8,0.7727272727272727,57,0.003034444587951581,4
Semantic textual similarity,8,0.7727272727272727,58,0.002990649180804761,4
Semantic textual similarity,8,0.7727272727272727,59,0.0029264372996047967,4
Semantic textual similarity,8,0.7727272727272727,60,0.0028919834388011906,4
Semantic textual similarity,8,0.7727272727272727,61,0.0027953308051083215,4
Semantic textual similarity,8,0.7727272727272727,62,0.002700066340746627,4
Semantic textual similarity,8,0.7727272727272727,63,0.0026926691436978327,4
Semantic textual similarity,8,0.7727272727272727,64,0.002667682382233368,4
Semantic textual similarity,8,0.7727272727272727,65,0.002595114840860711,4
Semantic textual similarity,8,0.7727272727272727,66,0.00256550936839116,4
Semantic textual similarity,8,0.7727272727272727,67,0.0025140936372034356,4
Semantic textual similarity,8,0.7727272727272727,68,0.0024683974934097,4
Semantic textual similarity,8,0.7727272727272727,69,0.0024403967575375943,4
Semantic textual similarity,8,0.7727272727272727,70,0.002376984038074641,4
Semantic textual similarity,8,0.7727272727272727,71,0.002332894739039775,4
Semantic textual similarity,8,0.7727272727272727,72,0.0022961991833485734,4
Semantic textual similarity,8,0.7727272727272727,73,0.0022434509259095527,4
Semantic textual similarity,8,0.7727272727272727,74,0.00221337773423296,4
Semantic textual similarity,8,0.7727272727272727,75,0.0021626637288347313,4
Semantic textual similarity,8,0.7727272727272727,76,0.002118428834944892,4
Semantic textual similarity,8,0.7727272727272727,77,0.002120821942319816,4
Semantic textual similarity,8,0.7727272727272727,78,0.00207637500918124,4
Semantic textual similarity,8,0.7727272727272727,79,0.002056680790245371,4
Semantic textual similarity,8,0.7727272727272727,80,0.002019359625469486,4
Semantic textual similarity,9,0.8636363636363638,1,0.18822664258604882,4
Semantic textual similarity,9,0.8636363636363638,2,0.11533970524011505,4
Semantic textual similarity,9,0.8636363636363638,3,0.07885704019171653,4
Semantic textual similarity,9,0.8636363636363638,4,0.04544928362668152,4
Semantic textual similarity,9,0.8636363636363638,5,0.03706089517951237,4
Semantic textual similarity,9,0.8636363636363638,6,0.03060267977606284,4
Semantic textual similarity,9,0.8636363636363638,7,0.02655645980370394,4
Semantic textual similarity,9,0.8636363636363638,8,0.023969379904276333,4
Semantic textual similarity,9,0.8636363636363638,9,0.020985648211692746,4
Semantic textual similarity,9,0.8636363636363638,10,0.01923906643634228,4
Semantic textual similarity,9,0.8636363636363638,11,0.017607139576441506,4
Semantic textual similarity,9,0.8636363636363638,12,0.016562129017226188,4
Semantic textual similarity,9,0.8636363636363638,13,0.01527162855680044,4
Semantic textual similarity,9,0.8636363636363638,14,0.014584958672472267,4
Semantic textual similarity,9,0.8636363636363638,15,0.013391776555350598,4
Semantic textual similarity,9,0.8636363636363638,16,0.012557943588533124,4
Semantic textual similarity,9,0.8636363636363638,17,0.011848949956005599,4
Semantic textual similarity,9,0.8636363636363638,18,0.011266080967251953,4
Semantic textual similarity,9,0.8636363636363638,19,0.010713077161010456,4
Semantic textual similarity,9,0.8636363636363638,20,0.010312029548579512,4
Semantic textual similarity,9,0.8636363636363638,21,0.009792843228907508,4
Semantic textual similarity,9,0.8636363636363638,22,0.00943800575331995,4
Semantic textual similarity,9,0.8636363636363638,23,0.009013265830338932,4
Semantic textual similarity,9,0.8636363636363638,24,0.008493038465213588,4
Semantic textual similarity,9,0.8636363636363638,25,0.008223960000754565,4
Semantic textual similarity,9,0.8636363636363638,26,0.007941873230904322,4
Semantic textual similarity,9,0.8636363636363638,27,0.007730098891820037,4
Semantic textual similarity,9,0.8636363636363638,28,0.0075290706023085074,4
Semantic textual similarity,9,0.8636363636363638,29,0.0071888343587429415,4
Semantic textual similarity,9,0.8636363636363638,30,0.006921219249403463,4
Semantic textual similarity,9,0.8636363636363638,31,0.006681325623273303,4
Semantic textual similarity,9,0.8636363636363638,32,0.006501957359221373,4
Semantic textual similarity,9,0.8636363636363638,33,0.006275681624406087,4
Semantic textual similarity,9,0.8636363636363638,34,0.006123511975569659,4
Semantic textual similarity,9,0.8636363636363638,35,0.005899454235344276,4
Semantic textual similarity,9,0.8636363636363638,36,0.00585043459453367,4
Semantic textual similarity,9,0.8636363636363638,37,0.005625881953334145,4
Semantic textual similarity,9,0.8636363636363638,38,0.005467185850781946,4
Semantic textual similarity,9,0.8636363636363638,39,0.0053456979692046444,4
Semantic textual similarity,9,0.8636363636363638,40,0.0051807697937986145,4
Semantic textual similarity,9,0.8636363636363638,41,0.005080922037768431,4
Semantic textual similarity,9,0.8636363636363638,42,0.004884184830201006,4
Semantic textual similarity,9,0.8636363636363638,43,0.004834757933984387,4
Semantic textual similarity,9,0.8636363636363638,44,0.004686649061707918,4
Semantic textual similarity,9,0.8636363636363638,45,0.004611590268829118,4
Semantic textual similarity,9,0.8636363636363638,46,0.004554488432114399,4
Semantic textual similarity,9,0.8636363636363638,47,0.00442849257775071,4
Semantic textual similarity,9,0.8636363636363638,48,0.0042871373522068695,4
Semantic textual similarity,9,0.8636363636363638,49,0.004185180447134387,4
Semantic textual similarity,9,0.8636363636363638,50,0.00410950611997637,4
Semantic textual similarity,9,0.8636363636363638,51,0.004050704027067669,4
Semantic textual similarity,9,0.8636363636363638,52,0.003979240041471038,4
Semantic textual similarity,9,0.8636363636363638,53,0.003898994136338364,4
Semantic textual similarity,9,0.8636363636363638,54,0.003816336646538118,4
Semantic textual similarity,9,0.8636363636363638,55,0.0037035221486684954,4
Semantic textual similarity,9,0.8636363636363638,56,0.003574278013807574,4
Semantic textual similarity,9,0.8636363636363638,57,0.0035537157430641396,4
Semantic textual similarity,9,0.8636363636363638,58,0.003476294878795359,4
Semantic textual similarity,9,0.8636363636363638,59,0.0034277066264516774,4
Semantic textual similarity,9,0.8636363636363638,60,0.003334775402963883,4
Semantic textual similarity,9,0.8636363636363638,61,0.003289926884401894,4
Semantic textual similarity,9,0.8636363636363638,62,0.003186877534114476,4
Semantic textual similarity,9,0.8636363636363638,63,0.0031638483238171735,4
Semantic textual similarity,9,0.8636363636363638,64,0.003088782812326344,4
Semantic textual similarity,9,0.8636363636363638,65,0.0031031619114802993,4
Semantic textual similarity,9,0.8636363636363638,66,0.00300319025261314,4
Semantic textual similarity,9,0.8636363636363638,67,0.0029655356416012765,4
Semantic textual similarity,9,0.8636363636363638,68,0.002916968818318766,4
Semantic textual similarity,9,0.8636363636363638,69,0.00284024342830428,4
Semantic textual similarity,9,0.8636363636363638,70,0.002792553654618585,4
Semantic textual similarity,9,0.8636363636363638,71,0.0027307380520290693,4
Semantic textual similarity,9,0.8636363636363638,72,0.0027186478015161354,4
Semantic textual similarity,9,0.8636363636363638,73,0.0026476439621153525,4
Semantic textual similarity,9,0.8636363636363638,74,0.0025778093067338574,4
Semantic textual similarity,9,0.8636363636363638,75,0.00258726133827422,4
Semantic textual similarity,9,0.8636363636363638,76,0.0025253694265746835,4
Semantic textual similarity,9,0.8636363636363638,77,0.002518274692261496,4
Semantic textual similarity,9,0.8636363636363638,78,0.002458095340495864,4
Semantic textual similarity,9,0.8636363636363638,79,0.0024062696190155133,4
Semantic textual similarity,9,0.8636363636363638,80,0.0023736993255420434,4
Semantic textual similarity,10,0.9545454545454546,1,0.12495931360209121,4
Semantic textual similarity,10,0.9545454545454546,2,0.08268198780362593,4
Semantic textual similarity,10,0.9545454545454546,3,0.057622439844900064,4
Semantic textual similarity,10,0.9545454545454546,4,0.04344950895251662,4
Semantic textual similarity,10,0.9545454545454546,5,0.03735084684652859,4
Semantic textual similarity,10,0.9545454545454546,6,0.03189051885762966,4
Semantic textual similarity,10,0.9545454545454546,7,0.02746606362149446,4
Semantic textual similarity,10,0.9545454545454546,8,0.02460126279722389,4
Semantic textual similarity,10,0.9545454545454546,9,0.021970007479897007,4
Semantic textual similarity,10,0.9545454545454546,10,0.02049436636878826,4
Semantic textual similarity,10,0.9545454545454546,11,0.0190823260667374,4
Semantic textual similarity,10,0.9545454545454546,12,0.017911633490640257,4
Semantic textual similarity,10,0.9545454545454546,13,0.016828823161205667,4
Semantic textual similarity,10,0.9545454545454546,14,0.015999037201185517,4
Semantic textual similarity,10,0.9545454545454546,15,0.015096171397226304,4
Semantic textual similarity,10,0.9545454545454546,16,0.014423658681586151,4
Semantic textual similarity,10,0.9545454545454546,17,0.013733094668826752,4
Semantic textual similarity,10,0.9545454545454546,18,0.013126684348776813,4
Semantic textual similarity,10,0.9545454545454546,19,0.01257716597594971,4
Semantic textual similarity,10,0.9545454545454546,20,0.012234807339964154,4
Semantic textual similarity,10,0.9545454545454546,21,0.011758664538048899,4
Semantic textual similarity,10,0.9545454545454546,22,0.011257806111539464,4
Semantic textual similarity,10,0.9545454545454546,23,0.010871892637392364,4
Semantic textual similarity,10,0.9545454545454546,24,0.010492470690237237,4
Semantic textual similarity,10,0.9545454545454546,25,0.01015334608022999,4
Semantic textual similarity,10,0.9545454545454546,26,0.010012427449046207,4
Semantic textual similarity,10,0.9545454545454546,27,0.009640075619127204,4
Semantic textual similarity,10,0.9545454545454546,28,0.009357385623238828,4
Semantic textual similarity,10,0.9545454545454546,29,0.009081490857359256,4
Semantic textual similarity,10,0.9545454545454546,30,0.008864219306647964,4
Semantic textual similarity,10,0.9545454545454546,31,0.008565489400467136,4
Semantic textual similarity,10,0.9545454545454546,32,0.008360642273452509,4
Semantic textual similarity,10,0.9545454545454546,33,0.0081441979600663,4
Semantic textual similarity,10,0.9545454545454546,34,0.008034458874266114,4
Semantic textual similarity,10,0.9545454545454546,35,0.007883661494160232,4
Semantic textual similarity,10,0.9545454545454546,36,0.007594940917843959,4
Semantic textual similarity,10,0.9545454545454546,37,0.007451098688367725,4
Semantic textual similarity,10,0.9545454545454546,38,0.00733414838882621,4
Semantic textual similarity,10,0.9545454545454546,39,0.007210065109110649,4
Semantic textual similarity,10,0.9545454545454546,40,0.007009910366211447,4
Semantic textual similarity,10,0.9545454545454546,41,0.006833302751079332,4
Semantic textual similarity,10,0.9545454545454546,42,0.006727181622915092,4
Semantic textual similarity,10,0.9545454545454546,43,0.0066025032175796245,4
Semantic textual similarity,10,0.9545454545454546,44,0.006458142057790106,4
Semantic textual similarity,10,0.9545454545454546,45,0.006240802212394831,4
Semantic textual similarity,10,0.9545454545454546,46,0.0062034972199906425,4
Semantic textual similarity,10,0.9545454545454546,47,0.0061217353876806355,4
Semantic textual similarity,10,0.9545454545454546,48,0.005934317497639331,4
Semantic textual similarity,10,0.9545454545454546,49,0.005850013619330321,4
Semantic textual similarity,10,0.9545454545454546,50,0.005751170073307699,4
Semantic textual similarity,10,0.9545454545454546,51,0.00568780368914036,4
Semantic textual similarity,10,0.9545454545454546,52,0.005551817630114024,4
Semantic textual similarity,10,0.9545454545454546,53,0.005443134324280479,4
Semantic textual similarity,10,0.9545454545454546,54,0.0053814072735090665,4
Semantic textual similarity,10,0.9545454545454546,55,0.005265396632186629,4
Semantic textual similarity,10,0.9545454545454546,56,0.005186747719060418,4
Semantic textual similarity,10,0.9545454545454546,57,0.005072056191116012,4
Semantic textual similarity,10,0.9545454545454546,58,0.005042700009403574,4
Semantic textual similarity,10,0.9545454545454546,59,0.004919781948106839,4
Semantic textual similarity,10,0.9545454545454546,60,0.004811151536663992,4
Semantic textual similarity,10,0.9545454545454546,61,0.004753244656147174,4
Semantic textual similarity,10,0.9545454545454546,62,0.004671042120653995,4
Semantic textual similarity,10,0.9545454545454546,63,0.0046130884412702595,4
Semantic textual similarity,10,0.9545454545454546,64,0.00452494814154096,4
Semantic textual similarity,10,0.9545454545454546,65,0.004461164487929556,4
Semantic textual similarity,10,0.9545454545454546,66,0.004384683997678385,4
Semantic textual similarity,10,0.9545454545454546,67,0.004321388276729404,4
Semantic textual similarity,10,0.9545454545454546,68,0.004255563116185147,4
Semantic textual similarity,10,0.9545454545454546,69,0.004181681916113333,4
Semantic textual similarity,10,0.9545454545454546,70,0.004138008258458865,4
Semantic textual similarity,10,0.9545454545454546,71,0.004072385183337699,4
Semantic textual similarity,10,0.9545454545454546,72,0.004008007772817894,4
Semantic textual similarity,10,0.9545454545454546,73,0.003934051890986924,4
Semantic textual similarity,10,0.9545454545454546,74,0.0038769856630658066,4
Semantic textual similarity,10,0.9545454545454546,75,0.0038285053016761062,4
Semantic textual similarity,10,0.9545454545454546,76,0.003754342391300367,4
Semantic textual similarity,10,0.9545454545454546,77,0.003718097354004521,4
Semantic textual similarity,10,0.9545454545454546,78,0.003649800499968588,4
Semantic textual similarity,10,0.9545454545454546,79,0.003614379167943835,4
Semantic textual similarity,10,0.9545454545454546,80,0.003575857856468067,4
