metric,task,model,seed,pearson,spearman,kendall,distance,family
Anisotropy,ArXivHierarchicalClusteringP2P,bge_base_en_v15,11,0.706751979956453,0.4755244755244756,0.3636363636363636,0.7148010017399327,Cluster-organized
Anisotropy,ArXivHierarchicalClusteringP2P,bge_base_en_v15,22,0.6818554871740159,0.4335664335664336,0.303030303030303,0.7185657525316985,Cluster-organized
Anisotropy,ArXivHierarchicalClusteringP2P,bge_base_en_v15,33,0.6458462234995896,0.4475524475524475,0.3333333333333333,0.6909688869397946,Cluster-organized
Anisotropy,ArXivHierarchicalClusteringP2P,bge_base_en_v15,44,0.771679225604315,0.4265734265734266,0.303030303030303,0.790860702558804,Cluster-organized
Curvature,ArXivHierarchicalClusteringP2P,bge_base_en_v15,11,-0.2307819760191458,-0.2307692307692307,-0.1515151515151515,0.3958605741322257,Cluster-organized
Curvature,ArXivHierarchicalClusteringP2P,bge_base_en_v15,22,-0.3361634637480121,-0.4475524475524475,-0.2727272727272727,0.4724470169702971,Cluster-organized
Curvature,ArXivHierarchicalClusteringP2P,bge_base_en_v15,33,-0.3803496760833041,-0.3986013986013986,-0.2424242424242424,0.4619676146608715,Cluster-organized
Curvature,ArXivHierarchicalClusteringP2P,bge_base_en_v15,44,-0.2794634786374859,-0.4195804195804196,-0.2727272727272727,0.4708929252845645,Cluster-organized
DiME,ArXivHierarchicalClusteringP2P,bge_base_en_v15,11,0.6873133603266632,0.5174825174825175,0.3939393939393938,0.6995305026572679,Cluster-organized
DiME,ArXivHierarchicalClusteringP2P,bge_base_en_v15,22,0.6783816468819863,0.4825174825174825,0.3333333333333333,0.7142719249609867,Cluster-organized
DiME,ArXivHierarchicalClusteringP2P,bge_base_en_v15,33,0.6511464076205943,0.4965034965034965,0.3636363636363636,0.6918819064236934,Cluster-organized
DiME,ArXivHierarchicalClusteringP2P,bge_base_en_v15,44,0.7679579110022821,0.4825174825174825,0.3333333333333333,0.7833998720329544,Cluster-organized
Harmora,ArXivHierarchicalClusteringP2P,bge_base_en_v15,11,0.3256627041241554,0.2937062937062937,0.2424242424242424,0.4258949153911615,Cluster-organized
Harmora,ArXivHierarchicalClusteringP2P,bge_base_en_v15,22,0.3171988307802844,0.2447552447552448,0.1818181818181818,0.410827766290483,Cluster-organized
Harmora,ArXivHierarchicalClusteringP2P,bge_base_en_v15,33,0.3289617492913951,0.2587412587412587,0.2121212121212121,0.4278190852184991,Cluster-organized
Harmora,ArXivHierarchicalClusteringP2P,bge_base_en_v15,44,0.4005302265017116,0.2377622377622378,0.1818181818181818,0.4524577232620867,Cluster-organized
InfoNCE,ArXivHierarchicalClusteringP2P,bge_base_en_v15,11,0.7223944259996479,0.5174825174825175,0.3939393939393938,0.7285580205886883,Cluster-organized
InfoNCE,ArXivHierarchicalClusteringP2P,bge_base_en_v15,22,0.698713194731652,0.4825174825174825,0.3333333333333333,0.733484579639103,Cluster-organized
InfoNCE,ArXivHierarchicalClusteringP2P,bge_base_en_v15,33,0.6626562457298437,0.4965034965034965,0.3636363636363636,0.7056823377812678,Cluster-organized
InfoNCE,ArXivHierarchicalClusteringP2P,bge_base_en_v15,44,0.7869955528815213,0.4825174825174825,0.3333333333333333,0.8057944441374703,Cluster-organized
LiDAR,ArXivHierarchicalClusteringP2P,bge_base_en_v15,11,0.459150101123105,0.4965034965034965,0.3636363636363636,0.5309320446843772,Cluster-organized
LiDAR,ArXivHierarchicalClusteringP2P,bge_base_en_v15,22,0.4743508401379176,0.5244755244755246,0.4242424242424242,0.5256423513737356,Cluster-organized
LiDAR,ArXivHierarchicalClusteringP2P,bge_base_en_v15,33,0.5030460430726875,0.5174825174825175,0.3939393939393938,0.5511992738754162,Cluster-organized
LiDAR,ArXivHierarchicalClusteringP2P,bge_base_en_v15,44,0.5162505267431723,0.5244755244755246,0.4242424242424242,0.5555610560065948,Cluster-organized
Matrix entropy,ArXivHierarchicalClusteringP2P,bge_base_en_v15,11,0.7101917703706354,0.5174825174825175,0.3939393939393938,0.72225444399011,Cluster-organized
Matrix entropy,ArXivHierarchicalClusteringP2P,bge_base_en_v15,22,0.6907205989484028,0.4825174825174825,0.3333333333333333,0.7295847337552783,Cluster-organized
Matrix entropy,ArXivHierarchicalClusteringP2P,bge_base_en_v15,33,0.656546076711104,0.4965034965034965,0.3636363636363636,0.7044991366949138,Cluster-organized
Matrix entropy,ArXivHierarchicalClusteringP2P,bge_base_en_v15,44,0.7811418771027216,0.4825174825174825,0.3333333333333333,0.8003949418282112,Cluster-organized
Participation ratio,ArXivHierarchicalClusteringP2P,bge_base_en_v15,11,0.7933114742212948,0.5174825174825175,0.3939393939393938,0.7938135419877453,Cluster-organized
Participation ratio,ArXivHierarchicalClusteringP2P,bge_base_en_v15,22,0.8093114309237537,0.5314685314685316,0.3939393939393938,0.8225714460398725,Cluster-organized
Participation ratio,ArXivHierarchicalClusteringP2P,bge_base_en_v15,33,0.7697057495916779,0.5104895104895105,0.3636363636363636,0.8030674217898082,Cluster-organized
Participation ratio,ArXivHierarchicalClusteringP2P,bge_base_en_v15,44,0.8792423943911721,0.5244755244755246,0.3939393939393938,0.882228526613799,Cluster-organized
Spectral gap,ArXivHierarchicalClusteringP2P,bge_base_en_v15,11,0.6736015413327181,0.4755244755244756,0.3333333333333333,0.7401278654164781,Cluster-organized
Spectral gap,ArXivHierarchicalClusteringP2P,bge_base_en_v15,22,0.7063664040573945,0.5804195804195805,0.4545454545454545,0.7610498837478553,Cluster-organized
Spectral gap,ArXivHierarchicalClusteringP2P,bge_base_en_v15,33,0.6856570594243393,0.5524475524475525,0.4242424242424242,0.7652714843820634,Cluster-organized
Spectral gap,ArXivHierarchicalClusteringP2P,bge_base_en_v15,44,0.757860917701479,0.5594405594405596,0.4545454545454545,0.8000355899437521,Cluster-organized
Anisotropy,ArXivHierarchicalClusteringP2P,bge_large_en_v15,11,0.312649027429652,-0.0478260869565217,-0.0579710144927536,0.5444453939707198,Cluster-organized
Anisotropy,ArXivHierarchicalClusteringP2P,bge_large_en_v15,22,0.2351525981497114,-0.0234782608695652,-0.036231884057971,0.4946711174478662,Cluster-organized
Anisotropy,ArXivHierarchicalClusteringP2P,bge_large_en_v15,33,0.2381332309901852,-0.0347826086956521,-0.0217391304347826,0.5341891036700923,Cluster-organized
Anisotropy,ArXivHierarchicalClusteringP2P,bge_large_en_v15,44,0.2905099434831595,-0.077391304347826,-0.1014492753623188,0.583095858042521,Cluster-organized
Curvature,ArXivHierarchicalClusteringP2P,bge_large_en_v15,11,-0.5863050767035873,-0.7078260869565216,-0.5217391304347826,0.7388721120973826,Cluster-organized
Curvature,ArXivHierarchicalClusteringP2P,bge_large_en_v15,22,-0.6295447939714751,-0.6652173913043479,-0.4710144927536232,0.7152433589888064,Cluster-organized
Curvature,ArXivHierarchicalClusteringP2P,bge_large_en_v15,33,-0.6322836497938228,-0.7095652173913043,-0.5289855072463768,0.7580930439756128,Cluster-organized
Curvature,ArXivHierarchicalClusteringP2P,bge_large_en_v15,44,-0.5875505222099011,-0.6713043478260868,-0.4782608695652174,0.7375475566166286,Cluster-organized
DiME,ArXivHierarchicalClusteringP2P,bge_large_en_v15,11,0.1454958140999995,-0.0843478260869565,-0.072463768115942,0.4669432176619436,Cluster-organized
DiME,ArXivHierarchicalClusteringP2P,bge_large_en_v15,22,0.0702996998875237,-0.0617391304347826,-0.0652173913043478,0.4318036256063752,Cluster-organized
DiME,ArXivHierarchicalClusteringP2P,bge_large_en_v15,33,0.058942845135228,-0.0678260869565217,-0.036231884057971,0.476803733575285,Cluster-organized
DiME,ArXivHierarchicalClusteringP2P,bge_large_en_v15,44,0.1053622456483272,-0.1113043478260869,-0.1159420289855072,0.517168623665872,Cluster-organized
Harmora,ArXivHierarchicalClusteringP2P,bge_large_en_v15,11,0.0196447256317612,-0.168695652173913,-0.108695652173913,0.3867594054431367,Cluster-organized
Harmora,ArXivHierarchicalClusteringP2P,bge_large_en_v15,22,-0.0449462063388673,-0.1608695652173912,-0.1304347826086956,0.363032676789278,Cluster-organized
Harmora,ArXivHierarchicalClusteringP2P,bge_large_en_v15,33,-0.0899806209682045,-0.1895652173913043,-0.1159420289855072,0.4177442950875922,Cluster-organized
Harmora,ArXivHierarchicalClusteringP2P,bge_large_en_v15,44,-0.0459358595912751,-0.1921739130434782,-0.1231884057971014,0.4428362084895794,Cluster-organized
InfoNCE,ArXivHierarchicalClusteringP2P,bge_large_en_v15,11,0.3901872446534475,-0.0121739130434782,-0.0144927536231884,0.5627361142000614,Cluster-organized
InfoNCE,ArXivHierarchicalClusteringP2P,bge_large_en_v15,22,0.3178507736279871,0.0217391304347826,0.0072463768115942,0.5109052133443323,Cluster-organized
InfoNCE,ArXivHierarchicalClusteringP2P,bge_large_en_v15,33,0.32259658993292,0.0191304347826086,0.0217391304347826,0.5500895745974461,Cluster-organized
InfoNCE,ArXivHierarchicalClusteringP2P,bge_large_en_v15,44,0.3732213235821018,-0.0382608695652173,-0.0579710144927536,0.5958393897781639,Cluster-organized
LiDAR,ArXivHierarchicalClusteringP2P,bge_large_en_v15,11,0.4408279899092888,0.0878260869565217,0.0869565217391304,0.4713998842219189,Cluster-organized
LiDAR,ArXivHierarchicalClusteringP2P,bge_large_en_v15,22,0.3677334029604634,0.1191304347826086,0.0797101449275362,0.4250435972388331,Cluster-organized
LiDAR,ArXivHierarchicalClusteringP2P,bge_large_en_v15,33,0.3403440672410728,0.0834782608695652,0.0652173913043478,0.4420920772045778,Cluster-organized
LiDAR,ArXivHierarchicalClusteringP2P,bge_large_en_v15,44,0.3856085941681451,0.0869565217391304,0.0434782608695652,0.4770751184245801,Cluster-organized
Matrix entropy,ArXivHierarchicalClusteringP2P,bge_large_en_v15,11,0.3413084190382079,-0.0217391304347826,-0.0217391304347826,0.5503022281258513,Cluster-organized
Matrix entropy,ArXivHierarchicalClusteringP2P,bge_large_en_v15,22,0.2688252168778943,0.0130434782608695,0.0,0.5006017969561433,Cluster-organized
Matrix entropy,ArXivHierarchicalClusteringP2P,bge_large_en_v15,33,0.2692791761078819,-0.0026086956521739,0.0,0.5399246759048962,Cluster-organized
Matrix entropy,ArXivHierarchicalClusteringP2P,bge_large_en_v15,44,0.3187096690115642,-0.0504347826086956,-0.0652173913043478,0.5868304408747602,Cluster-organized
Participation ratio,ArXivHierarchicalClusteringP2P,bge_large_en_v15,11,0.527914288145505,0.1417391304347826,0.0942028985507246,0.6071351336190868,Cluster-organized
Participation ratio,ArXivHierarchicalClusteringP2P,bge_large_en_v15,22,0.506234258309266,0.128695652173913,0.0869565217391304,0.5746961836950659,Cluster-organized
Participation ratio,ArXivHierarchicalClusteringP2P,bge_large_en_v15,33,0.5431329905650506,0.2156521739130434,0.144927536231884,0.5924396157629734,Cluster-organized
Participation ratio,ArXivHierarchicalClusteringP2P,bge_large_en_v15,44,0.5734579434132205,0.1930434782608695,0.1376811594202898,0.6335538828595201,Cluster-organized
Spectral gap,ArXivHierarchicalClusteringP2P,bge_large_en_v15,11,0.2245821707355675,0.1147826086956521,0.0797101449275362,0.473717808559023,Cluster-organized
Spectral gap,ArXivHierarchicalClusteringP2P,bge_large_en_v15,22,0.2110195211250735,0.0808695652173912,0.0434782608695652,0.4462438774444729,Cluster-organized
Spectral gap,ArXivHierarchicalClusteringP2P,bge_large_en_v15,33,0.2480291771792306,0.1739130434782608,0.1159420289855072,0.4513852190942141,Cluster-organized
Spectral gap,ArXivHierarchicalClusteringP2P,bge_large_en_v15,44,0.2685202768405734,0.1678260869565217,0.1376811594202898,0.4916972526230111,Cluster-organized
Anisotropy,ArXivHierarchicalClusteringP2P,e5_base_v2,11,-0.2561720746848676,-0.4285714285714285,-0.3333333333333332,0.520671732615236,Cluster-organized
Anisotropy,ArXivHierarchicalClusteringP2P,e5_base_v2,22,-0.3093830350846819,-0.5274725274725275,-0.4615384615384614,0.5866040790676276,Cluster-organized
Anisotropy,ArXivHierarchicalClusteringP2P,e5_base_v2,33,-0.3032066053094344,-0.2802197802197803,-0.2051282051282051,0.4868771227582364,Cluster-organized
Anisotropy,ArXivHierarchicalClusteringP2P,e5_base_v2,44,-0.223846752410452,-0.456043956043956,-0.3333333333333332,0.4732115503076333,Cluster-organized
Curvature,ArXivHierarchicalClusteringP2P,e5_base_v2,11,0.0249544336324137,0.0494505494505494,0.0512820512820512,0.5565476737206325,Cluster-organized
Curvature,ArXivHierarchicalClusteringP2P,e5_base_v2,22,-0.0300628682431741,0.0054945054945054,-0.0256410256410256,0.5330286082972546,Cluster-organized
Curvature,ArXivHierarchicalClusteringP2P,e5_base_v2,33,-0.0040874120063538,0.1483516483516483,0.1282051282051281,0.478007110258497,Cluster-organized
Curvature,ArXivHierarchicalClusteringP2P,e5_base_v2,44,0.0143924657868207,-0.0549450549450549,-0.1025641025641025,0.5165048152967437,Cluster-organized
DiME,ArXivHierarchicalClusteringP2P,e5_base_v2,11,-0.6494306020036336,-0.5054945054945055,-0.4102564102564102,0.656319390794626,Cluster-organized
DiME,ArXivHierarchicalClusteringP2P,e5_base_v2,22,-0.7164924763309285,-0.6043956043956044,-0.5384615384615383,0.7397783441559985,Cluster-organized
DiME,ArXivHierarchicalClusteringP2P,e5_base_v2,33,-0.6778602065692587,-0.3681318681318681,-0.282051282051282,0.648382452810137,Cluster-organized
DiME,ArXivHierarchicalClusteringP2P,e5_base_v2,44,-0.6085780434130015,-0.532967032967033,-0.4102564102564102,0.6145646169404224,Cluster-organized
Harmora,ArXivHierarchicalClusteringP2P,e5_base_v2,11,0.8863263907868756,0.6428571428571429,0.5128205128205127,0.8503033940610627,Cluster-organized
Harmora,ArXivHierarchicalClusteringP2P,e5_base_v2,22,0.9217680136177334,0.8406593406593407,0.6923076923076922,0.887313714980541,Cluster-organized
Harmora,ArXivHierarchicalClusteringP2P,e5_base_v2,33,0.8611010533087442,0.7582417582417583,0.6410256410256409,0.8077607544113861,Cluster-organized
Harmora,ArXivHierarchicalClusteringP2P,e5_base_v2,44,0.8270156279126104,0.576923076923077,0.4615384615384614,0.7805196296249253,Cluster-organized
InfoNCE,ArXivHierarchicalClusteringP2P,e5_base_v2,11,-0.2126042015648636,-0.3681318681318681,-0.3076923076923076,0.5211574057412868,Cluster-organized
InfoNCE,ArXivHierarchicalClusteringP2P,e5_base_v2,22,-0.2661897484605817,-0.4615384615384615,-0.4358974358974358,0.5874110260881246,Cluster-organized
InfoNCE,ArXivHierarchicalClusteringP2P,e5_base_v2,33,-0.2591983050058318,-0.2197802197802197,-0.1794871794871794,0.4829750929041264,Cluster-organized
InfoNCE,ArXivHierarchicalClusteringP2P,e5_base_v2,44,-0.1829814749925115,-0.3956043956043956,-0.3076923076923076,0.4730058958754392,Cluster-organized
LiDAR,ArXivHierarchicalClusteringP2P,e5_base_v2,11,-0.3227932956400851,-0.3626373626373627,-0.3333333333333332,0.4710125222279733,Cluster-organized
LiDAR,ArXivHierarchicalClusteringP2P,e5_base_v2,22,-0.413564740567842,-0.5054945054945055,-0.4102564102564102,0.5584495766138842,Cluster-organized
LiDAR,ArXivHierarchicalClusteringP2P,e5_base_v2,33,-0.3562115135227495,-0.2912087912087912,-0.2051282051282051,0.4027299071549671,Cluster-organized
LiDAR,ArXivHierarchicalClusteringP2P,e5_base_v2,44,-0.3342774263221946,-0.3846153846153846,-0.3333333333333332,0.4391805817009317,Cluster-organized
Matrix entropy,ArXivHierarchicalClusteringP2P,e5_base_v2,11,-0.1795352227359256,-0.3406593406593406,-0.282051282051282,0.5232983245102366,Cluster-organized
Matrix entropy,ArXivHierarchicalClusteringP2P,e5_base_v2,22,-0.2324681667679447,-0.4450549450549451,-0.4102564102564102,0.5848788070909928,Cluster-organized
Matrix entropy,ArXivHierarchicalClusteringP2P,e5_base_v2,33,-0.2308073829327116,-0.2087912087912088,-0.1538461538461538,0.4839624046389393,Cluster-organized
Matrix entropy,ArXivHierarchicalClusteringP2P,e5_base_v2,44,-0.1474575710028087,-0.3791208791208791,-0.282051282051282,0.4695051811127981,Cluster-organized
Participation ratio,ArXivHierarchicalClusteringP2P,e5_base_v2,11,0.6168309457667759,0.532967032967033,0.3846153846153845,0.785269637954899,Cluster-organized
Participation ratio,ArXivHierarchicalClusteringP2P,e5_base_v2,22,0.5868037634460879,0.3296703296703296,0.2564102564102563,0.7391564396949655,Cluster-organized
Participation ratio,ArXivHierarchicalClusteringP2P,e5_base_v2,33,0.5273622155949198,0.3406593406593406,0.2051282051282051,0.7080419252724309,Cluster-organized
Participation ratio,ArXivHierarchicalClusteringP2P,e5_base_v2,44,0.6393637251980475,0.5164835164835164,0.3846153846153845,0.7517833316474949,Cluster-organized
Spectral gap,ArXivHierarchicalClusteringP2P,e5_base_v2,11,0.7898517258772695,0.7637362637362637,0.5897435897435896,0.8630271696013555,Cluster-organized
Spectral gap,ArXivHierarchicalClusteringP2P,e5_base_v2,22,0.7811956830424633,0.8186813186813187,0.6666666666666665,0.8718681245489769,Cluster-organized
Spectral gap,ArXivHierarchicalClusteringP2P,e5_base_v2,33,0.6904552213254572,0.6043956043956044,0.4615384615384614,0.7759850529504603,Cluster-organized
Spectral gap,ArXivHierarchicalClusteringP2P,e5_base_v2,44,0.8321515357526246,0.7472527472527472,0.5897435897435896,0.8744223919460372,Cluster-organized
Anisotropy,ArXivHierarchicalClusteringP2P,e5_large_v2,11,-0.317053897550804,-0.2707692307692307,-0.2333333333333332,0.507436248659608,Cluster-organized
Anisotropy,ArXivHierarchicalClusteringP2P,e5_large_v2,22,-0.1105336177246076,-0.1161538461538461,-0.1133333333333333,0.5941829707595595,Cluster-organized
Anisotropy,ArXivHierarchicalClusteringP2P,e5_large_v2,33,-0.1549435320665594,-0.1876923076923076,-0.1533333333333333,0.5926804439026537,Cluster-organized
Anisotropy,ArXivHierarchicalClusteringP2P,e5_large_v2,44,-0.1218558591896367,-0.2838461538461538,-0.2133333333333333,0.5569984361708024,Cluster-organized
Curvature,ArXivHierarchicalClusteringP2P,e5_large_v2,11,-0.4596406363397156,-0.4407692307692307,-0.3466666666666665,0.5963883562472595,Cluster-organized
Curvature,ArXivHierarchicalClusteringP2P,e5_large_v2,22,-0.2049983009688901,-0.1953846153846153,-0.1999999999999999,0.5549092563235987,Cluster-organized
Curvature,ArXivHierarchicalClusteringP2P,e5_large_v2,33,-0.2798123720520072,-0.3030769230769231,-0.2533333333333332,0.6186282897758811,Cluster-organized
Curvature,ArXivHierarchicalClusteringP2P,e5_large_v2,44,-0.2494741591389082,-0.3153846153846154,-0.2599999999999999,0.5710751226596332,Cluster-organized
DiME,ArXivHierarchicalClusteringP2P,e5_large_v2,11,-0.4756097106132103,-0.1407692307692307,-0.1266666666666666,0.5480271583830384,Cluster-organized
DiME,ArXivHierarchicalClusteringP2P,e5_large_v2,22,-0.3619324618000792,0.0499999999999999,0.0199999999999999,0.5790364856666275,Cluster-organized
DiME,ArXivHierarchicalClusteringP2P,e5_large_v2,33,-0.4057768365040004,-0.1107692307692307,-0.0599999999999999,0.5809584733174199,Cluster-organized
DiME,ArXivHierarchicalClusteringP2P,e5_large_v2,44,-0.3759991288797768,-0.113076923076923,-0.0799999999999999,0.5470124475561076,Cluster-organized
Harmora,ArXivHierarchicalClusteringP2P,e5_large_v2,11,0.7748581940928195,0.4484615384615384,0.3066666666666666,0.7434449680131725,Cluster-organized
Harmora,ArXivHierarchicalClusteringP2P,e5_large_v2,22,0.8345793940918699,0.6992307692307692,0.5333333333333332,0.821260035022638,Cluster-organized
Harmora,ArXivHierarchicalClusteringP2P,e5_large_v2,33,0.7987542616458464,0.546923076923077,0.4266666666666666,0.7624879552218301,Cluster-organized
Harmora,ArXivHierarchicalClusteringP2P,e5_large_v2,44,0.8372525385882894,0.6223076923076922,0.4866666666666665,0.7896382043293406,Cluster-organized
InfoNCE,ArXivHierarchicalClusteringP2P,e5_large_v2,11,-0.2888095173855877,-0.2538461538461539,-0.2266666666666666,0.5085028792492589,Cluster-organized
InfoNCE,ArXivHierarchicalClusteringP2P,e5_large_v2,22,-0.0774313565267728,-0.0976923076923076,-0.1066666666666666,0.602057095075264,Cluster-organized
InfoNCE,ArXivHierarchicalClusteringP2P,e5_large_v2,33,-0.1218922739961134,-0.1692307692307692,-0.1466666666666666,0.5993699457401459,Cluster-organized
InfoNCE,ArXivHierarchicalClusteringP2P,e5_large_v2,44,-0.0881473625761829,-0.2653846153846154,-0.2066666666666666,0.562926744815662,Cluster-organized
LiDAR,ArXivHierarchicalClusteringP2P,e5_large_v2,11,-0.3628853083516281,-0.103076923076923,-0.0666666666666666,0.5150612027915799,Cluster-organized
LiDAR,ArXivHierarchicalClusteringP2P,e5_large_v2,22,-0.316476739833942,-0.2723076923076923,-0.1866666666666666,0.5595230317273167,Cluster-organized
LiDAR,ArXivHierarchicalClusteringP2P,e5_large_v2,33,-0.2770812093413897,-0.1623076923076923,-0.1199999999999999,0.5363061852766808,Cluster-organized
LiDAR,ArXivHierarchicalClusteringP2P,e5_large_v2,44,-0.2887584567666412,-0.2815384615384615,-0.2066666666666666,0.4841780554639391,Cluster-organized
Matrix entropy,ArXivHierarchicalClusteringP2P,e5_large_v2,11,-0.2716963390299028,-0.2769230769230769,-0.2466666666666666,0.5173001188203294,Cluster-organized
Matrix entropy,ArXivHierarchicalClusteringP2P,e5_large_v2,22,-0.0537787479796208,-0.1161538461538461,-0.1266666666666666,0.6146239563453263,Cluster-organized
Matrix entropy,ArXivHierarchicalClusteringP2P,e5_large_v2,33,-0.0985679147285236,-0.183076923076923,-0.1533333333333333,0.6118944072678079,Cluster-organized
Matrix entropy,ArXivHierarchicalClusteringP2P,e5_large_v2,44,-0.0647791249889532,-0.2746153846153846,-0.2266666666666666,0.5754258410247101,Cluster-organized
Participation ratio,ArXivHierarchicalClusteringP2P,e5_large_v2,11,0.2948948174683793,-0.1538461538461538,-0.1399999999999999,0.5025055438089097,Cluster-organized
Participation ratio,ArXivHierarchicalClusteringP2P,e5_large_v2,22,0.534763227021238,0.0946153846153846,0.0733333333333333,0.6837725854172393,Cluster-organized
Participation ratio,ArXivHierarchicalClusteringP2P,e5_large_v2,33,0.4940087840254802,0.0369230769230769,0.0199999999999999,0.672294865152559,Cluster-organized
Participation ratio,ArXivHierarchicalClusteringP2P,e5_large_v2,44,0.5324035953967388,-0.0084615384615384,0.0133333333333333,0.6602415798101882,Cluster-organized
Spectral gap,ArXivHierarchicalClusteringP2P,e5_large_v2,11,0.342128240785562,-0.0253846153846153,-0.0333333333333333,0.4724793782545714,Cluster-organized
Spectral gap,ArXivHierarchicalClusteringP2P,e5_large_v2,22,0.5386915976768949,0.2507692307692307,0.1799999999999999,0.583155602280065,Cluster-organized
Spectral gap,ArXivHierarchicalClusteringP2P,e5_large_v2,33,0.4613140331161234,0.0969230769230769,0.0866666666666666,0.5726138775869022,Cluster-organized
Spectral gap,ArXivHierarchicalClusteringP2P,e5_large_v2,44,0.5401508654696972,0.1792307692307692,0.1599999999999999,0.5870996451746737,Cluster-organized
Anisotropy,ArXivHierarchicalClusteringP2P,minilm_l6,11,0.4383835154886461,0.2857142857142857,0.2380952380952381,0.5693588179717661,Cluster-organized
Anisotropy,ArXivHierarchicalClusteringP2P,minilm_l6,22,0.4144552199650927,0.3928571428571429,0.3333333333333333,0.5655192782432467,Cluster-organized
Anisotropy,ArXivHierarchicalClusteringP2P,minilm_l6,33,0.5278373573996453,0.25,0.2380952380952381,0.6444288512876433,Cluster-organized
Anisotropy,ArXivHierarchicalClusteringP2P,minilm_l6,44,0.6045096270237791,0.3928571428571429,0.3333333333333333,0.7427094360807973,Cluster-organized
Curvature,ArXivHierarchicalClusteringP2P,minilm_l6,11,-0.3356232410276303,-0.3571428571428572,-0.3333333333333333,0.6553200353347366,Cluster-organized
Curvature,ArXivHierarchicalClusteringP2P,minilm_l6,22,-0.3816009051384312,-0.3214285714285715,-0.2380952380952381,0.6600971486644653,Cluster-organized
Curvature,ArXivHierarchicalClusteringP2P,minilm_l6,33,-0.4749441981293869,-0.6785714285714287,-0.5238095238095238,0.7164730149806143,Cluster-organized
Curvature,ArXivHierarchicalClusteringP2P,minilm_l6,44,-0.3012368749860504,-0.3214285714285715,-0.2380952380952381,0.6419254131517719,Cluster-organized
DiME,ArXivHierarchicalClusteringP2P,minilm_l6,11,-0.598610040664211,-0.3928571428571429,-0.2380952380952381,0.6376590201373368,Cluster-organized
DiME,ArXivHierarchicalClusteringP2P,minilm_l6,22,-0.6094721135578285,-0.4285714285714286,-0.3333333333333333,0.6448077132238923,Cluster-organized
DiME,ArXivHierarchicalClusteringP2P,minilm_l6,33,-0.6788085024983369,-0.5714285714285715,-0.4285714285714286,0.7032191502208684,Cluster-organized
DiME,ArXivHierarchicalClusteringP2P,minilm_l6,44,-0.7578935836484288,-0.4285714285714286,-0.3333333333333333,0.7905482567033009,Cluster-organized
Harmora,ArXivHierarchicalClusteringP2P,minilm_l6,11,0.4963064495877795,0.2142857142857143,0.1428571428571428,0.593673213479378,Cluster-organized
Harmora,ArXivHierarchicalClusteringP2P,minilm_l6,22,0.5767698456970919,0.3214285714285715,0.2380952380952381,0.6615978231509463,Cluster-organized
Harmora,ArXivHierarchicalClusteringP2P,minilm_l6,33,0.4008399468170883,0.1785714285714286,0.1428571428571428,0.5736039997946439,Cluster-organized
Harmora,ArXivHierarchicalClusteringP2P,minilm_l6,44,0.4086236665390834,0.3214285714285715,0.2380952380952381,0.7003633850239626,Cluster-organized
InfoNCE,ArXivHierarchicalClusteringP2P,minilm_l6,11,0.4092032006142571,0.2857142857142857,0.2380952380952381,0.5718007106692449,Cluster-organized
InfoNCE,ArXivHierarchicalClusteringP2P,minilm_l6,22,0.3840827452100123,0.3928571428571429,0.3333333333333333,0.571353921973295,Cluster-organized
InfoNCE,ArXivHierarchicalClusteringP2P,minilm_l6,33,0.499985630966651,0.25,0.2380952380952381,0.6448462829841914,Cluster-organized
InfoNCE,ArXivHierarchicalClusteringP2P,minilm_l6,44,0.5755309526534931,0.3928571428571429,0.3333333333333333,0.744500258464252,Cluster-organized
LiDAR,ArXivHierarchicalClusteringP2P,minilm_l6,11,-0.051535158781012,0.2142857142857143,0.1428571428571428,0.4366285736947699,Cluster-organized
LiDAR,ArXivHierarchicalClusteringP2P,minilm_l6,22,-0.1321073978313143,0.0714285714285714,0.0476190476190476,0.4763327963148087,Cluster-organized
LiDAR,ArXivHierarchicalClusteringP2P,minilm_l6,33,0.019180787447555,0.2142857142857143,0.1428571428571428,0.4902341537849623,Cluster-organized
LiDAR,ArXivHierarchicalClusteringP2P,minilm_l6,44,0.0494640744096179,0.0714285714285714,0.0476190476190476,0.5996483053139057,Cluster-organized
Matrix entropy,ArXivHierarchicalClusteringP2P,minilm_l6,11,0.416618985550674,0.2857142857142857,0.2380952380952381,0.5645183625367588,Cluster-organized
Matrix entropy,ArXivHierarchicalClusteringP2P,minilm_l6,22,0.3930493198148634,0.3928571428571429,0.3333333333333333,0.5631331586137857,Cluster-organized
Matrix entropy,ArXivHierarchicalClusteringP2P,minilm_l6,33,0.5074055139866707,0.25,0.2380952380952381,0.6386814288691378,Cluster-organized
Matrix entropy,ArXivHierarchicalClusteringP2P,minilm_l6,44,0.5847597103519426,0.3928571428571429,0.3333333333333333,0.7391651365260725,Cluster-organized
Participation ratio,ArXivHierarchicalClusteringP2P,minilm_l6,11,0.4801649250442713,0.0,-0.0476190476190476,0.5615949710713136,Cluster-organized
Participation ratio,ArXivHierarchicalClusteringP2P,minilm_l6,22,0.461427645515672,0.0714285714285714,0.0476190476190476,0.5531384424369667,Cluster-organized
Participation ratio,ArXivHierarchicalClusteringP2P,minilm_l6,33,0.5616586657662759,0.0,-0.0476190476190476,0.6385619715320882,Cluster-organized
Participation ratio,ArXivHierarchicalClusteringP2P,minilm_l6,44,0.6447920064482637,0.0714285714285714,0.0476190476190476,0.734208927978644,Cluster-organized
Spectral gap,ArXivHierarchicalClusteringP2P,minilm_l6,11,0.4168734710310923,0.0357142857142857,-0.0476190476190476,0.5865754682556749,Cluster-organized
Spectral gap,ArXivHierarchicalClusteringP2P,minilm_l6,22,0.3942743630558289,-0.1071428571428571,-0.1428571428571428,0.579705184064426,Cluster-organized
Spectral gap,ArXivHierarchicalClusteringP2P,minilm_l6,33,0.4992498494138185,0.0357142857142857,-0.0476190476190476,0.6579150615028474,Cluster-organized
Spectral gap,ArXivHierarchicalClusteringP2P,minilm_l6,44,0.5824393221700624,-0.1071428571428571,-0.1428571428571428,0.7541398195978319,Cluster-organized
Anisotropy,ArXivHierarchicalClusteringP2P,mpnet_base,11,0.1764932808036196,0.0,-0.0256410256410256,0.5344188010456673,Cluster-organized
Anisotropy,ArXivHierarchicalClusteringP2P,mpnet_base,22,0.163653996898465,-0.0549450549450549,-0.1282051282051281,0.5534296682910735,Cluster-organized
Anisotropy,ArXivHierarchicalClusteringP2P,mpnet_base,33,0.1840277471191932,-0.0439560439560439,-0.0769230769230769,0.5536994343438912,Cluster-organized
Anisotropy,ArXivHierarchicalClusteringP2P,mpnet_base,44,0.0922029452005805,-0.0219780219780219,-0.0512820512820512,0.5558648530115265,Cluster-organized
Curvature,ArXivHierarchicalClusteringP2P,mpnet_base,11,0.593420239731901,0.2967032967032967,0.1794871794871794,0.7228795387322116,Cluster-organized
Curvature,ArXivHierarchicalClusteringP2P,mpnet_base,22,0.530836311445575,0.2857142857142857,0.1794871794871794,0.7152586853655603,Cluster-organized
Curvature,ArXivHierarchicalClusteringP2P,mpnet_base,33,0.5701730928554658,0.2417582417582417,0.1282051282051281,0.7286523775116108,Cluster-organized
Curvature,ArXivHierarchicalClusteringP2P,mpnet_base,44,0.5162591051132817,0.3076923076923076,0.2051282051282051,0.7297877478005663,Cluster-organized
DiME,ArXivHierarchicalClusteringP2P,mpnet_base,11,-0.0118667142962859,-0.0219780219780219,0.0256410256410256,0.5232564764804717,Cluster-organized
DiME,ArXivHierarchicalClusteringP2P,mpnet_base,22,-0.0658083213373343,-0.0549450549450549,-0.0256410256410256,0.5178751339037082,Cluster-organized
DiME,ArXivHierarchicalClusteringP2P,mpnet_base,33,-0.0599221024218179,-0.0439560439560439,-0.0256410256410256,0.5379072176702318,Cluster-organized
DiME,ArXivHierarchicalClusteringP2P,mpnet_base,44,-0.1392781478094621,0.0604395604395604,0.0512820512820512,0.5720667853923211,Cluster-organized
Harmora,ArXivHierarchicalClusteringP2P,mpnet_base,11,0.8929226117656796,0.8571428571428571,0.7435897435897434,0.8684540705758763,Cluster-organized
Harmora,ArXivHierarchicalClusteringP2P,mpnet_base,22,0.8907843509177521,0.912087912087912,0.846153846153846,0.8805360709718146,Cluster-organized
Harmora,ArXivHierarchicalClusteringP2P,mpnet_base,33,0.8754753616220733,0.8571428571428571,0.7435897435897434,0.8530911548768324,Cluster-organized
Harmora,ArXivHierarchicalClusteringP2P,mpnet_base,44,0.876967905634055,0.8791208791208791,0.769230769230769,0.8668307831895337,Cluster-organized
InfoNCE,ArXivHierarchicalClusteringP2P,mpnet_base,11,0.0301137970143747,-0.0659340659340659,-0.0769230769230769,0.5205850282411807,Cluster-organized
InfoNCE,ArXivHierarchicalClusteringP2P,mpnet_base,22,0.0111133316733109,-0.1428571428571428,-0.1794871794871794,0.5471380909320416,Cluster-organized
InfoNCE,ArXivHierarchicalClusteringP2P,mpnet_base,33,0.0318723805601977,-0.1098901098901098,-0.1282051282051281,0.537037690138587,Cluster-organized
InfoNCE,ArXivHierarchicalClusteringP2P,mpnet_base,44,-0.0653161913986276,-0.1043956043956044,-0.1025641025641025,0.5535957457948201,Cluster-organized
LiDAR,ArXivHierarchicalClusteringP2P,mpnet_base,11,-0.3944229599289578,-0.3186813186813187,-0.2564102564102563,0.5582351378092425,Cluster-organized
LiDAR,ArXivHierarchicalClusteringP2P,mpnet_base,22,-0.4495901180323691,-0.3846153846153846,-0.3589743589743589,0.6394211756557644,Cluster-organized
LiDAR,ArXivHierarchicalClusteringP2P,mpnet_base,33,-0.3872282377105561,-0.3736263736263736,-0.3589743589743589,0.5494268671479087,Cluster-organized
LiDAR,ArXivHierarchicalClusteringP2P,mpnet_base,44,-0.4780809966236335,-0.3846153846153846,-0.3333333333333332,0.6039976602623228,Cluster-organized
Matrix entropy,ArXivHierarchicalClusteringP2P,mpnet_base,11,0.03888826614698,-0.1373626373626373,-0.1538461538461538,0.5196568265192084,Cluster-organized
Matrix entropy,ArXivHierarchicalClusteringP2P,mpnet_base,22,0.0248951509430639,-0.1923076923076923,-0.2564102564102563,0.5455635013840638,Cluster-organized
Matrix entropy,ArXivHierarchicalClusteringP2P,mpnet_base,33,0.0451515204101858,-0.1538461538461538,-0.2051282051282051,0.5356551858398214,Cluster-organized
Matrix entropy,ArXivHierarchicalClusteringP2P,mpnet_base,44,-0.0467165615768079,-0.1703296703296703,-0.1794871794871794,0.5489531296984336,Cluster-organized
Participation ratio,ArXivHierarchicalClusteringP2P,mpnet_base,11,0.0075212016667348,-0.5,-0.4358974358974358,0.6467963973744144,Cluster-organized
Participation ratio,ArXivHierarchicalClusteringP2P,mpnet_base,22,0.013109954926592,-0.5,-0.4358974358974358,0.6579774811955357,Cluster-organized
Participation ratio,ArXivHierarchicalClusteringP2P,mpnet_base,33,0.0316860086105928,-0.467032967032967,-0.3846153846153845,0.6579706255723672,Cluster-organized
Participation ratio,ArXivHierarchicalClusteringP2P,mpnet_base,44,-0.0153067635100509,-0.6043956043956044,-0.5128205128205127,0.6298432334475543,Cluster-organized
Spectral gap,ArXivHierarchicalClusteringP2P,mpnet_base,11,0.1097599303259134,-0.2032967032967032,-0.1538461538461538,0.555008537955497,Cluster-organized
Spectral gap,ArXivHierarchicalClusteringP2P,mpnet_base,22,0.1391399485405265,-0.1923076923076923,-0.1538461538461538,0.5437543138347037,Cluster-organized
Spectral gap,ArXivHierarchicalClusteringP2P,mpnet_base,33,0.1366208258307356,-0.1593406593406593,-0.1025641025641025,0.5904607519054541,Cluster-organized
Spectral gap,ArXivHierarchicalClusteringP2P,mpnet_base,44,0.1427857925495337,-0.3021978021978022,-0.2307692307692307,0.5489332066117536,Cluster-organized
Anisotropy,ArXivHierarchicalClusteringP2P,snowflake_arctic_embed_m,11,0.5729173300613144,0.8951048951048951,0.7575757575757575,0.6492035860225116,Cluster-organized
Anisotropy,ArXivHierarchicalClusteringP2P,snowflake_arctic_embed_m,22,0.546611524586091,0.9510489510489512,0.8484848484848484,0.6747190738899912,Cluster-organized
Anisotropy,ArXivHierarchicalClusteringP2P,snowflake_arctic_embed_m,33,0.442467177703536,0.9160839160839164,0.8181818181818181,0.5757669910380517,Cluster-organized
Anisotropy,ArXivHierarchicalClusteringP2P,snowflake_arctic_embed_m,44,0.528231178208887,0.9300699300699302,0.7878787878787877,0.6405295830092135,Cluster-organized
Curvature,ArXivHierarchicalClusteringP2P,snowflake_arctic_embed_m,11,-0.538150920925701,-0.1888111888111888,-0.1515151515151515,0.6396683293845123,Cluster-organized
Curvature,ArXivHierarchicalClusteringP2P,snowflake_arctic_embed_m,22,-0.4448461312718998,0.0419580419580419,0.0,0.5857538582411767,Cluster-organized
Curvature,ArXivHierarchicalClusteringP2P,snowflake_arctic_embed_m,33,-0.5036096081148741,-0.0699300699300699,-0.0909090909090909,0.6183761977887101,Cluster-organized
Curvature,ArXivHierarchicalClusteringP2P,snowflake_arctic_embed_m,44,-0.4433815035269735,-0.1468531468531468,-0.1212121212121212,0.6093932547638218,Cluster-organized
DiME,ArXivHierarchicalClusteringP2P,snowflake_arctic_embed_m,11,0.7099382296490568,0.8811188811188813,0.7575757575757575,0.7309494832183072,Cluster-organized
DiME,ArXivHierarchicalClusteringP2P,snowflake_arctic_embed_m,22,0.7129931125327769,0.8671328671328673,0.7272727272727272,0.7842354047038308,Cluster-organized
DiME,ArXivHierarchicalClusteringP2P,snowflake_arctic_embed_m,33,0.6047580994411738,0.8811188811188813,0.7575757575757575,0.6944011552333621,Cluster-organized
DiME,ArXivHierarchicalClusteringP2P,snowflake_arctic_embed_m,44,0.7461865830894661,0.8531468531468532,0.7272727272727272,0.7584671524879276,Cluster-organized
Harmora,ArXivHierarchicalClusteringP2P,snowflake_arctic_embed_m,11,0.807937795734367,0.7482517482517484,0.6363636363636362,0.7732263119671153,Cluster-organized
Harmora,ArXivHierarchicalClusteringP2P,snowflake_arctic_embed_m,22,0.815429156031871,0.8601398601398602,0.7272727272727272,0.8083793931264377,Cluster-organized
Harmora,ArXivHierarchicalClusteringP2P,snowflake_arctic_embed_m,33,0.7969338504001713,0.7622377622377624,0.6363636363636362,0.815990202225619,Cluster-organized
Harmora,ArXivHierarchicalClusteringP2P,snowflake_arctic_embed_m,44,0.7915384710332957,0.7412587412587414,0.606060606060606,0.76390479257234,Cluster-organized
InfoNCE,ArXivHierarchicalClusteringP2P,snowflake_arctic_embed_m,11,0.5931756171148379,0.8951048951048951,0.7575757575757575,0.6666654406031031,Cluster-organized
InfoNCE,ArXivHierarchicalClusteringP2P,snowflake_arctic_embed_m,22,0.5698122473698608,0.9510489510489512,0.8484848484848484,0.695680635930066,Cluster-organized
InfoNCE,ArXivHierarchicalClusteringP2P,snowflake_arctic_embed_m,33,0.4625204628833825,0.9160839160839164,0.8181818181818181,0.5957512821682017,Cluster-organized
InfoNCE,ArXivHierarchicalClusteringP2P,snowflake_arctic_embed_m,44,0.5595670808358839,0.9300699300699302,0.7878787878787877,0.6646414060817825,Cluster-organized
LiDAR,ArXivHierarchicalClusteringP2P,snowflake_arctic_embed_m,11,0.914451009408522,0.8951048951048951,0.7575757575757575,0.8703086458951198,Cluster-organized
LiDAR,ArXivHierarchicalClusteringP2P,snowflake_arctic_embed_m,22,0.937300847756205,0.9510489510489512,0.8484848484848484,0.8943077289182688,Cluster-organized
LiDAR,ArXivHierarchicalClusteringP2P,snowflake_arctic_embed_m,33,0.9398994034770106,0.9160839160839164,0.8181818181818181,0.9261778685033584,Cluster-organized
LiDAR,ArXivHierarchicalClusteringP2P,snowflake_arctic_embed_m,44,0.8744144457354321,0.9300699300699302,0.7878787878787877,0.8550039916062409,Cluster-organized
Matrix entropy,ArXivHierarchicalClusteringP2P,snowflake_arctic_embed_m,11,0.6034658053353174,0.8951048951048951,0.7575757575757575,0.6795087058521672,Cluster-organized
Matrix entropy,ArXivHierarchicalClusteringP2P,snowflake_arctic_embed_m,22,0.5787850637825658,0.9510489510489512,0.8484848484848484,0.7048788588121443,Cluster-organized
Matrix entropy,ArXivHierarchicalClusteringP2P,snowflake_arctic_embed_m,33,0.4737730477383777,0.9160839160839164,0.8181818181818181,0.6108492447746787,Cluster-organized
Matrix entropy,ArXivHierarchicalClusteringP2P,snowflake_arctic_embed_m,44,0.5692291339608729,0.9300699300699302,0.7878787878787877,0.6764838175524879,Cluster-organized
Participation ratio,ArXivHierarchicalClusteringP2P,snowflake_arctic_embed_m,11,0.6538165625997396,0.7692307692307694,0.5757575757575757,0.734332792573512,Cluster-organized
Participation ratio,ArXivHierarchicalClusteringP2P,snowflake_arctic_embed_m,22,0.618235365025335,0.7342657342657343,0.606060606060606,0.755680274657616,Cluster-organized
Participation ratio,ArXivHierarchicalClusteringP2P,snowflake_arctic_embed_m,33,0.5125883020644262,0.6993006993006995,0.5151515151515151,0.6738961265072584,Cluster-organized
Participation ratio,ArXivHierarchicalClusteringP2P,snowflake_arctic_embed_m,44,0.6471364111202706,0.7552447552447553,0.5454545454545454,0.7460138823260274,Cluster-organized
Spectral gap,ArXivHierarchicalClusteringP2P,snowflake_arctic_embed_m,11,0.6410630576501289,0.7692307692307694,0.5757575757575757,0.7867778104476303,Cluster-organized
Spectral gap,ArXivHierarchicalClusteringP2P,snowflake_arctic_embed_m,22,0.5174085917067294,0.7342657342657343,0.606060606060606,0.7324574454008298,Cluster-organized
Spectral gap,ArXivHierarchicalClusteringP2P,snowflake_arctic_embed_m,33,0.4867576060361853,0.6993006993006995,0.5151515151515151,0.7528062278625155,Cluster-organized
Spectral gap,ArXivHierarchicalClusteringP2P,snowflake_arctic_embed_m,44,0.6153268498497164,0.7552447552447553,0.5454545454545454,0.76716602570417,Cluster-organized
Anisotropy,ArXivHierarchicalClusteringS2S,bge_base_en_v15,11,0.8093695151948537,0.5664335664335665,0.4242424242424242,0.8417060466347236,Cluster-organized
Anisotropy,ArXivHierarchicalClusteringS2S,bge_base_en_v15,22,0.8119046745010683,0.5664335664335665,0.4545454545454545,0.8388187393749286,Cluster-organized
Anisotropy,ArXivHierarchicalClusteringS2S,bge_base_en_v15,33,0.8878355380102596,0.6783216783216784,0.5454545454545454,0.8984514625244743,Cluster-organized
Anisotropy,ArXivHierarchicalClusteringS2S,bge_base_en_v15,44,0.8676822488414513,0.6503496503496504,0.5151515151515151,0.8988466491102822,Cluster-organized
Curvature,ArXivHierarchicalClusteringS2S,bge_base_en_v15,11,-0.3755136547879683,-0.4125874125874127,-0.2424242424242424,0.5123807570537237,Cluster-organized
Curvature,ArXivHierarchicalClusteringS2S,bge_base_en_v15,22,-0.4183364593317218,-0.4125874125874127,-0.2727272727272727,0.4976132395551487,Cluster-organized
Curvature,ArXivHierarchicalClusteringS2S,bge_base_en_v15,33,-0.4539069571398657,-0.3986013986013986,-0.2424242424242424,0.5676218050260057,Cluster-organized
Curvature,ArXivHierarchicalClusteringS2S,bge_base_en_v15,44,-0.403055742043454,-0.3496503496503497,-0.2121212121212121,0.4849054787778046,Cluster-organized
DiME,ArXivHierarchicalClusteringS2S,bge_base_en_v15,11,0.7984870096684555,0.4965034965034965,0.3333333333333333,0.8501007128548282,Cluster-organized
DiME,ArXivHierarchicalClusteringS2S,bge_base_en_v15,22,0.8107191480685976,0.5174825174825175,0.3636363636363636,0.8452762208423752,Cluster-organized
DiME,ArXivHierarchicalClusteringS2S,bge_base_en_v15,33,0.8613315715822814,0.6503496503496504,0.4545454545454545,0.8826558849223833,Cluster-organized
DiME,ArXivHierarchicalClusteringS2S,bge_base_en_v15,44,0.8689179141764382,0.6223776223776225,0.4848484848484848,0.8998731684258768,Cluster-organized
Harmora,ArXivHierarchicalClusteringS2S,bge_base_en_v15,11,0.5470679711540221,0.4965034965034965,0.3333333333333333,0.5777198112235855,Cluster-organized
Harmora,ArXivHierarchicalClusteringS2S,bge_base_en_v15,22,0.5816612017253187,0.5104895104895105,0.3636363636363636,0.593243441724909,Cluster-organized
Harmora,ArXivHierarchicalClusteringS2S,bge_base_en_v15,33,0.6072557473510405,0.6293706293706295,0.4545454545454545,0.6256031186533182,Cluster-organized
Harmora,ArXivHierarchicalClusteringS2S,bge_base_en_v15,44,0.6108156525299824,0.5874125874125874,0.4242424242424242,0.6231617059338843,Cluster-organized
InfoNCE,ArXivHierarchicalClusteringS2S,bge_base_en_v15,11,0.8084697354126539,0.5664335664335665,0.4242424242424242,0.8408522354062965,Cluster-organized
InfoNCE,ArXivHierarchicalClusteringS2S,bge_base_en_v15,22,0.8121084373422796,0.5664335664335665,0.4545454545454545,0.8387576143935183,Cluster-organized
InfoNCE,ArXivHierarchicalClusteringS2S,bge_base_en_v15,33,0.8878477311263545,0.6783216783216784,0.5454545454545454,0.89836686058673,Cluster-organized
InfoNCE,ArXivHierarchicalClusteringS2S,bge_base_en_v15,44,0.8667774686152547,0.6503496503496504,0.5151515151515151,0.8979499781557089,Cluster-organized
LiDAR,ArXivHierarchicalClusteringS2S,bge_base_en_v15,11,0.5058468942992405,0.6083916083916086,0.4545454545454545,0.5444053175667241,Cluster-organized
LiDAR,ArXivHierarchicalClusteringS2S,bge_base_en_v15,22,0.5547279399426788,0.6923076923076924,0.5454545454545454,0.5772024729725799,Cluster-organized
LiDAR,ArXivHierarchicalClusteringS2S,bge_base_en_v15,33,0.5276271684199195,0.7482517482517484,0.6363636363636362,0.5857730598346863,Cluster-organized
LiDAR,ArXivHierarchicalClusteringS2S,bge_base_en_v15,44,0.5492931601348451,0.7622377622377624,0.606060606060606,0.5823539365116687,Cluster-organized
Matrix entropy,ArXivHierarchicalClusteringS2S,bge_base_en_v15,11,0.8077554031523078,0.5664335664335665,0.4242424242424242,0.8389519659852058,Cluster-organized
Matrix entropy,ArXivHierarchicalClusteringS2S,bge_base_en_v15,22,0.8123702921125424,0.5664335664335665,0.4545454545454545,0.8371599655198391,Cluster-organized
Matrix entropy,ArXivHierarchicalClusteringS2S,bge_base_en_v15,33,0.8870454860469807,0.6783216783216784,0.5454545454545454,0.8962608896624946,Cluster-organized
Matrix entropy,ArXivHierarchicalClusteringS2S,bge_base_en_v15,44,0.8672275484592977,0.6503496503496504,0.5151515151515151,0.8962683686190828,Cluster-organized
Participation ratio,ArXivHierarchicalClusteringS2S,bge_base_en_v15,11,0.68571472804246,0.6643356643356644,0.4545454545454545,0.671642270921765,Cluster-organized
Participation ratio,ArXivHierarchicalClusteringS2S,bge_base_en_v15,22,0.6525365967378725,0.6363636363636365,0.4242424242424242,0.6359933689232536,Cluster-organized
Participation ratio,ArXivHierarchicalClusteringS2S,bge_base_en_v15,33,0.7356872279330946,0.6153846153846154,0.4545454545454545,0.7319671163689268,Cluster-organized
Participation ratio,ArXivHierarchicalClusteringS2S,bge_base_en_v15,44,0.6833529360248135,0.5104895104895105,0.303030303030303,0.6772692642979086,Cluster-organized
Spectral gap,ArXivHierarchicalClusteringS2S,bge_base_en_v15,11,0.2332923756366154,0.5314685314685316,0.3939393939393938,0.4078447462238712,Cluster-organized
Spectral gap,ArXivHierarchicalClusteringS2S,bge_base_en_v15,22,0.3066928104858033,0.5314685314685316,0.4242424242424242,0.3874538342982183,Cluster-organized
Spectral gap,ArXivHierarchicalClusteringS2S,bge_base_en_v15,33,0.333491679876543,0.5454545454545455,0.3939393939393938,0.4488829661922218,Cluster-organized
Spectral gap,ArXivHierarchicalClusteringS2S,bge_base_en_v15,44,0.2674653531663168,0.4335664335664336,0.303030303030303,0.396529866003713,Cluster-organized
Anisotropy,ArXivHierarchicalClusteringS2S,bge_large_en_v15,11,0.7056291710783592,0.5730434782608694,0.4130434782608695,0.712511246745619,Cluster-organized
Anisotropy,ArXivHierarchicalClusteringS2S,bge_large_en_v15,22,0.6177437381695557,0.5026086956521739,0.3695652173913043,0.6445262576971408,Cluster-organized
Anisotropy,ArXivHierarchicalClusteringS2S,bge_large_en_v15,33,0.6743286099181358,0.6443478260869565,0.4710144927536232,0.6714525722665452,Cluster-organized
Anisotropy,ArXivHierarchicalClusteringS2S,bge_large_en_v15,44,0.7411008521282174,0.6599999999999999,0.4782608695652174,0.7646538025281506,Cluster-organized
Curvature,ArXivHierarchicalClusteringS2S,bge_large_en_v15,11,-0.270385747177277,-0.4513043478260869,-0.3043478260869565,0.4636074789716272,Cluster-organized
Curvature,ArXivHierarchicalClusteringS2S,bge_large_en_v15,22,-0.2557388273306398,-0.4165217391304347,-0.3043478260869565,0.5372413827031431,Cluster-organized
Curvature,ArXivHierarchicalClusteringS2S,bge_large_en_v15,33,-0.2171651248641869,-0.3782608695652173,-0.2608695652173913,0.4767240255562753,Cluster-organized
Curvature,ArXivHierarchicalClusteringS2S,bge_large_en_v15,44,-0.1877642780923099,-0.3504347826086956,-0.2536231884057971,0.4446574375104372,Cluster-organized
DiME,ArXivHierarchicalClusteringS2S,bge_large_en_v15,11,0.662428276903879,0.5730434782608694,0.4130434782608695,0.6567083401016772,Cluster-organized
DiME,ArXivHierarchicalClusteringS2S,bge_large_en_v15,22,0.560299093852604,0.5026086956521739,0.3695652173913043,0.5853140107777727,Cluster-organized
DiME,ArXivHierarchicalClusteringS2S,bge_large_en_v15,33,0.633180879695365,0.6443478260869565,0.4710144927536232,0.6219298485954777,Cluster-organized
DiME,ArXivHierarchicalClusteringS2S,bge_large_en_v15,44,0.7202240796596725,0.6599999999999999,0.4782608695652174,0.7216985982485399,Cluster-organized
Harmora,ArXivHierarchicalClusteringS2S,bge_large_en_v15,11,0.5814689750160139,0.5034782608695652,0.3623188405797101,0.5466731340641319,Cluster-organized
Harmora,ArXivHierarchicalClusteringS2S,bge_large_en_v15,22,0.4998922208161133,0.4582608695652173,0.3043478260869565,0.4959694438475115,Cluster-organized
Harmora,ArXivHierarchicalClusteringS2S,bge_large_en_v15,33,0.595087023234239,0.5982608695652173,0.4057971014492753,0.5634423630182909,Cluster-organized
Harmora,ArXivHierarchicalClusteringS2S,bge_large_en_v15,44,0.6671235178488468,0.62,0.4130434782608695,0.641146104317164,Cluster-organized
InfoNCE,ArXivHierarchicalClusteringS2S,bge_large_en_v15,11,0.7086858088038308,0.5730434782608694,0.4130434782608695,0.7173228179986711,Cluster-organized
InfoNCE,ArXivHierarchicalClusteringS2S,bge_large_en_v15,22,0.6235676542845643,0.5026086956521739,0.3695652173913043,0.6513402768204355,Cluster-organized
InfoNCE,ArXivHierarchicalClusteringS2S,bge_large_en_v15,33,0.6779981759529807,0.6443478260869565,0.4710144927536232,0.6767915389645462,Cluster-organized
InfoNCE,ArXivHierarchicalClusteringS2S,bge_large_en_v15,44,0.7447208262298051,0.6599999999999999,0.4782608695652174,0.7703202733027009,Cluster-organized
LiDAR,ArXivHierarchicalClusteringS2S,bge_large_en_v15,11,0.7055131577446154,0.6643478260869564,0.5217391304347826,0.6761215717990422,Cluster-organized
LiDAR,ArXivHierarchicalClusteringS2S,bge_large_en_v15,22,0.7887751034390031,0.717391304347826,0.5652173913043478,0.7402215699225978,Cluster-organized
LiDAR,ArXivHierarchicalClusteringS2S,bge_large_en_v15,33,0.7641074956297013,0.7217391304347825,0.5797101449275361,0.721872794597026,Cluster-organized
LiDAR,ArXivHierarchicalClusteringS2S,bge_large_en_v15,44,0.790316772094547,0.7347826086956522,0.6014492753623188,0.7566675254662475,Cluster-organized
Matrix entropy,ArXivHierarchicalClusteringS2S,bge_large_en_v15,11,0.7091877251335016,0.5730434782608694,0.4130434782608695,0.7113619483557545,Cluster-organized
Matrix entropy,ArXivHierarchicalClusteringS2S,bge_large_en_v15,22,0.622247451696544,0.5026086956521739,0.3695652173913043,0.6452514713206502,Cluster-organized
Matrix entropy,ArXivHierarchicalClusteringS2S,bge_large_en_v15,33,0.6804949429870665,0.6443478260869565,0.4710144927536232,0.6738427748763656,Cluster-organized
Matrix entropy,ArXivHierarchicalClusteringS2S,bge_large_en_v15,44,0.7483731768571464,0.6599999999999999,0.4782608695652174,0.7665146367688809,Cluster-organized
Participation ratio,ArXivHierarchicalClusteringS2S,bge_large_en_v15,11,0.1027227523824446,0.2260869565217391,0.1884057971014492,0.4689613326514466,Cluster-organized
Participation ratio,ArXivHierarchicalClusteringS2S,bge_large_en_v15,22,0.1978027268239436,0.3382608695652173,0.3043478260869565,0.4315167664179825,Cluster-organized
Participation ratio,ArXivHierarchicalClusteringS2S,bge_large_en_v15,33,0.0777450209498287,0.1304347826086956,0.1159420289855072,0.4781063030151175,Cluster-organized
Participation ratio,ArXivHierarchicalClusteringS2S,bge_large_en_v15,44,0.0788274665289939,0.1095652173913043,0.1231884057971014,0.4889339776462964,Cluster-organized
Spectral gap,ArXivHierarchicalClusteringS2S,bge_large_en_v15,11,0.6292225126413526,0.4643478260869564,0.3405797101449275,0.627116517523681,Cluster-organized
Spectral gap,ArXivHierarchicalClusteringS2S,bge_large_en_v15,22,0.6026662562214923,0.5443478260869564,0.4130434782608695,0.6364172241876809,Cluster-organized
Spectral gap,ArXivHierarchicalClusteringS2S,bge_large_en_v15,33,0.6065722266644482,0.357391304347826,0.2536231884057971,0.6258063818760975,Cluster-organized
Spectral gap,ArXivHierarchicalClusteringS2S,bge_large_en_v15,44,0.5879619055183114,0.3252173913043478,0.2463768115942028,0.6130738634021491,Cluster-organized
Anisotropy,ArXivHierarchicalClusteringS2S,e5_base_v2,11,-0.877541609816015,-0.8241758241758241,-0.6923076923076922,0.8658304618438978,Cluster-organized
Anisotropy,ArXivHierarchicalClusteringS2S,e5_base_v2,22,-0.9089284100891534,-0.8351648351648352,-0.7179487179487178,0.861592873367036,Cluster-organized
Anisotropy,ArXivHierarchicalClusteringS2S,e5_base_v2,33,-0.8591566086789758,-0.6703296703296703,-0.564102564102564,0.8535348425651713,Cluster-organized
Anisotropy,ArXivHierarchicalClusteringS2S,e5_base_v2,44,-0.8019251323523611,-0.6593406593406593,-0.564102564102564,0.8419529770743446,Cluster-organized
Curvature,ArXivHierarchicalClusteringS2S,e5_base_v2,11,0.2306454393050183,0.3846153846153846,0.3076923076923076,0.5713930374324169,Cluster-organized
Curvature,ArXivHierarchicalClusteringS2S,e5_base_v2,22,0.2219144267407924,0.521978021978022,0.4871794871794871,0.6973022076631886,Cluster-organized
Curvature,ArXivHierarchicalClusteringS2S,e5_base_v2,33,0.0933077785831831,0.4285714285714285,0.3333333333333332,0.5576914097942246,Cluster-organized
Curvature,ArXivHierarchicalClusteringS2S,e5_base_v2,44,0.1964234161690147,0.456043956043956,0.3846153846153845,0.5314416389489661,Cluster-organized
DiME,ArXivHierarchicalClusteringS2S,e5_base_v2,11,-0.9224093451113384,-0.901098901098901,-0.769230769230769,0.9183710056852592,Cluster-organized
DiME,ArXivHierarchicalClusteringS2S,e5_base_v2,22,-0.9520194906275024,-0.912087912087912,-0.7948717948717947,0.9248114666346752,Cluster-organized
DiME,ArXivHierarchicalClusteringS2S,e5_base_v2,33,-0.8986939906275441,-0.8076923076923077,-0.6410256410256409,0.8929721283060882,Cluster-organized
DiME,ArXivHierarchicalClusteringS2S,e5_base_v2,44,-0.8557143114585966,-0.7912087912087913,-0.6410256410256409,0.8918683824394809,Cluster-organized
Harmora,ArXivHierarchicalClusteringS2S,e5_base_v2,11,0.8225019480912602,0.6593406593406593,0.5384615384615383,0.782683471161206,Cluster-organized
Harmora,ArXivHierarchicalClusteringS2S,e5_base_v2,22,0.7945216758633339,0.5659340659340659,0.4615384615384614,0.7444139526397192,Cluster-organized
Harmora,ArXivHierarchicalClusteringS2S,e5_base_v2,33,0.87292756300578,0.6923076923076923,0.564102564102564,0.836517486337349,Cluster-organized
Harmora,ArXivHierarchicalClusteringS2S,e5_base_v2,44,0.790873710495481,0.6098901098901099,0.4615384615384614,0.7676875952001678,Cluster-organized
InfoNCE,ArXivHierarchicalClusteringS2S,e5_base_v2,11,-0.8820011348165402,-0.8241758241758241,-0.6923076923076922,0.8651655541396391,Cluster-organized
InfoNCE,ArXivHierarchicalClusteringS2S,e5_base_v2,22,-0.9052094893429554,-0.8351648351648352,-0.7179487179487178,0.855928480269837,Cluster-organized
InfoNCE,ArXivHierarchicalClusteringS2S,e5_base_v2,33,-0.8537446172487265,-0.6703296703296703,-0.564102564102564,0.848176056024873,Cluster-organized
InfoNCE,ArXivHierarchicalClusteringS2S,e5_base_v2,44,-0.8013414417586049,-0.6593406593406593,-0.564102564102564,0.8420110300395317,Cluster-organized
LiDAR,ArXivHierarchicalClusteringS2S,e5_base_v2,11,-0.8272382623030612,-0.8516483516483516,-0.6923076923076922,0.819095676991966,Cluster-organized
LiDAR,ArXivHierarchicalClusteringS2S,e5_base_v2,22,-0.823686309724827,-0.8791208791208791,-0.769230769230769,0.8268635003138318,Cluster-organized
LiDAR,ArXivHierarchicalClusteringS2S,e5_base_v2,33,-0.7423168521396439,-0.7912087912087913,-0.6666666666666665,0.7768466470847233,Cluster-organized
LiDAR,ArXivHierarchicalClusteringS2S,e5_base_v2,44,-0.7630008636103071,-0.7912087912087913,-0.6666666666666665,0.8259674731952298,Cluster-organized
Matrix entropy,ArXivHierarchicalClusteringS2S,e5_base_v2,11,-0.875436171419348,-0.8296703296703297,-0.7179487179487178,0.8562075976543049,Cluster-organized
Matrix entropy,ArXivHierarchicalClusteringS2S,e5_base_v2,22,-0.8991393532304985,-0.8516483516483516,-0.7435897435897434,0.8483833975115607,Cluster-organized
Matrix entropy,ArXivHierarchicalClusteringS2S,e5_base_v2,33,-0.8432510365833141,-0.6813186813186813,-0.5897435897435896,0.839702661361153,Cluster-organized
Matrix entropy,ArXivHierarchicalClusteringS2S,e5_base_v2,44,-0.7898387395772672,-0.6758241758241759,-0.5897435897435896,0.8335963665819308,Cluster-organized
Participation ratio,ArXivHierarchicalClusteringS2S,e5_base_v2,11,-0.3648892057979528,-0.4835164835164835,-0.4615384615384614,0.5965254703072499,Cluster-organized
Participation ratio,ArXivHierarchicalClusteringS2S,e5_base_v2,22,-0.3591379482637431,-0.4615384615384615,-0.4358974358974358,0.552996575938807,Cluster-organized
Participation ratio,ArXivHierarchicalClusteringS2S,e5_base_v2,33,-0.2571020765504415,-0.3351648351648351,-0.3333333333333332,0.6354864364058103,Cluster-organized
Participation ratio,ArXivHierarchicalClusteringS2S,e5_base_v2,44,-0.2174320392809012,-0.3296703296703296,-0.3333333333333332,0.6476768421624207,Cluster-organized
Spectral gap,ArXivHierarchicalClusteringS2S,e5_base_v2,11,-0.264294976792113,-0.3296703296703296,-0.2564102564102563,0.4926839455555955,Cluster-organized
Spectral gap,ArXivHierarchicalClusteringS2S,e5_base_v2,22,-0.1891378722068067,-0.412087912087912,-0.3333333333333332,0.4443360225066666,Cluster-organized
Spectral gap,ArXivHierarchicalClusteringS2S,e5_base_v2,33,-0.1113940142861984,-0.2417582417582417,-0.1794871794871794,0.5361601247569352,Cluster-organized
Spectral gap,ArXivHierarchicalClusteringS2S,e5_base_v2,44,-0.1072809712367975,-0.2747252747252747,-0.2307692307692307,0.5803010185479794,Cluster-organized
Anisotropy,ArXivHierarchicalClusteringS2S,e5_large_v2,11,-0.5915964585712417,-0.3861538461538461,-0.3066666666666666,0.6462038602606359,Cluster-organized
Anisotropy,ArXivHierarchicalClusteringS2S,e5_large_v2,22,-0.698086118663785,-0.3392307692307693,-0.2399999999999999,0.632878274831487,Cluster-organized
Anisotropy,ArXivHierarchicalClusteringS2S,e5_large_v2,33,-0.6513825167657223,-0.3923076923076923,-0.3066666666666666,0.6431809862467454,Cluster-organized
Anisotropy,ArXivHierarchicalClusteringS2S,e5_large_v2,44,-0.6966662869909113,-0.3369230769230769,-0.2533333333333332,0.7021945830701362,Cluster-organized
Curvature,ArXivHierarchicalClusteringS2S,e5_large_v2,11,-0.0808768568260839,0.0876923076923077,0.0333333333333333,0.4023113776285546,Cluster-organized
Curvature,ArXivHierarchicalClusteringS2S,e5_large_v2,22,-0.1226375678006806,0.1123076923076923,0.0733333333333333,0.4085108744577366,Cluster-organized
Curvature,ArXivHierarchicalClusteringS2S,e5_large_v2,33,-0.1193653276534495,0.1315384615384615,0.0733333333333333,0.4137155431292342,Cluster-organized
Curvature,ArXivHierarchicalClusteringS2S,e5_large_v2,44,-0.2461114359548441,-0.1446153846153846,-0.1133333333333333,0.4797178506971474,Cluster-organized
DiME,ArXivHierarchicalClusteringS2S,e5_large_v2,11,-0.5580322270799976,-0.2299999999999999,-0.1733333333333332,0.5249541724084641,Cluster-organized
DiME,ArXivHierarchicalClusteringS2S,e5_large_v2,22,-0.5893231526002021,-0.1038461538461538,-0.0799999999999999,0.5286412843234267,Cluster-organized
DiME,ArXivHierarchicalClusteringS2S,e5_large_v2,33,-0.5738724871040324,-0.1607692307692307,-0.1199999999999999,0.5311203401873944,Cluster-organized
DiME,ArXivHierarchicalClusteringS2S,e5_large_v2,44,-0.6299198919563591,-0.1999999999999999,-0.1333333333333333,0.5742790490649445,Cluster-organized
Harmora,ArXivHierarchicalClusteringS2S,e5_large_v2,11,0.7813235888553303,0.7338461538461539,0.5599999999999998,0.8097441274147493,Cluster-organized
Harmora,ArXivHierarchicalClusteringS2S,e5_large_v2,22,0.7637252259911123,0.8484615384615384,0.6799999999999998,0.8013504795282306,Cluster-organized
Harmora,ArXivHierarchicalClusteringS2S,e5_large_v2,33,0.8194929602924548,0.8138461538461539,0.6399999999999998,0.836494824664212,Cluster-organized
Harmora,ArXivHierarchicalClusteringS2S,e5_large_v2,44,0.7961115381526939,0.7515384615384615,0.5866666666666666,0.8133357618286458,Cluster-organized
InfoNCE,ArXivHierarchicalClusteringS2S,e5_large_v2,11,-0.6005884924083814,-0.3969230769230769,-0.3066666666666666,0.6577839295826979,Cluster-organized
InfoNCE,ArXivHierarchicalClusteringS2S,e5_large_v2,22,-0.7070145952379371,-0.3607692307692307,-0.2666666666666666,0.6423423696266582,Cluster-organized
InfoNCE,ArXivHierarchicalClusteringS2S,e5_large_v2,33,-0.65889097739339,-0.4246153846153846,-0.3333333333333332,0.6534835311035821,Cluster-organized
InfoNCE,ArXivHierarchicalClusteringS2S,e5_large_v2,44,-0.7003981922756898,-0.3384615384615385,-0.2399999999999999,0.7098174324566493,Cluster-organized
LiDAR,ArXivHierarchicalClusteringS2S,e5_large_v2,11,-0.5752974586358393,-0.5269230769230769,-0.3866666666666666,0.6554946153749642,Cluster-organized
LiDAR,ArXivHierarchicalClusteringS2S,e5_large_v2,22,-0.6796401979875077,-0.6192307692307693,-0.4533333333333332,0.7472694918195969,Cluster-organized
LiDAR,ArXivHierarchicalClusteringS2S,e5_large_v2,33,-0.6289047553774245,-0.6399999999999999,-0.4799999999999999,0.7425051825294502,Cluster-organized
LiDAR,ArXivHierarchicalClusteringS2S,e5_large_v2,44,-0.512152713035569,-0.3523076923076922,-0.2666666666666666,0.6196285797777326,Cluster-organized
Matrix entropy,ArXivHierarchicalClusteringS2S,e5_large_v2,11,-0.601459684808642,-0.4107692307692308,-0.3199999999999999,0.6666572279397351,Cluster-organized
Matrix entropy,ArXivHierarchicalClusteringS2S,e5_large_v2,22,-0.7092750426888029,-0.3876923076923077,-0.2799999999999999,0.6491749628511033,Cluster-organized
Matrix entropy,ArXivHierarchicalClusteringS2S,e5_large_v2,33,-0.6587574409288652,-0.4399999999999999,-0.3466666666666665,0.6608791276770429,Cluster-organized
Matrix entropy,ArXivHierarchicalClusteringS2S,e5_large_v2,44,-0.6996887382843002,-0.37,-0.2666666666666666,0.7165661980668954,Cluster-organized
Participation ratio,ArXivHierarchicalClusteringS2S,e5_large_v2,11,-0.319393395542176,-0.37,-0.3066666666666666,0.6501988717005763,Cluster-organized
Participation ratio,ArXivHierarchicalClusteringS2S,e5_large_v2,22,-0.4087705207283333,-0.41,-0.3199999999999999,0.6180094027961837,Cluster-organized
Participation ratio,ArXivHierarchicalClusteringS2S,e5_large_v2,33,-0.3420532554732402,-0.3476923076923077,-0.2666666666666666,0.6306720668572314,Cluster-organized
Participation ratio,ArXivHierarchicalClusteringS2S,e5_large_v2,44,-0.3810532912216089,-0.4207692307692307,-0.3466666666666665,0.6848865660554522,Cluster-organized
Spectral gap,ArXivHierarchicalClusteringS2S,e5_large_v2,11,-0.2288715586373015,-0.143076923076923,-0.1399999999999999,0.5178976866098645,Cluster-organized
Spectral gap,ArXivHierarchicalClusteringS2S,e5_large_v2,22,-0.2454080381399413,-0.1676923076923077,-0.1533333333333333,0.4621170104933581,Cluster-organized
Spectral gap,ArXivHierarchicalClusteringS2S,e5_large_v2,33,-0.189637085383657,-0.0607692307692307,-0.0333333333333333,0.4751835526990292,Cluster-organized
Spectral gap,ArXivHierarchicalClusteringS2S,e5_large_v2,44,-0.2557002715824801,-0.2846153846153846,-0.2333333333333332,0.5496749064996904,Cluster-organized
Anisotropy,ArXivHierarchicalClusteringS2S,minilm_l6,11,-0.4514472836234344,-0.2142857142857143,-0.1428571428571428,0.5980374451446281,Cluster-organized
Anisotropy,ArXivHierarchicalClusteringS2S,minilm_l6,22,-0.6754582548114849,-0.3928571428571429,-0.2380952380952381,0.7390590865241508,Cluster-organized
Anisotropy,ArXivHierarchicalClusteringS2S,minilm_l6,33,-0.3555084740514276,0.0714285714285714,0.0476190476190476,0.5259021440222781,Cluster-organized
Anisotropy,ArXivHierarchicalClusteringS2S,minilm_l6,44,-0.5731979811044875,-0.25,-0.2380952380952381,0.6816738422737935,Cluster-organized
Curvature,ArXivHierarchicalClusteringS2S,minilm_l6,11,0.5765041778835238,0.4285714285714286,0.3333333333333333,0.6636478847577186,Cluster-organized
Curvature,ArXivHierarchicalClusteringS2S,minilm_l6,22,0.3844050935963827,0.2857142857142857,0.2380952380952381,0.5111712515441119,Cluster-organized
Curvature,ArXivHierarchicalClusteringS2S,minilm_l6,33,0.531934930069447,0.5714285714285715,0.3333333333333333,0.6400598613667401,Cluster-organized
Curvature,ArXivHierarchicalClusteringS2S,minilm_l6,44,0.578141832937686,0.4642857142857144,0.4285714285714286,0.6571512475244976,Cluster-organized
DiME,ArXivHierarchicalClusteringS2S,minilm_l6,11,0.1155952867084094,0.3928571428571429,0.3333333333333333,0.4625511360046245,Cluster-organized
DiME,ArXivHierarchicalClusteringS2S,minilm_l6,22,0.4571836863084222,0.6071428571428572,0.4285714285714286,0.5780479080640546,Cluster-organized
DiME,ArXivHierarchicalClusteringS2S,minilm_l6,33,0.1006496900841131,0.4642857142857144,0.3333333333333333,0.4627430512421304,Cluster-organized
DiME,ArXivHierarchicalClusteringS2S,minilm_l6,44,0.2547106830916503,0.3571428571428572,0.2380952380952381,0.5031682040838675,Cluster-organized
Harmora,ArXivHierarchicalClusteringS2S,minilm_l6,11,0.8908815655917186,0.5357142857142858,0.4285714285714286,0.8930902002288504,Cluster-organized
Harmora,ArXivHierarchicalClusteringS2S,minilm_l6,22,0.6957771305455503,0.4642857142857144,0.5238095238095238,0.7261414278300196,Cluster-organized
Harmora,ArXivHierarchicalClusteringS2S,minilm_l6,33,0.8803445429717996,0.7500000000000002,0.6190476190476191,0.889698704233004,Cluster-organized
Harmora,ArXivHierarchicalClusteringS2S,minilm_l6,44,0.8355709496823591,0.6071428571428572,0.5238095238095238,0.8358126673043731,Cluster-organized
InfoNCE,ArXivHierarchicalClusteringS2S,minilm_l6,11,-0.547024692508744,-0.2142857142857143,-0.1428571428571428,0.6137395615327431,Cluster-organized
InfoNCE,ArXivHierarchicalClusteringS2S,minilm_l6,22,-0.7266196071344694,-0.3928571428571429,-0.2380952380952381,0.7536635362506593,Cluster-organized
InfoNCE,ArXivHierarchicalClusteringS2S,minilm_l6,33,-0.4392264943466888,0.0714285714285714,0.0476190476190476,0.5328349838558598,Cluster-organized
InfoNCE,ArXivHierarchicalClusteringS2S,minilm_l6,44,-0.6555549640488806,-0.25,-0.2380952380952381,0.701825707447991,Cluster-organized
LiDAR,ArXivHierarchicalClusteringS2S,minilm_l6,11,-0.9178565696454708,-0.9642857142857144,-0.9047619047619048,0.9142152432531112,Cluster-organized
LiDAR,ArXivHierarchicalClusteringS2S,minilm_l6,22,-0.9845013688920012,-0.9285714285714288,-0.8095238095238096,0.9847144393500326,Cluster-organized
LiDAR,ArXivHierarchicalClusteringS2S,minilm_l6,33,-0.8936056759091562,-0.8571428571428573,-0.7142857142857143,0.8897180655303596,Cluster-organized
LiDAR,ArXivHierarchicalClusteringS2S,minilm_l6,44,-0.9432173040603692,-1.0,-1.0,0.9425595110981384,Cluster-organized
Matrix entropy,ArXivHierarchicalClusteringS2S,minilm_l6,11,-0.5039649954421095,-0.2142857142857143,-0.1428571428571428,0.6078468543764246,Cluster-organized
Matrix entropy,ArXivHierarchicalClusteringS2S,minilm_l6,22,-0.7081802116145812,-0.3928571428571429,-0.2380952380952381,0.7502911246314786,Cluster-organized
Matrix entropy,ArXivHierarchicalClusteringS2S,minilm_l6,33,-0.4057155727871064,0.0714285714285714,0.0476190476190476,0.5319631273512528,Cluster-organized
Matrix entropy,ArXivHierarchicalClusteringS2S,minilm_l6,44,-0.6190089666002911,-0.25,-0.2380952380952381,0.6934017589235982,Cluster-organized
Participation ratio,ArXivHierarchicalClusteringS2S,minilm_l6,11,-0.6367374884628044,-0.7500000000000002,-0.5238095238095238,0.7392752886297085,Cluster-organized
Participation ratio,ArXivHierarchicalClusteringS2S,minilm_l6,22,-0.8613311748755867,-0.9285714285714288,-0.8095238095238096,0.8934803745600686,Cluster-organized
Participation ratio,ArXivHierarchicalClusteringS2S,minilm_l6,33,-0.6111537944554276,-0.7857142857142859,-0.7142857142857143,0.7217837635305396,Cluster-organized
Participation ratio,ArXivHierarchicalClusteringS2S,minilm_l6,44,-0.7295483919109973,-0.7857142857142859,-0.6190476190476191,0.8006308310820247,Cluster-organized
Spectral gap,ArXivHierarchicalClusteringS2S,minilm_l6,11,-0.6248377461469417,-0.7500000000000002,-0.5238095238095238,0.7973497945808897,Cluster-organized
Spectral gap,ArXivHierarchicalClusteringS2S,minilm_l6,22,-0.8747210668598289,-0.9285714285714288,-0.8095238095238096,0.9399077872803028,Cluster-organized
Spectral gap,ArXivHierarchicalClusteringS2S,minilm_l6,33,-0.6708781391187668,-0.7857142857142859,-0.7142857142857143,0.8333200385142411,Cluster-organized
Spectral gap,ArXivHierarchicalClusteringS2S,minilm_l6,44,-0.7065483606032658,-0.7857142857142859,-0.6190476190476191,0.8312729380507916,Cluster-organized
Anisotropy,ArXivHierarchicalClusteringS2S,mpnet_base,11,-0.2636157490404984,-0.1483516483516483,-0.2051282051282051,0.5640445525621082,Cluster-organized
Anisotropy,ArXivHierarchicalClusteringS2S,mpnet_base,22,-0.2729579697407498,-0.1813186813186813,-0.2307692307692307,0.5646132168997047,Cluster-organized
Anisotropy,ArXivHierarchicalClusteringS2S,mpnet_base,33,-0.3198399824221528,-0.1978021978021978,-0.282051282051282,0.597600455861206,Cluster-organized
Anisotropy,ArXivHierarchicalClusteringS2S,mpnet_base,44,-0.2808719602477515,-0.0989010989010989,-0.1538461538461538,0.5923760305316892,Cluster-organized
Curvature,ArXivHierarchicalClusteringS2S,mpnet_base,11,0.6115222001403755,0.7252747252747254,0.5128205128205127,0.6398573068401161,Cluster-organized
Curvature,ArXivHierarchicalClusteringS2S,mpnet_base,22,0.6274273452836806,0.7142857142857143,0.5384615384615383,0.6797757122259248,Cluster-organized
Curvature,ArXivHierarchicalClusteringS2S,mpnet_base,33,0.6522303865928958,0.7802197802197801,0.5897435897435896,0.7011746184710398,Cluster-organized
Curvature,ArXivHierarchicalClusteringS2S,mpnet_base,44,0.5703381596715124,0.6703296703296703,0.4615384615384614,0.584980450522207,Cluster-organized
DiME,ArXivHierarchicalClusteringS2S,mpnet_base,11,0.4423543847502036,0.5824175824175823,0.6153846153846153,0.7154245979420977,Cluster-organized
DiME,ArXivHierarchicalClusteringS2S,mpnet_base,22,0.4212273241772705,0.4835164835164835,0.4871794871794871,0.696332984874519,Cluster-organized
DiME,ArXivHierarchicalClusteringS2S,mpnet_base,33,0.4565419384254615,0.5879120879120878,0.5897435897435896,0.6867469219582079,Cluster-organized
DiME,ArXivHierarchicalClusteringS2S,mpnet_base,44,0.4592613546677715,0.5494505494505494,0.5128205128205127,0.718478853144377,Cluster-organized
Harmora,ArXivHierarchicalClusteringS2S,mpnet_base,11,0.8488268434298566,0.7417582417582418,0.6666666666666665,0.8406883111763485,Cluster-organized
Harmora,ArXivHierarchicalClusteringS2S,mpnet_base,22,0.8587386894507822,0.7362637362637362,0.6923076923076922,0.872550525230479,Cluster-organized
Harmora,ArXivHierarchicalClusteringS2S,mpnet_base,33,0.8594202374792935,0.7857142857142857,0.7435897435897434,0.8476992458217807,Cluster-organized
Harmora,ArXivHierarchicalClusteringS2S,mpnet_base,44,0.8553850831725591,0.7087912087912087,0.6153846153846153,0.8521952586505026,Cluster-organized
InfoNCE,ArXivHierarchicalClusteringS2S,mpnet_base,11,-0.4273493641317966,-0.4450549450549451,-0.3589743589743589,0.606403604477922,Cluster-organized
InfoNCE,ArXivHierarchicalClusteringS2S,mpnet_base,22,-0.451250282545086,-0.4395604395604395,-0.3846153846153845,0.6331684131108477,Cluster-organized
InfoNCE,ArXivHierarchicalClusteringS2S,mpnet_base,33,-0.4740235182008195,-0.4945054945054945,-0.4358974358974358,0.6392047473983459,Cluster-organized
InfoNCE,ArXivHierarchicalClusteringS2S,mpnet_base,44,-0.4295580740936031,-0.3846153846153846,-0.3076923076923076,0.6215991179202205,Cluster-organized
LiDAR,ArXivHierarchicalClusteringS2S,mpnet_base,11,-0.7334368410093169,-0.4835164835164835,-0.3589743589743589,0.7785114534966089,Cluster-organized
LiDAR,ArXivHierarchicalClusteringS2S,mpnet_base,22,-0.7816318136161416,-0.5,-0.3846153846153845,0.8202058779355927,Cluster-organized
LiDAR,ArXivHierarchicalClusteringS2S,mpnet_base,33,-0.7248555196974608,-0.5384615384615384,-0.4358974358974358,0.7754713180896585,Cluster-organized
LiDAR,ArXivHierarchicalClusteringS2S,mpnet_base,44,-0.7319112092122586,-0.4505494505494505,-0.3076923076923076,0.8075169366502211,Cluster-organized
Matrix entropy,ArXivHierarchicalClusteringS2S,mpnet_base,11,-0.4187061636930486,-0.4835164835164835,-0.4102564102564102,0.6057519148797332,Cluster-organized
Matrix entropy,ArXivHierarchicalClusteringS2S,mpnet_base,22,-0.4275242864628151,-0.4725274725274725,-0.4358974358974358,0.6186114878792767,Cluster-organized
Matrix entropy,ArXivHierarchicalClusteringS2S,mpnet_base,33,-0.4646318674050713,-0.521978021978022,-0.4871794871794871,0.627508106414664,Cluster-organized
Matrix entropy,ArXivHierarchicalClusteringS2S,mpnet_base,44,-0.432783059728802,-0.4450549450549451,-0.3589743589743589,0.6242916219360904,Cluster-organized
Participation ratio,ArXivHierarchicalClusteringS2S,mpnet_base,11,-0.7739409526929215,-0.7142857142857143,-0.6666666666666665,0.7973353698376623,Cluster-organized
Participation ratio,ArXivHierarchicalClusteringS2S,mpnet_base,22,-0.7715121455650787,-0.6703296703296703,-0.6410256410256409,0.8032793912097645,Cluster-organized
Participation ratio,ArXivHierarchicalClusteringS2S,mpnet_base,33,-0.7824911883759704,-0.7472527472527472,-0.7435897435897434,0.7792301811329271,Cluster-organized
Participation ratio,ArXivHierarchicalClusteringS2S,mpnet_base,44,-0.7889617844714467,-0.6868131868131868,-0.6153846153846153,0.8131415703839835,Cluster-organized
Spectral gap,ArXivHierarchicalClusteringS2S,mpnet_base,11,-0.704079135332569,-0.7142857142857143,-0.6666666666666665,0.7530477998535544,Cluster-organized
Spectral gap,ArXivHierarchicalClusteringS2S,mpnet_base,22,-0.7128894637133891,-0.6703296703296703,-0.6410256410256409,0.7708901150771129,Cluster-organized
Spectral gap,ArXivHierarchicalClusteringS2S,mpnet_base,33,-0.6986924761749173,-0.7252747252747254,-0.6923076923076922,0.7279058581690053,Cluster-organized
Spectral gap,ArXivHierarchicalClusteringS2S,mpnet_base,44,-0.696798176197214,-0.6813186813186813,-0.6153846153846153,0.7385023948878624,Cluster-organized
Anisotropy,ArXivHierarchicalClusteringS2S,snowflake_arctic_embed_m,11,0.8401250900642743,0.8811188811188813,0.7272727272727272,0.8567544305258659,Cluster-organized
Anisotropy,ArXivHierarchicalClusteringS2S,snowflake_arctic_embed_m,22,0.9098443608777308,0.8531468531468532,0.7272727272727272,0.9024067852808312,Cluster-organized
Anisotropy,ArXivHierarchicalClusteringS2S,snowflake_arctic_embed_m,33,0.8444125489074982,0.8111888111888113,0.606060606060606,0.8596060796977808,Cluster-organized
Anisotropy,ArXivHierarchicalClusteringS2S,snowflake_arctic_embed_m,44,0.8100360775194938,0.7412587412587414,0.5757575757575757,0.841275238378746,Cluster-organized
Curvature,ArXivHierarchicalClusteringS2S,snowflake_arctic_embed_m,11,-0.3718518123013784,0.0209790209790209,0.0303030303030303,0.595220003208383,Cluster-organized
Curvature,ArXivHierarchicalClusteringS2S,snowflake_arctic_embed_m,22,-0.3164230884612168,-0.0769230769230769,-0.0909090909090909,0.6185258275705847,Cluster-organized
Curvature,ArXivHierarchicalClusteringS2S,snowflake_arctic_embed_m,33,-0.3730897979822291,-0.0629370629370629,-0.0909090909090909,0.5858651812453881,Cluster-organized
Curvature,ArXivHierarchicalClusteringS2S,snowflake_arctic_embed_m,44,-0.4521426688652296,-0.2447552447552448,-0.1818181818181818,0.5872357313451093,Cluster-organized
DiME,ArXivHierarchicalClusteringS2S,snowflake_arctic_embed_m,11,0.8491406701975635,0.8811188811188813,0.7272727272727272,0.8458546087944527,Cluster-organized
DiME,ArXivHierarchicalClusteringS2S,snowflake_arctic_embed_m,22,0.89917599643136,0.8531468531468532,0.7272727272727272,0.8795771095504148,Cluster-organized
DiME,ArXivHierarchicalClusteringS2S,snowflake_arctic_embed_m,33,0.8560741746422781,0.8111888111888113,0.606060606060606,0.8507354647424237,Cluster-organized
DiME,ArXivHierarchicalClusteringS2S,snowflake_arctic_embed_m,44,0.8213839233934362,0.7412587412587414,0.5757575757575757,0.8304722795031404,Cluster-organized
Harmora,ArXivHierarchicalClusteringS2S,snowflake_arctic_embed_m,11,0.6278045379295611,0.7062937062937064,0.5454545454545454,0.6130720813045683,Cluster-organized
Harmora,ArXivHierarchicalClusteringS2S,snowflake_arctic_embed_m,22,0.6776320250527574,0.7202797202797203,0.606060606060606,0.6413348728942907,Cluster-organized
Harmora,ArXivHierarchicalClusteringS2S,snowflake_arctic_embed_m,33,0.660611925547147,0.6783216783216784,0.5454545454545454,0.6496719343490238,Cluster-organized
Harmora,ArXivHierarchicalClusteringS2S,snowflake_arctic_embed_m,44,0.5830474176204886,0.5174825174825175,0.4545454545454545,0.5728876197036364,Cluster-organized
InfoNCE,ArXivHierarchicalClusteringS2S,snowflake_arctic_embed_m,11,0.8443461248105163,0.8601398601398602,0.6969696969696969,0.8600782290840103,Cluster-organized
InfoNCE,ArXivHierarchicalClusteringS2S,snowflake_arctic_embed_m,22,0.9121446488116396,0.8181818181818183,0.6969696969696969,0.9046194052103712,Cluster-organized
InfoNCE,ArXivHierarchicalClusteringS2S,snowflake_arctic_embed_m,33,0.8502290322621167,0.7832167832167832,0.5757575757575757,0.8643942900244834,Cluster-organized
InfoNCE,ArXivHierarchicalClusteringS2S,snowflake_arctic_embed_m,44,0.8147948146666993,0.6923076923076924,0.5454545454545454,0.8445853228417745,Cluster-organized
LiDAR,ArXivHierarchicalClusteringS2S,snowflake_arctic_embed_m,11,0.4925230647967837,0.8041958041958043,0.606060606060606,0.5724211030162886,Cluster-organized
LiDAR,ArXivHierarchicalClusteringS2S,snowflake_arctic_embed_m,22,0.6401666055042075,0.8041958041958043,0.6666666666666666,0.66775256432434,Cluster-organized
LiDAR,ArXivHierarchicalClusteringS2S,snowflake_arctic_embed_m,33,0.5476298629042159,0.7902097902097903,0.606060606060606,0.6092322192833863,Cluster-organized
LiDAR,ArXivHierarchicalClusteringS2S,snowflake_arctic_embed_m,44,0.4915279635675187,0.6573426573426573,0.5151515151515151,0.5424968985979761,Cluster-organized
Matrix entropy,ArXivHierarchicalClusteringS2S,snowflake_arctic_embed_m,11,0.841961960332559,0.8601398601398602,0.6969696969696969,0.8593277706992558,Cluster-organized
Matrix entropy,ArXivHierarchicalClusteringS2S,snowflake_arctic_embed_m,22,0.911371042409459,0.8181818181818183,0.6969696969696969,0.9034191002230408,Cluster-organized
Matrix entropy,ArXivHierarchicalClusteringS2S,snowflake_arctic_embed_m,33,0.8471442021186195,0.7832167832167832,0.5757575757575757,0.86292408006981,Cluster-organized
Matrix entropy,ArXivHierarchicalClusteringS2S,snowflake_arctic_embed_m,44,0.811278835251366,0.6923076923076924,0.5454545454545454,0.8431575305653677,Cluster-organized
Participation ratio,ArXivHierarchicalClusteringS2S,snowflake_arctic_embed_m,11,0.8005125613235275,0.5244755244755246,0.3636363636363636,0.8914907168761762,Cluster-organized
Participation ratio,ArXivHierarchicalClusteringS2S,snowflake_arctic_embed_m,22,0.8490517940509632,0.5174825174825175,0.3636363636363636,0.92165703808567,Cluster-organized
Participation ratio,ArXivHierarchicalClusteringS2S,snowflake_arctic_embed_m,33,0.8079683677516611,0.5174825174825175,0.303030303030303,0.8857109330555912,Cluster-organized
Participation ratio,ArXivHierarchicalClusteringS2S,snowflake_arctic_embed_m,44,0.799096973844877,0.5384615384615385,0.3939393939393938,0.8883336486011233,Cluster-organized
Spectral gap,ArXivHierarchicalClusteringS2S,snowflake_arctic_embed_m,11,0.7992031432010468,0.6853146853146854,0.4848484848484848,0.8952295648620225,Cluster-organized
Spectral gap,ArXivHierarchicalClusteringS2S,snowflake_arctic_embed_m,22,0.7703202207303466,0.6363636363636365,0.4848484848484848,0.8952983190479293,Cluster-organized
Spectral gap,ArXivHierarchicalClusteringS2S,snowflake_arctic_embed_m,33,0.8355648547205706,0.6363636363636365,0.4242424242424242,0.8990230105641415,Cluster-organized
Spectral gap,ArXivHierarchicalClusteringS2S,snowflake_arctic_embed_m,44,0.8215348537825716,0.5874125874125874,0.3939393939393938,0.8991445369450669,Cluster-organized
Anisotropy,BiorxivClusteringP2P.v2,bge_base_en_v15,11,0.5316948061390885,0.1118881118881118,0.0909090909090909,0.6716891559002904,Cluster-organized
Anisotropy,BiorxivClusteringP2P.v2,bge_base_en_v15,22,0.4760941767847117,0.0769230769230769,0.0303030303030303,0.6567387991269535,Cluster-organized
Anisotropy,BiorxivClusteringP2P.v2,bge_base_en_v15,33,0.5692623897413713,0.0209790209790209,-0.0606060606060606,0.6949387202511855,Cluster-organized
Anisotropy,BiorxivClusteringP2P.v2,bge_base_en_v15,44,0.5965852643247908,0.0979020979020979,0.0606060606060606,0.6975930733871198,Cluster-organized
Curvature,BiorxivClusteringP2P.v2,bge_base_en_v15,11,0.0679195110721563,0.0419580419580419,0.0303030303030303,0.2871585527025664,Cluster-organized
Curvature,BiorxivClusteringP2P.v2,bge_base_en_v15,22,0.0885693086896572,-0.0209790209790209,-0.0303030303030303,0.2907199411284739,Cluster-organized
Curvature,BiorxivClusteringP2P.v2,bge_base_en_v15,33,0.0429878561479108,0.0279720279720279,0.0,0.318726192765681,Cluster-organized
Curvature,BiorxivClusteringP2P.v2,bge_base_en_v15,44,0.0186381195510539,-0.0839160839160839,-0.0606060606060606,0.2959241288506626,Cluster-organized
DiME,BiorxivClusteringP2P.v2,bge_base_en_v15,11,0.5293248264384177,0.1258741258741259,0.1212121212121212,0.6661948067616345,Cluster-organized
DiME,BiorxivClusteringP2P.v2,bge_base_en_v15,22,0.4807596498905142,0.1048951048951049,0.0606060606060606,0.6470749910601576,Cluster-organized
DiME,BiorxivClusteringP2P.v2,bge_base_en_v15,33,0.5559215375717921,0.0629370629370629,-0.0303030303030303,0.6830392477689,Cluster-organized
DiME,BiorxivClusteringP2P.v2,bge_base_en_v15,44,0.5927469355550581,0.1118881118881118,0.0909090909090909,0.6913055164065767,Cluster-organized
Harmora,BiorxivClusteringP2P.v2,bge_base_en_v15,11,-0.0420408890018993,-0.1258741258741259,-0.0606060606060606,0.4601848656412167,Cluster-organized
Harmora,BiorxivClusteringP2P.v2,bge_base_en_v15,22,-0.0942945210172433,-0.1538461538461538,-0.1212121212121212,0.4736607049429461,Cluster-organized
Harmora,BiorxivClusteringP2P.v2,bge_base_en_v15,33,-0.0415983674389572,-0.2097902097902098,-0.2121212121212121,0.4851396616308656,Cluster-organized
Harmora,BiorxivClusteringP2P.v2,bge_base_en_v15,44,0.0209984537030259,-0.1398601398601399,-0.0909090909090909,0.4480824850734329,Cluster-organized
InfoNCE,BiorxivClusteringP2P.v2,bge_base_en_v15,11,0.5773252093509859,0.1118881118881118,0.0909090909090909,0.6878343778113836,Cluster-organized
InfoNCE,BiorxivClusteringP2P.v2,bge_base_en_v15,22,0.526319092858919,0.0769230769230769,0.0303030303030303,0.6690931923618877,Cluster-organized
InfoNCE,BiorxivClusteringP2P.v2,bge_base_en_v15,33,0.6151769702942762,0.0209790209790209,-0.0606060606060606,0.7100575209751188,Cluster-organized
InfoNCE,BiorxivClusteringP2P.v2,bge_base_en_v15,44,0.6389534865853662,0.0979020979020979,0.0606060606060606,0.716329280147237,Cluster-organized
LiDAR,BiorxivClusteringP2P.v2,bge_base_en_v15,11,-0.0561788228616983,-0.1398601398601399,-0.1212121212121212,0.4134756153455324,Cluster-organized
LiDAR,BiorxivClusteringP2P.v2,bge_base_en_v15,22,-0.1004475646702414,-0.1608391608391608,-0.1818181818181818,0.4276389257581664,Cluster-organized
LiDAR,BiorxivClusteringP2P.v2,bge_base_en_v15,33,-0.0715464026083811,-0.1608391608391608,-0.2121212121212121,0.4274747362174427,Cluster-organized
LiDAR,BiorxivClusteringP2P.v2,bge_base_en_v15,44,-0.0076352139075803,-0.1538461538461538,-0.1515151515151515,0.3917369034067684,Cluster-organized
Matrix entropy,BiorxivClusteringP2P.v2,bge_base_en_v15,11,0.51963968007837,0.0979020979020979,0.0606060606060606,0.6721966105849739,Cluster-organized
Matrix entropy,BiorxivClusteringP2P.v2,bge_base_en_v15,22,0.4635630279375461,0.0699300699300699,0.0,0.6578047753863644,Cluster-organized
Matrix entropy,BiorxivClusteringP2P.v2,bge_base_en_v15,33,0.5547102904877095,0.0139860139860139,-0.0909090909090909,0.6930344960494155,Cluster-organized
Matrix entropy,BiorxivClusteringP2P.v2,bge_base_en_v15,44,0.5848792164802044,0.0839160839160839,0.0303030303030303,0.6962772696590263,Cluster-organized
Participation ratio,BiorxivClusteringP2P.v2,bge_base_en_v15,11,0.8143228447359974,0.6923076923076924,0.5454545454545454,0.788444368079667,Cluster-organized
Participation ratio,BiorxivClusteringP2P.v2,bge_base_en_v15,22,0.7803720266782079,0.7482517482517484,0.606060606060606,0.7650633007025008,Cluster-organized
Participation ratio,BiorxivClusteringP2P.v2,bge_base_en_v15,33,0.846468421401537,0.7272727272727274,0.5757575757575757,0.8176582377633319,Cluster-organized
Participation ratio,BiorxivClusteringP2P.v2,bge_base_en_v15,44,0.8516921063025926,0.7482517482517484,0.5757575757575757,0.8246358774894208,Cluster-organized
Spectral gap,BiorxivClusteringP2P.v2,bge_base_en_v15,11,0.2853866702208973,0.5804195804195805,0.4848484848484848,0.642222262498124,Cluster-organized
Spectral gap,BiorxivClusteringP2P.v2,bge_base_en_v15,22,0.2775093776618248,0.6573426573426573,0.5454545454545454,0.6295128955611056,Cluster-organized
Spectral gap,BiorxivClusteringP2P.v2,bge_base_en_v15,33,0.3786853693351018,0.6783216783216784,0.5151515151515151,0.6750753479695913,Cluster-organized
Spectral gap,BiorxivClusteringP2P.v2,bge_base_en_v15,44,0.3531253090127436,0.6783216783216784,0.5151515151515151,0.6672056878021281,Cluster-organized
Anisotropy,BiorxivClusteringP2P.v2,bge_large_en_v15,11,-0.0546767345018807,-0.3765217391304347,-0.3333333333333333,0.6343527470930104,Cluster-organized
Anisotropy,BiorxivClusteringP2P.v2,bge_large_en_v15,22,-0.026850796863706,-0.3678260869565217,-0.3188405797101449,0.6286392456568033,Cluster-organized
Anisotropy,BiorxivClusteringP2P.v2,bge_large_en_v15,33,0.0373150219475438,-0.3443478260869564,-0.3333333333333333,0.6430238509743275,Cluster-organized
Anisotropy,BiorxivClusteringP2P.v2,bge_large_en_v15,44,-0.0148146120181956,-0.3278260869565217,-0.2971014492753623,0.6242095005053743,Cluster-organized
Curvature,BiorxivClusteringP2P.v2,bge_large_en_v15,11,-0.2033219126414575,-0.1252173913043478,-0.0652173913043478,0.3997652176672679,Cluster-organized
Curvature,BiorxivClusteringP2P.v2,bge_large_en_v15,22,-0.2226150231419549,-0.2252173913043478,-0.1376811594202898,0.3925081659581396,Cluster-organized
Curvature,BiorxivClusteringP2P.v2,bge_large_en_v15,33,-0.2541152204646071,-0.1860869565217391,-0.1231884057971014,0.4254260478475626,Cluster-organized
Curvature,BiorxivClusteringP2P.v2,bge_large_en_v15,44,-0.2660650722024246,-0.137391304347826,-0.0869565217391304,0.4424022658376598,Cluster-organized
DiME,BiorxivClusteringP2P.v2,bge_large_en_v15,11,-0.1430791268578705,-0.3704347826086955,-0.3188405797101449,0.6360442146856747,Cluster-organized
DiME,BiorxivClusteringP2P.v2,bge_large_en_v15,22,-0.1054483589549865,-0.3460869565217391,-0.289855072463768,0.6385302239055035,Cluster-organized
DiME,BiorxivClusteringP2P.v2,bge_large_en_v15,33,-0.0403124759192685,-0.3278260869565217,-0.3043478260869565,0.6379820454975641,Cluster-organized
DiME,BiorxivClusteringP2P.v2,bge_large_en_v15,44,-0.0899108424407365,-0.3295652173913043,-0.3115942028985507,0.6215839965280678,Cluster-organized
Harmora,BiorxivClusteringP2P.v2,bge_large_en_v15,11,-0.5679883099349778,-0.5026086956521739,-0.4275362318840579,0.6802011830092116,Cluster-organized
Harmora,BiorxivClusteringP2P.v2,bge_large_en_v15,22,-0.548452104562028,-0.5017391304347826,-0.3985507246376811,0.6849300534961343,Cluster-organized
Harmora,BiorxivClusteringP2P.v2,bge_large_en_v15,33,-0.4743390442048901,-0.4582608695652173,-0.3550724637681159,0.6530888829115012,Cluster-organized
Harmora,BiorxivClusteringP2P.v2,bge_large_en_v15,44,-0.5022493927492119,-0.4452173913043478,-0.3478260869565217,0.6478927094369713,Cluster-organized
InfoNCE,BiorxivClusteringP2P.v2,bge_large_en_v15,11,0.0987424519960663,-0.32,-0.2753623188405797,0.62516370159829,Cluster-organized
InfoNCE,BiorxivClusteringP2P.v2,bge_large_en_v15,22,0.1246392047568618,-0.2930434782608695,-0.2463768115942028,0.6307615289807872,Cluster-organized
InfoNCE,BiorxivClusteringP2P.v2,bge_large_en_v15,33,0.193931497148456,-0.2617391304347826,-0.2753623188405797,0.642160265220066,Cluster-organized
InfoNCE,BiorxivClusteringP2P.v2,bge_large_en_v15,44,0.1393662319926902,-0.2652173913043478,-0.2391304347826087,0.6182027537996195,Cluster-organized
LiDAR,BiorxivClusteringP2P.v2,bge_large_en_v15,11,-0.2505518397589245,-0.2869565217391304,-0.2101449275362318,0.5892477899506783,Cluster-organized
LiDAR,BiorxivClusteringP2P.v2,bge_large_en_v15,22,-0.2349896591006978,-0.2539130434782608,-0.1956521739130435,0.6124054390880687,Cluster-organized
LiDAR,BiorxivClusteringP2P.v2,bge_large_en_v15,33,-0.1430960111423972,-0.2104347826086956,-0.181159420289855,0.5686293248959176,Cluster-organized
LiDAR,BiorxivClusteringP2P.v2,bge_large_en_v15,44,-0.1594111398960166,-0.24,-0.217391304347826,0.5573230041094471,Cluster-organized
Matrix entropy,BiorxivClusteringP2P.v2,bge_large_en_v15,11,-0.0471080068047873,-0.3669565217391303,-0.3260869565217391,0.6321142432289092,Cluster-organized
Matrix entropy,BiorxivClusteringP2P.v2,bge_large_en_v15,22,-0.0156013651682231,-0.348695652173913,-0.2971014492753623,0.6314603033488306,Cluster-organized
Matrix entropy,BiorxivClusteringP2P.v2,bge_large_en_v15,33,0.0498372037240528,-0.3243478260869564,-0.3115942028985507,0.6407764304226061,Cluster-organized
Matrix entropy,BiorxivClusteringP2P.v2,bge_large_en_v15,44,-0.002220823923093,-0.3130434782608695,-0.2753623188405797,0.6217042131638273,Cluster-organized
Participation ratio,BiorxivClusteringP2P.v2,bge_large_en_v15,11,0.7365069081353703,0.7139130434782608,0.4782608695652174,0.7548747074948794,Cluster-organized
Participation ratio,BiorxivClusteringP2P.v2,bge_large_en_v15,22,0.7895861005935318,0.7965217391304347,0.5797101449275361,0.7972642560015533,Cluster-organized
Participation ratio,BiorxivClusteringP2P.v2,bge_large_en_v15,33,0.7910333747259708,0.748695652173913,0.5072463768115942,0.7725935303820214,Cluster-organized
Participation ratio,BiorxivClusteringP2P.v2,bge_large_en_v15,44,0.743740519038569,0.7043478260869565,0.4855072463768116,0.7383607341138886,Cluster-organized
Spectral gap,BiorxivClusteringP2P.v2,bge_large_en_v15,11,0.6838078139374587,0.5826086956521739,0.3985507246376811,0.6689916269910727,Cluster-organized
Spectral gap,BiorxivClusteringP2P.v2,bge_large_en_v15,22,0.7455736453368058,0.6947826086956521,0.5144927536231884,0.7110681890890874,Cluster-organized
Spectral gap,BiorxivClusteringP2P.v2,bge_large_en_v15,33,0.6979765903083007,0.6286956521739131,0.4275362318840579,0.6676503750787157,Cluster-organized
Spectral gap,BiorxivClusteringP2P.v2,bge_large_en_v15,44,0.6610076660181932,0.5530434782608695,0.3768115942028985,0.6381493337582175,Cluster-organized
Anisotropy,BiorxivClusteringP2P.v2,e5_base_v2,11,0.062060290883994,0.1208791208791208,0.0769230769230769,0.5237717242192834,Cluster-organized
Anisotropy,BiorxivClusteringP2P.v2,e5_base_v2,22,0.1810778458946031,0.1098901098901098,0.1025641025641025,0.4548493360803491,Cluster-organized
Anisotropy,BiorxivClusteringP2P.v2,e5_base_v2,33,0.2619731444054157,0.1868131868131868,0.1282051282051281,0.3876616691353172,Cluster-organized
Anisotropy,BiorxivClusteringP2P.v2,e5_base_v2,44,0.0365984578581675,0.2692307692307692,0.2051282051282051,0.590389035259108,Cluster-organized
Curvature,BiorxivClusteringP2P.v2,e5_base_v2,11,-0.2722020060180877,-0.2967032967032967,-0.1794871794871794,0.4258853235376439,Cluster-organized
Curvature,BiorxivClusteringP2P.v2,e5_base_v2,22,-0.4632817560794442,-0.5274725274725275,-0.3589743589743589,0.5361752831387976,Cluster-organized
Curvature,BiorxivClusteringP2P.v2,e5_base_v2,33,-0.3513389557500981,-0.3791208791208791,-0.282051282051282,0.4237517273647131,Cluster-organized
Curvature,BiorxivClusteringP2P.v2,e5_base_v2,44,-0.2863699837508465,-0.3461538461538461,-0.2564102564102563,0.4074142621611243,Cluster-organized
DiME,BiorxivClusteringP2P.v2,e5_base_v2,11,-0.0077245757684254,0.0934065934065934,0.0512820512820512,0.4671391677536716,Cluster-organized
DiME,BiorxivClusteringP2P.v2,e5_base_v2,22,0.1130366148780123,0.0769230769230769,0.0769230769230769,0.3870499646960086,Cluster-organized
DiME,BiorxivClusteringP2P.v2,e5_base_v2,33,0.1991018195475053,0.1593406593406593,0.1025641025641025,0.3351244554249354,Cluster-organized
DiME,BiorxivClusteringP2P.v2,e5_base_v2,44,0.0038840221397675,0.2417582417582417,0.1794871794871794,0.5256639973572633,Cluster-organized
Harmora,BiorxivClusteringP2P.v2,e5_base_v2,11,0.8855522662107524,0.5659340659340659,0.4358974358974358,0.8768725524843315,Cluster-organized
Harmora,BiorxivClusteringP2P.v2,e5_base_v2,22,0.7731796924473697,0.4230769230769231,0.3076923076923076,0.7764623845404744,Cluster-organized
Harmora,BiorxivClusteringP2P.v2,e5_base_v2,33,0.6887794926470393,0.4230769230769231,0.282051282051282,0.7040155050699932,Cluster-organized
Harmora,BiorxivClusteringP2P.v2,e5_base_v2,44,0.7776797752567607,0.3076923076923076,0.1538461538461538,0.774233673861497,Cluster-organized
InfoNCE,BiorxivClusteringP2P.v2,e5_base_v2,11,0.0611264471364341,0.1208791208791208,0.0769230769230769,0.5237231434181471,Cluster-organized
InfoNCE,BiorxivClusteringP2P.v2,e5_base_v2,22,0.1821865466947707,0.1098901098901098,0.1025641025641025,0.4552162980098856,Cluster-organized
InfoNCE,BiorxivClusteringP2P.v2,e5_base_v2,33,0.2632477823106802,0.1868131868131868,0.1282051282051281,0.3875640772416654,Cluster-organized
InfoNCE,BiorxivClusteringP2P.v2,e5_base_v2,44,0.0357033323791422,0.2692307692307692,0.2051282051282051,0.5911243448490223,Cluster-organized
LiDAR,BiorxivClusteringP2P.v2,e5_base_v2,11,-0.2430967025641356,-0.2197802197802197,-0.1282051282051281,0.4513758463624376,Cluster-organized
LiDAR,BiorxivClusteringP2P.v2,e5_base_v2,22,-0.2309497240568134,-0.2087912087912088,-0.1538461538461538,0.4279250650056015,Cluster-organized
LiDAR,BiorxivClusteringP2P.v2,e5_base_v2,33,-0.1941429537849135,-0.1923076923076923,-0.1282051282051281,0.3255795126716198,Cluster-organized
LiDAR,BiorxivClusteringP2P.v2,e5_base_v2,44,-0.29434150898341,-0.0604395604395604,-0.0512820512820512,0.5033460814772873,Cluster-organized
Matrix entropy,BiorxivClusteringP2P.v2,e5_base_v2,11,0.0620809275587668,0.1208791208791208,0.0769230769230769,0.5294890401649303,Cluster-organized
Matrix entropy,BiorxivClusteringP2P.v2,e5_base_v2,22,0.1789091343924847,0.1098901098901098,0.1025641025641025,0.4622673342314932,Cluster-organized
Matrix entropy,BiorxivClusteringP2P.v2,e5_base_v2,33,0.2626299902430661,0.1868131868131868,0.1282051282051281,0.3902432206628566,Cluster-organized
Matrix entropy,BiorxivClusteringP2P.v2,e5_base_v2,44,0.0268656817326451,0.2692307692307692,0.2051282051282051,0.5972766153244092,Cluster-organized
Participation ratio,BiorxivClusteringP2P.v2,e5_base_v2,11,0.3615734723600894,0.3351648351648351,0.282051282051282,0.7044126419107061,Cluster-organized
Participation ratio,BiorxivClusteringP2P.v2,e5_base_v2,22,0.4560788627943374,0.5054945054945055,0.4615384615384614,0.6247057886399994,Cluster-organized
Participation ratio,BiorxivClusteringP2P.v2,e5_base_v2,33,0.5216093184819137,0.5494505494505494,0.4871794871794871,0.576642584647472,Cluster-organized
Participation ratio,BiorxivClusteringP2P.v2,e5_base_v2,44,0.2088312582859361,0.5659340659340659,0.5128205128205127,0.6617336879916788,Cluster-organized
Spectral gap,BiorxivClusteringP2P.v2,e5_base_v2,11,0.4303372120048624,0.3626373626373627,0.282051282051282,0.7397274419373218,Cluster-organized
Spectral gap,BiorxivClusteringP2P.v2,e5_base_v2,22,0.5821916199619502,0.6318681318681317,0.564102564102564,0.7213877998918292,Cluster-organized
Spectral gap,BiorxivClusteringP2P.v2,e5_base_v2,33,0.6468604215415172,0.6043956043956044,0.5384615384615383,0.6944407490939261,Cluster-organized
Spectral gap,BiorxivClusteringP2P.v2,e5_base_v2,44,0.2851907729631341,0.6208791208791209,0.564102564102564,0.7070314522657131,Cluster-organized
Anisotropy,BiorxivClusteringP2P.v2,e5_large_v2,11,0.1621341588221659,-0.1715384615384615,-0.1466666666666666,0.5248801723404275,Cluster-organized
Anisotropy,BiorxivClusteringP2P.v2,e5_large_v2,22,0.1431760374726157,0.0323076923076923,0.0333333333333333,0.4251611180353669,Cluster-organized
Anisotropy,BiorxivClusteringP2P.v2,e5_large_v2,33,-0.025732375687396,-0.12,-0.0999999999999999,0.4304400159856452,Cluster-organized
Anisotropy,BiorxivClusteringP2P.v2,e5_large_v2,44,0.1151958651983456,0.2023076923076922,0.1399999999999999,0.5109743527705496,Cluster-organized
Curvature,BiorxivClusteringP2P.v2,e5_large_v2,11,0.0463465104417016,0.1638461538461538,0.1266666666666666,0.3441970494733692,Cluster-organized
Curvature,BiorxivClusteringP2P.v2,e5_large_v2,22,0.1023644380331424,0.3076923076923076,0.2133333333333333,0.3919818791113457,Cluster-organized
Curvature,BiorxivClusteringP2P.v2,e5_large_v2,33,0.167527563601097,0.3999999999999999,0.2799999999999999,0.470978803569301,Cluster-organized
Curvature,BiorxivClusteringP2P.v2,e5_large_v2,44,0.0612285028497705,0.3046153846153846,0.2266666666666666,0.4059876961949429,Cluster-organized
DiME,BiorxivClusteringP2P.v2,e5_large_v2,11,0.1312581521948436,-0.1176923076923077,-0.0999999999999999,0.496245836690724,Cluster-organized
DiME,BiorxivClusteringP2P.v2,e5_large_v2,22,0.1856168917413475,0.13,0.0933333333333333,0.4025140629806339,Cluster-organized
DiME,BiorxivClusteringP2P.v2,e5_large_v2,33,-0.0148720698575052,-0.0707692307692307,-0.0666666666666666,0.3996782056766411,Cluster-organized
DiME,BiorxivClusteringP2P.v2,e5_large_v2,44,0.1370160911321545,0.2438461538461538,0.1733333333333332,0.4710308619124984,Cluster-organized
Harmora,BiorxivClusteringP2P.v2,e5_large_v2,11,0.7020060576528435,0.2215384615384615,0.1599999999999999,0.680795155504816,Cluster-organized
Harmora,BiorxivClusteringP2P.v2,e5_large_v2,22,0.6905053256075423,0.1723076923076923,0.1133333333333333,0.6828584054900471,Cluster-organized
Harmora,BiorxivClusteringP2P.v2,e5_large_v2,33,0.5657289166321551,0.0484615384615384,0.0733333333333333,0.5436128904210745,Cluster-organized
Harmora,BiorxivClusteringP2P.v2,e5_large_v2,44,0.6598131941999654,0.1523076923076923,0.0733333333333333,0.6741524207035529,Cluster-organized
InfoNCE,BiorxivClusteringP2P.v2,e5_large_v2,11,0.1663997324875792,-0.1369230769230769,-0.1266666666666666,0.5189194340167818,Cluster-organized
InfoNCE,BiorxivClusteringP2P.v2,e5_large_v2,22,0.1451126211093478,0.0669230769230769,0.0533333333333333,0.4231310963365651,Cluster-organized
InfoNCE,BiorxivClusteringP2P.v2,e5_large_v2,33,-0.0211380325381988,-0.093076923076923,-0.0799999999999999,0.4237167645263431,Cluster-organized
InfoNCE,BiorxivClusteringP2P.v2,e5_large_v2,44,0.1150161174267018,0.2315384615384615,0.1599999999999999,0.5158642360709814,Cluster-organized
LiDAR,BiorxivClusteringP2P.v2,e5_large_v2,11,0.1643347046456039,0.2815384615384615,0.2599999999999999,0.430253620257244,Cluster-organized
LiDAR,BiorxivClusteringP2P.v2,e5_large_v2,22,0.1044362476148089,0.2876923076923076,0.2266666666666666,0.3973679296133427,Cluster-organized
LiDAR,BiorxivClusteringP2P.v2,e5_large_v2,33,0.133440735209812,0.3553846153846154,0.2133333333333333,0.4837142031062993,Cluster-organized
LiDAR,BiorxivClusteringP2P.v2,e5_large_v2,44,0.0771424133686785,0.4092307692307692,0.3199999999999999,0.4436632586075191,Cluster-organized
Matrix entropy,BiorxivClusteringP2P.v2,e5_large_v2,11,0.1534446219435774,-0.1776923076923077,-0.1533333333333333,0.52463338504073,Cluster-organized
Matrix entropy,BiorxivClusteringP2P.v2,e5_large_v2,22,0.1283595244046918,0.0192307692307692,0.0266666666666666,0.4240997647826347,Cluster-organized
Matrix entropy,BiorxivClusteringP2P.v2,e5_large_v2,33,-0.0357997088015332,-0.123076923076923,-0.1066666666666666,0.4314333085416367,Cluster-organized
Matrix entropy,BiorxivClusteringP2P.v2,e5_large_v2,44,0.1023775893843995,0.1999999999999999,0.1466666666666666,0.5119567821713482,Cluster-organized
Participation ratio,BiorxivClusteringP2P.v2,e5_large_v2,11,0.2695701371073061,-0.1538461538461538,-0.1399999999999999,0.5495520287387314,Cluster-organized
Participation ratio,BiorxivClusteringP2P.v2,e5_large_v2,22,0.1617047140559757,-0.2807692307692307,-0.2266666666666666,0.4803701930167095,Cluster-organized
Participation ratio,BiorxivClusteringP2P.v2,e5_large_v2,33,0.0508437296121352,-0.2246153846153846,-0.1733333333333332,0.4574529618380639,Cluster-organized
Participation ratio,BiorxivClusteringP2P.v2,e5_large_v2,44,0.1629021451328286,-0.1046153846153846,-0.0799999999999999,0.5185884960465051,Cluster-organized
Spectral gap,BiorxivClusteringP2P.v2,e5_large_v2,11,0.3060456205629105,0.0053846153846153,-0.0266666666666666,0.5645938540234848,Cluster-organized
Spectral gap,BiorxivClusteringP2P.v2,e5_large_v2,22,0.1637479596702162,-0.2046153846153846,-0.1933333333333333,0.5543230363866508,Cluster-organized
Spectral gap,BiorxivClusteringP2P.v2,e5_large_v2,33,0.0349565454145206,-0.1715384615384615,-0.1266666666666666,0.4834789618362,Cluster-organized
Spectral gap,BiorxivClusteringP2P.v2,e5_large_v2,44,0.1436708676729065,-0.0638461538461538,-0.0733333333333333,0.5200317730477428,Cluster-organized
Anisotropy,BiorxivClusteringP2P.v2,minilm_l6,11,0.9047474086670916,0.3214285714285715,0.2380952380952381,0.919647792976069,Cluster-organized
Anisotropy,BiorxivClusteringP2P.v2,minilm_l6,22,0.8012542503677551,0.4285714285714286,0.4285714285714286,0.8545905358670659,Cluster-organized
Anisotropy,BiorxivClusteringP2P.v2,minilm_l6,33,0.7210904297313725,0.3928571428571429,0.3333333333333333,0.8258060620706575,Cluster-organized
Anisotropy,BiorxivClusteringP2P.v2,minilm_l6,44,0.8842056372784655,0.3928571428571429,0.3333333333333333,0.9017302317508944,Cluster-organized
Curvature,BiorxivClusteringP2P.v2,minilm_l6,11,0.279603324003613,0.0,-0.0476190476190476,0.5526279695431846,Cluster-organized
Curvature,BiorxivClusteringP2P.v2,minilm_l6,22,-0.005322026323546,-0.1785714285714286,-0.2380952380952381,0.6002002871929151,Cluster-organized
Curvature,BiorxivClusteringP2P.v2,minilm_l6,33,-0.0029226281981944,-0.1071428571428571,-0.1428571428571428,0.5843553262041937,Cluster-organized
Curvature,BiorxivClusteringP2P.v2,minilm_l6,44,0.145124316451986,-0.1071428571428571,-0.1428571428571428,0.5629160577351335,Cluster-organized
DiME,BiorxivClusteringP2P.v2,minilm_l6,11,-0.7624322274982445,-0.4285714285714286,-0.3333333333333333,0.802058806626695,Cluster-organized
DiME,BiorxivClusteringP2P.v2,minilm_l6,22,-0.677055722678052,-0.4642857142857144,-0.3333333333333333,0.7454385150864996,Cluster-organized
DiME,BiorxivClusteringP2P.v2,minilm_l6,33,-0.6896687412270233,-0.3928571428571429,-0.2380952380952381,0.7563251528384504,Cluster-organized
DiME,BiorxivClusteringP2P.v2,minilm_l6,44,-0.7211089622549369,-0.3928571428571429,-0.2380952380952381,0.7764984682605947,Cluster-organized
Harmora,BiorxivClusteringP2P.v2,minilm_l6,11,0.2716228292476431,0.7500000000000002,0.6190476190476191,0.5725165227968445,Cluster-organized
Harmora,BiorxivClusteringP2P.v2,minilm_l6,22,0.4293373928363757,0.642857142857143,0.4285714285714286,0.6730161918125823,Cluster-organized
Harmora,BiorxivClusteringP2P.v2,minilm_l6,33,0.52513423207945,0.7142857142857144,0.5238095238095238,0.7172992693801512,Cluster-organized
Harmora,BiorxivClusteringP2P.v2,minilm_l6,44,0.3555086022568233,0.7142857142857144,0.5238095238095238,0.6993355920645699,Cluster-organized
InfoNCE,BiorxivClusteringP2P.v2,minilm_l6,11,0.8921149547609976,0.3214285714285715,0.2380952380952381,0.915166376057177,Cluster-organized
InfoNCE,BiorxivClusteringP2P.v2,minilm_l6,22,0.7852075722082644,0.4285714285714286,0.4285714285714286,0.8559956014810206,Cluster-organized
InfoNCE,BiorxivClusteringP2P.v2,minilm_l6,33,0.6974789702860091,0.3928571428571429,0.3333333333333333,0.8297309284042715,Cluster-organized
InfoNCE,BiorxivClusteringP2P.v2,minilm_l6,44,0.8720789245853526,0.3928571428571429,0.3333333333333333,0.8999252594251955,Cluster-organized
LiDAR,BiorxivClusteringP2P.v2,minilm_l6,11,0.2644872849253195,-0.4285714285714286,-0.4285714285714286,0.5735656310392211,Cluster-organized
LiDAR,BiorxivClusteringP2P.v2,minilm_l6,22,0.0519978891399462,-0.3214285714285715,-0.2380952380952381,0.5953844898264024,Cluster-organized
LiDAR,BiorxivClusteringP2P.v2,minilm_l6,33,-0.067546901353211,-0.3928571428571429,-0.3333333333333333,0.634351417391707,Cluster-organized
LiDAR,BiorxivClusteringP2P.v2,minilm_l6,44,0.1746485834993204,-0.3928571428571429,-0.3333333333333333,0.6300847415107007,Cluster-organized
Matrix entropy,BiorxivClusteringP2P.v2,minilm_l6,11,0.8946644852563109,0.3214285714285715,0.2380952380952381,0.9167119385178636,Cluster-organized
Matrix entropy,BiorxivClusteringP2P.v2,minilm_l6,22,0.7842338029978975,0.4285714285714286,0.4285714285714286,0.8534527699719779,Cluster-organized
Matrix entropy,BiorxivClusteringP2P.v2,minilm_l6,33,0.6984340385312,0.3928571428571429,0.3333333333333333,0.8276269072396961,Cluster-organized
Matrix entropy,BiorxivClusteringP2P.v2,minilm_l6,44,0.872731472712035,0.3928571428571429,0.3333333333333333,0.900545463667544,Cluster-organized
Participation ratio,BiorxivClusteringP2P.v2,minilm_l6,11,0.6465669734321915,-0.1785714285714286,-0.2380952380952381,0.8113907160166088,Cluster-organized
Participation ratio,BiorxivClusteringP2P.v2,minilm_l6,22,0.4629424163278265,-0.1785714285714286,-0.2380952380952381,0.7665555983429191,Cluster-organized
Participation ratio,BiorxivClusteringP2P.v2,minilm_l6,33,0.3517622018939212,-0.2142857142857143,-0.3333333333333333,0.7775258110526092,Cluster-organized
Participation ratio,BiorxivClusteringP2P.v2,minilm_l6,44,0.5833292339368786,-0.2142857142857143,-0.3333333333333333,0.815560680427782,Cluster-organized
Spectral gap,BiorxivClusteringP2P.v2,minilm_l6,11,0.5633446639344013,-0.2142857142857143,-0.3333333333333333,0.7971901279658351,Cluster-organized
Spectral gap,BiorxivClusteringP2P.v2,minilm_l6,22,0.3844487313548074,-0.1071428571428571,-0.1428571428571428,0.7529519654596288,Cluster-organized
Spectral gap,BiorxivClusteringP2P.v2,minilm_l6,33,0.2761523121403926,-0.1785714285714286,-0.2380952380952381,0.7671976943198398,Cluster-organized
Spectral gap,BiorxivClusteringP2P.v2,minilm_l6,44,0.4981216069847017,-0.1785714285714286,-0.2380952380952381,0.8119898401824981,Cluster-organized
Anisotropy,BiorxivClusteringP2P.v2,mpnet_base,11,0.3053635747869653,0.2417582417582417,0.2051282051282051,0.5301190263584692,Cluster-organized
Anisotropy,BiorxivClusteringP2P.v2,mpnet_base,22,0.3593343744565626,0.2197802197802197,0.1538461538461538,0.5695688577023577,Cluster-organized
Anisotropy,BiorxivClusteringP2P.v2,mpnet_base,33,0.3780452736630165,0.2747252747252747,0.2051282051282051,0.5330961189456632,Cluster-organized
Anisotropy,BiorxivClusteringP2P.v2,mpnet_base,44,0.3211151145050112,0.1538461538461538,0.1282051282051281,0.5382175020382435,Cluster-organized
Curvature,BiorxivClusteringP2P.v2,mpnet_base,11,-0.1555669621397258,-0.2747252747252747,-0.2564102564102563,0.4257985614794013,Cluster-organized
Curvature,BiorxivClusteringP2P.v2,mpnet_base,22,-0.1234690830771632,-0.3076923076923076,-0.2564102564102563,0.4934637302465507,Cluster-organized
Curvature,BiorxivClusteringP2P.v2,mpnet_base,33,-0.1704062906730262,-0.2362637362637362,-0.2051282051282051,0.4737372265571568,Cluster-organized
Curvature,BiorxivClusteringP2P.v2,mpnet_base,44,-0.177818905832748,-0.3516483516483516,-0.3333333333333332,0.464554362642213,Cluster-organized
DiME,BiorxivClusteringP2P.v2,mpnet_base,11,0.8202388161685092,0.6978021978021978,0.564102564102564,0.7750695153879905,Cluster-organized
DiME,BiorxivClusteringP2P.v2,mpnet_base,22,0.7420224939098521,0.6648351648351648,0.564102564102564,0.6914914009887677,Cluster-organized
DiME,BiorxivClusteringP2P.v2,mpnet_base,33,0.7203791450767378,0.7142857142857143,0.564102564102564,0.6734273935180792,Cluster-organized
DiME,BiorxivClusteringP2P.v2,mpnet_base,44,0.7368067007069418,0.5824175824175823,0.4871794871794871,0.6909836618350107,Cluster-organized
Harmora,BiorxivClusteringP2P.v2,mpnet_base,11,0.7072724894340867,0.5659340659340659,0.3846153846153845,0.6688661814461394,Cluster-organized
Harmora,BiorxivClusteringP2P.v2,mpnet_base,22,0.7755862128551594,0.6208791208791209,0.4871794871794871,0.7479685286956302,Cluster-organized
Harmora,BiorxivClusteringP2P.v2,mpnet_base,33,0.7590650814373473,0.6098901098901099,0.4871794871794871,0.734412339664012,Cluster-organized
Harmora,BiorxivClusteringP2P.v2,mpnet_base,44,0.7662768743438986,0.6868131868131868,0.564102564102564,0.7327647675057016,Cluster-organized
InfoNCE,BiorxivClusteringP2P.v2,mpnet_base,11,0.2315598482568466,0.2252747252747252,0.1794871794871794,0.508596754039564,Cluster-organized
InfoNCE,BiorxivClusteringP2P.v2,mpnet_base,22,0.2769290300053391,0.1978021978021978,0.1282051282051281,0.5407599206045913,Cluster-organized
InfoNCE,BiorxivClusteringP2P.v2,mpnet_base,33,0.3020420172561339,0.2527472527472527,0.1794871794871794,0.5002546855693291,Cluster-organized
InfoNCE,BiorxivClusteringP2P.v2,mpnet_base,44,0.2369977953279042,0.1428571428571428,0.1025641025641025,0.5125243185413257,Cluster-organized
LiDAR,BiorxivClusteringP2P.v2,mpnet_base,11,-0.3115922951485818,-0.2912087912087912,-0.1794871794871794,0.4186301197703365,Cluster-organized
LiDAR,BiorxivClusteringP2P.v2,mpnet_base,22,-0.3239219484953846,-0.2527472527472527,-0.1282051282051281,0.4781171335808235,Cluster-organized
LiDAR,BiorxivClusteringP2P.v2,mpnet_base,33,-0.2673207981827929,-0.2527472527472527,-0.1794871794871794,0.3916648281721462,Cluster-organized
LiDAR,BiorxivClusteringP2P.v2,mpnet_base,44,-0.3417206274086423,-0.3076923076923076,-0.2051282051282051,0.438248943601796,Cluster-organized
Matrix entropy,BiorxivClusteringP2P.v2,mpnet_base,11,0.1927498541437332,0.1978021978021978,0.1538461538461538,0.478560293566547,Cluster-organized
Matrix entropy,BiorxivClusteringP2P.v2,mpnet_base,22,0.2418304334542502,0.1593406593406593,0.1025641025641025,0.5186095448863867,Cluster-organized
Matrix entropy,BiorxivClusteringP2P.v2,mpnet_base,33,0.265919711241116,0.2087912087912088,0.1538461538461538,0.4753917824816878,Cluster-organized
Matrix entropy,BiorxivClusteringP2P.v2,mpnet_base,44,0.2029107981878523,0.0989010989010989,0.0769230769230769,0.4887973246419706,Cluster-organized
Participation ratio,BiorxivClusteringP2P.v2,mpnet_base,11,-0.2730383975093913,-0.5164835164835164,-0.4102564102564102,0.4772630262848247,Cluster-organized
Participation ratio,BiorxivClusteringP2P.v2,mpnet_base,22,-0.2265116592461234,-0.5659340659340659,-0.4615384615384614,0.5163184979568662,Cluster-organized
Participation ratio,BiorxivClusteringP2P.v2,mpnet_base,33,-0.1799060928352251,-0.5659340659340659,-0.4102564102564102,0.4661069462466243,Cluster-organized
Participation ratio,BiorxivClusteringP2P.v2,mpnet_base,44,-0.2588354864240899,-0.576923076923077,-0.4358974358974358,0.4930216198667947,Cluster-organized
Spectral gap,BiorxivClusteringP2P.v2,mpnet_base,11,0.0130660822940601,0.0439560439560439,-0.0256410256410256,0.4210796296413186,Cluster-organized
Spectral gap,BiorxivClusteringP2P.v2,mpnet_base,22,0.069930981785207,-0.0054945054945054,-0.0256410256410256,0.4768346511710538,Cluster-organized
Spectral gap,BiorxivClusteringP2P.v2,mpnet_base,33,0.1203529141186683,0.0,-0.0256410256410256,0.4186036402739694,Cluster-organized
Spectral gap,BiorxivClusteringP2P.v2,mpnet_base,44,0.0517979859600762,0.0604395604395604,0.0512820512820512,0.4452915096979186,Cluster-organized
Anisotropy,BiorxivClusteringP2P.v2,snowflake_arctic_embed_m,11,0.6078605223971939,0.8321678321678322,0.6969696969696969,0.6884960484615404,Cluster-organized
Anisotropy,BiorxivClusteringP2P.v2,snowflake_arctic_embed_m,22,0.4776548358041299,0.8251748251748254,0.6363636363636362,0.5783743353830842,Cluster-organized
Anisotropy,BiorxivClusteringP2P.v2,snowflake_arctic_embed_m,33,0.5756680032710773,0.8531468531468532,0.6969696969696969,0.6848430776793265,Cluster-organized
Anisotropy,BiorxivClusteringP2P.v2,snowflake_arctic_embed_m,44,0.6392059638645615,0.8811188811188813,0.7575757575757575,0.7285225980431368,Cluster-organized
Curvature,BiorxivClusteringP2P.v2,snowflake_arctic_embed_m,11,-0.2645386921756983,-0.2027972027972028,-0.1212121212121212,0.4348419400071919,Cluster-organized
Curvature,BiorxivClusteringP2P.v2,snowflake_arctic_embed_m,22,-0.2730371243519127,-0.1888111888111888,-0.1212121212121212,0.4781113342046053,Cluster-organized
Curvature,BiorxivClusteringP2P.v2,snowflake_arctic_embed_m,33,-0.2837528943149252,-0.2377622377622378,-0.1818181818181818,0.5128686780444934,Cluster-organized
Curvature,BiorxivClusteringP2P.v2,snowflake_arctic_embed_m,44,-0.2940035761181895,-0.2237762237762237,-0.1212121212121212,0.5711153589206182,Cluster-organized
DiME,BiorxivClusteringP2P.v2,snowflake_arctic_embed_m,11,0.7984160481370121,0.8391608391608393,0.7272727272727272,0.8209468666406867,Cluster-organized
DiME,BiorxivClusteringP2P.v2,snowflake_arctic_embed_m,22,0.6989743836189244,0.8461538461538463,0.6666666666666666,0.7257017555799568,Cluster-organized
DiME,BiorxivClusteringP2P.v2,snowflake_arctic_embed_m,33,0.8038585290650909,0.8671328671328673,0.7272727272727272,0.8403240581935346,Cluster-organized
DiME,BiorxivClusteringP2P.v2,snowflake_arctic_embed_m,44,0.8332619417526107,0.8881118881118882,0.7878787878787877,0.8642156885012298,Cluster-organized
Harmora,BiorxivClusteringP2P.v2,snowflake_arctic_embed_m,11,0.754025117851681,0.6363636363636365,0.4848484848484848,0.7414584601018092,Cluster-organized
Harmora,BiorxivClusteringP2P.v2,snowflake_arctic_embed_m,22,0.6660445530096265,0.6433566433566434,0.4848484848484848,0.6738388363533971,Cluster-organized
Harmora,BiorxivClusteringP2P.v2,snowflake_arctic_embed_m,33,0.7861217204133675,0.6573426573426573,0.4848484848484848,0.7796342540927107,Cluster-organized
Harmora,BiorxivClusteringP2P.v2,snowflake_arctic_embed_m,44,0.8311288090803023,0.6993006993006995,0.5454545454545454,0.8197709722672567,Cluster-organized
InfoNCE,BiorxivClusteringP2P.v2,snowflake_arctic_embed_m,11,0.6300493351368093,0.8321678321678322,0.6969696969696969,0.7088288125583471,Cluster-organized
InfoNCE,BiorxivClusteringP2P.v2,snowflake_arctic_embed_m,22,0.5007763060184722,0.8251748251748254,0.6363636363636362,0.5988464388911782,Cluster-organized
InfoNCE,BiorxivClusteringP2P.v2,snowflake_arctic_embed_m,33,0.6001002863557916,0.8531468531468532,0.6969696969696969,0.707040463319605,Cluster-organized
InfoNCE,BiorxivClusteringP2P.v2,snowflake_arctic_embed_m,44,0.6618695316025627,0.8811188811188813,0.7575757575757575,0.7494934244828889,Cluster-organized
LiDAR,BiorxivClusteringP2P.v2,snowflake_arctic_embed_m,11,0.7611908491996316,0.6993006993006995,0.5454545454545454,0.7254677044537703,Cluster-organized
LiDAR,BiorxivClusteringP2P.v2,snowflake_arctic_embed_m,22,0.7088089383012786,0.7132867132867133,0.5454545454545454,0.6935596178219737,Cluster-organized
LiDAR,BiorxivClusteringP2P.v2,snowflake_arctic_embed_m,33,0.8000211600411492,0.7202797202797203,0.5454545454545454,0.7743055319695722,Cluster-organized
LiDAR,BiorxivClusteringP2P.v2,snowflake_arctic_embed_m,44,0.8425631758077883,0.7482517482517484,0.606060606060606,0.816026031546189,Cluster-organized
Matrix entropy,BiorxivClusteringP2P.v2,snowflake_arctic_embed_m,11,0.6414088067798657,0.8321678321678322,0.6969696969696969,0.7196168057530208,Cluster-organized
Matrix entropy,BiorxivClusteringP2P.v2,snowflake_arctic_embed_m,22,0.5129123888413184,0.8251748251748254,0.6363636363636362,0.6122111314940168,Cluster-organized
Matrix entropy,BiorxivClusteringP2P.v2,snowflake_arctic_embed_m,33,0.6132593444391845,0.8531468531468532,0.6969696969696969,0.720158248410017,Cluster-organized
Matrix entropy,BiorxivClusteringP2P.v2,snowflake_arctic_embed_m,44,0.673915399979217,0.8811188811188813,0.7575757575757575,0.7606522731376661,Cluster-organized
Participation ratio,BiorxivClusteringP2P.v2,snowflake_arctic_embed_m,11,0.7541304306714289,0.9090909090909092,0.7575757575757575,0.8206492138900473,Cluster-organized
Participation ratio,BiorxivClusteringP2P.v2,snowflake_arctic_embed_m,22,0.6556720017665861,0.9300699300699302,0.8181818181818181,0.7500417285702078,Cluster-organized
Participation ratio,BiorxivClusteringP2P.v2,snowflake_arctic_embed_m,33,0.741151929971034,0.9090909090909092,0.7575757575757575,0.8344958747637216,Cluster-organized
Participation ratio,BiorxivClusteringP2P.v2,snowflake_arctic_embed_m,44,0.7754690551060487,0.8601398601398602,0.6969696969696969,0.8498229994527482,Cluster-organized
Spectral gap,BiorxivClusteringP2P.v2,snowflake_arctic_embed_m,11,0.8007431173065926,0.7622377622377624,0.5454545454545454,0.8753602189243528,Cluster-organized
Spectral gap,BiorxivClusteringP2P.v2,snowflake_arctic_embed_m,22,0.7802704032810632,0.7622377622377624,0.606060606060606,0.8301201619169686,Cluster-organized
Spectral gap,BiorxivClusteringP2P.v2,snowflake_arctic_embed_m,33,0.8203917839295909,0.7342657342657343,0.5454545454545454,0.8969456665311699,Cluster-organized
Spectral gap,BiorxivClusteringP2P.v2,snowflake_arctic_embed_m,44,0.8007346351659896,0.7132867132867133,0.5454545454545454,0.88826622315597,Cluster-organized
Anisotropy,Banking77Classification.v2,bge_base_en_v15,11,0.8054715179160123,0.4518395720782334,0.2900847878624182,0.856491517705677,Core class-organized
Anisotropy,Banking77Classification.v2,bge_base_en_v15,22,0.7913708775851611,0.4308237780280829,0.2290143062071722,0.849855229488811,Core class-organized
Anisotropy,Banking77Classification.v2,bge_base_en_v15,33,0.7227680732922352,0.4308237780280829,0.2290143062071722,0.7897729295301994,Core class-organized
Anisotropy,Banking77Classification.v2,bge_base_en_v15,44,0.7669584189739309,0.4658501014450003,0.3206200286900411,0.8538448710299441,Core class-organized
Curvature,Banking77Classification.v2,bge_base_en_v15,11,0.8726602930946928,0.8196159679558652,0.6870429186215167,0.8437209930406367,Core class-organized
Curvature,Banking77Classification.v2,bge_base_en_v15,22,0.8677242460619929,0.8791607177646247,0.7786486411043856,0.835019431036941,Core class-organized
Curvature,Banking77Classification.v2,bge_base_en_v15,33,0.8429171787245713,0.8651501883978578,0.7481134002767627,0.8065283615128301,Core class-organized
Curvature,Banking77Classification.v2,bge_base_en_v15,44,0.8222980156130468,0.7810870121972561,0.6870429186215167,0.8010563344349299,Core class-organized
DiME,Banking77Classification.v2,bge_base_en_v15,11,0.8038565878158809,0.5183895865703763,0.41222575117291,0.8530193269510778,Core class-organized
DiME,Banking77Classification.v2,bge_base_en_v15,22,0.7897999343236255,0.4658501014450003,0.2900847878624182,0.8479789419445077,Core class-organized
DiME,Banking77Classification.v2,bge_base_en_v15,33,0.7239471317830244,0.4518395720782334,0.2595495470347952,0.7909619893403217,Core class-organized
DiME,Banking77Classification.v2,bge_base_en_v15,44,0.7681898111700334,0.4868658954951506,0.3206200286900411,0.8554145761671607,Core class-organized
Harmora,Banking77Classification.v2,bge_base_en_v15,11,0.5273862188364329,0.5183895865703763,0.41222575117291,0.5612644415492598,Core class-organized
Harmora,Banking77Classification.v2,bge_base_en_v15,22,0.4831827056782845,0.4658501014450003,0.2900847878624182,0.548404646574509,Core class-organized
Harmora,Banking77Classification.v2,bge_base_en_v15,33,0.3616280903268802,0.4518395720782334,0.2595495470347952,0.4792749406647792,Core class-organized
Harmora,Banking77Classification.v2,bge_base_en_v15,44,0.4692402161457191,0.4868658954951506,0.3206200286900411,0.5696031215436327,Core class-organized
InfoNCE,Banking77Classification.v2,bge_base_en_v15,11,0.8079425111880968,0.4658501014450003,0.3206200286900411,0.8582116527252925,Core class-organized
InfoNCE,Banking77Classification.v2,bge_base_en_v15,22,0.7928499038366565,0.4238185133446995,0.1984790653795492,0.8517703502306844,Core class-organized
InfoNCE,Banking77Classification.v2,bge_base_en_v15,33,0.7242328083697046,0.4238185133446995,0.1984790653795492,0.7917395462665295,Core class-organized
InfoNCE,Banking77Classification.v2,bge_base_en_v15,44,0.7693111939257238,0.4588448367616168,0.2900847878624182,0.855847172279725,Core class-organized
LiDAR,Banking77Classification.v2,bge_base_en_v15,11,0.5651672891584757,0.5183895865703763,0.381690510345287,0.5821141081831189,Core class-organized
LiDAR,Banking77Classification.v2,bge_base_en_v15,22,0.5393597798276669,0.4973737925202258,0.3206200286900411,0.5785843162507041,Core class-organized
LiDAR,Banking77Classification.v2,bge_base_en_v15,33,0.4401738668340444,0.4938711601785341,0.3206200286900411,0.5024319281128573,Core class-organized
LiDAR,Banking77Classification.v2,bge_base_en_v15,44,0.5401448828709512,0.5394053806205267,0.41222575117291,0.5742455495112462,Core class-organized
Matrix entropy,Banking77Classification.v2,bge_base_en_v15,11,0.7942108352429957,0.4518395720782334,0.2900847878624182,0.8469279227080646,Core class-organized
Matrix entropy,Banking77Classification.v2,bge_base_en_v15,22,0.7802015486094046,0.4308237780280829,0.2290143062071722,0.8406509013858525,Core class-organized
Matrix entropy,Banking77Classification.v2,bge_base_en_v15,33,0.7071271324877112,0.4308237780280829,0.2290143062071722,0.7792587865647597,Core class-organized
Matrix entropy,Banking77Classification.v2,bge_base_en_v15,44,0.7605733568264375,0.4658501014450003,0.3206200286900411,0.847394115939456,Core class-organized
Participation ratio,Banking77Classification.v2,bge_base_en_v15,11,0.7953565134078154,0.6795106742881959,0.5038314736557788,0.8255593775464667,Core class-organized
Participation ratio,Banking77Classification.v2,bge_base_en_v15,22,0.8582199907795647,0.7460606887803388,0.5954371961386479,0.9187566993002636,Core class-organized
Participation ratio,Banking77Classification.v2,bge_base_en_v15,33,0.8681457915249486,0.7670764828304892,0.6259724369662708,0.9236375716267378,Core class-organized
Participation ratio,Banking77Classification.v2,bge_base_en_v15,44,0.8539767986343388,0.7880922768806397,0.6565076777938937,0.8930444871503833,Core class-organized
Spectral gap,Banking77Classification.v2,bge_base_en_v15,11,0.4270196756167311,0.5674264393540605,0.41222575117291,0.6839169324243137,Core class-organized
Spectral gap,Banking77Classification.v2,bge_base_en_v15,22,0.5275647309601141,0.6690027772631207,0.5038314736557788,0.7710383847695894,Core class-organized
Spectral gap,Banking77Classification.v2,bge_base_en_v15,33,0.5430614391916426,0.6830133066298876,0.5343667144834019,0.773335283635256,Core class-organized
Spectral gap,Banking77Classification.v2,bge_base_en_v15,44,0.541166496501309,0.6900185713132712,0.5649019553110248,0.7437146560073918,Core class-organized
Anisotropy,Banking77Classification.v2,bge_large_en_v15,11,0.3748862291174272,0.1963004426563035,0.1678876842112128,0.590584128455336,Core class-organized
Anisotropy,Banking77Classification.v2,bge_large_en_v15,22,0.2925004433729158,0.1161627395500618,0.0619317079066296,0.5506164946544218,Core class-organized
Anisotropy,Banking77Classification.v2,bge_large_en_v15,33,0.3903678888381123,0.1210539180767899,0.0805909467483739,0.5800199515668887,Core class-organized
Anisotropy,Banking77Classification.v2,bge_large_en_v15,44,0.31598997433501,0.1667030366682134,0.1352890158652461,0.5558459560892427,Core class-organized
Curvature,Banking77Classification.v2,bge_large_en_v15,11,0.8274511402348342,0.818281224376609,0.6496523432520844,0.8275577839073557,Core class-organized
Curvature,Banking77Classification.v2,bge_large_en_v15,22,0.8059906502856236,0.8274963693790925,0.6666766204066606,0.808474997372903,Core class-organized
Curvature,Banking77Classification.v2,bge_large_en_v15,33,0.8257088499668203,0.8190734528864814,0.659380473395787,0.8353035471105744,Core class-organized
Curvature,Banking77Classification.v2,bge_large_en_v15,44,0.8428179588727922,0.8600657975362656,0.70569675843223,0.8559650486839598,Core class-organized
DiME,Banking77Classification.v2,bge_large_en_v15,11,0.2745764847326225,0.1714908523427574,0.1313903615566013,0.5428425498465143,Core class-organized
DiME,Banking77Classification.v2,bge_large_en_v15,22,0.1935723248150058,0.0974548826187785,0.0473595413403638,0.5189022105869644,Core class-organized
DiME,Banking77Classification.v2,bge_large_en_v15,33,0.2970199354005304,0.1045069796346387,0.058611597635181,0.5340344001174548,Core class-organized
DiME,Banking77Classification.v2,bge_large_en_v15,44,0.2122509670985348,0.1423287023250803,0.106037336759247,0.5136122836861176,Core class-organized
Harmora,Banking77Classification.v2,bge_large_en_v15,11,0.041948178612916,0.1022851530470761,0.0583957162473783,0.4748098319549397,Core class-organized
Harmora,Banking77Classification.v2,bge_large_en_v15,22,-0.0402473596702602,0.0160974582897089,-0.0255012914909651,0.4673072298807743,Core class-organized
Harmora,Banking77Classification.v2,bge_large_en_v15,33,0.076030097647205,0.0034835659878212,-0.0293057988175905,0.4540551658640812,Core class-organized
Harmora,Banking77Classification.v2,bge_large_en_v15,44,-0.050041946266762,0.0735582589998121,0.0255952192177492,0.4836137053509477,Core class-organized
InfoNCE,Banking77Classification.v2,bge_large_en_v15,11,0.4062423379348544,0.1963004426563035,0.1678876842112128,0.6124533302472405,Core class-organized
InfoNCE,Banking77Classification.v2,bge_large_en_v15,22,0.3260902762443132,0.1161627395500618,0.0619317079066296,0.569603970318372,Core class-organized
InfoNCE,Banking77Classification.v2,bge_large_en_v15,33,0.4223562952474491,0.1210539180767899,0.0805909467483739,0.6031142439385138,Core class-organized
InfoNCE,Banking77Classification.v2,bge_large_en_v15,44,0.3470355222082301,0.1667030366682134,0.1352890158652461,0.5786461699049005,Core class-organized
LiDAR,Banking77Classification.v2,bge_large_en_v15,11,0.443880499234548,0.4739937517798548,0.4014705492007263,0.5131835769084044,Core class-organized
LiDAR,Banking77Classification.v2,bge_large_en_v15,22,0.3987942281107793,0.3841636667517027,0.3460889559488129,0.4745401862458293,Core class-organized
LiDAR,Banking77Classification.v2,bge_large_en_v15,33,0.481098184058654,0.3966910768631496,0.3516695858110863,0.5149204236169946,Core class-organized
LiDAR,Banking77Classification.v2,bge_large_en_v15,44,0.3449638734873926,0.4156694517445008,0.3693024487132395,0.4814722530976426,Core class-organized
Matrix entropy,Banking77Classification.v2,bge_large_en_v15,11,0.3767836740111964,0.1963004426563035,0.1678876842112128,0.5989191059140367,Core class-organized
Matrix entropy,Banking77Classification.v2,bge_large_en_v15,22,0.2918527039892358,0.1161627395500618,0.0619317079066296,0.5563396176447475,Core class-organized
Matrix entropy,Banking77Classification.v2,bge_large_en_v15,33,0.3919991496866662,0.1210539180767899,0.0805909467483739,0.5871509730008921,Core class-organized
Matrix entropy,Banking77Classification.v2,bge_large_en_v15,44,0.3158653081144969,0.1667030366682134,0.1352890158652461,0.5662140528668071,Core class-organized
Participation ratio,Banking77Classification.v2,bge_large_en_v15,11,0.8015704777919078,0.7743203713648867,0.591256627004706,0.7927762763796874,Core class-organized
Participation ratio,Banking77Classification.v2,bge_large_en_v15,22,0.8087453926539669,0.7992170507620361,0.6156740374247304,0.8148965279559053,Core class-organized
Participation ratio,Banking77Classification.v2,bge_large_en_v15,33,0.776324386810795,0.7824960100143578,0.600768875760606,0.7827016923135702,Core class-organized
Participation ratio,Banking77Classification.v2,bge_large_en_v15,44,0.8817605976867935,0.8369972311043719,0.669132159549731,0.8813639642017523,Core class-organized
Spectral gap,Banking77Classification.v2,bge_large_en_v15,11,0.7498941895756519,0.7721440915128214,0.591256627004706,0.7759351386932457,Core class-organized
Spectral gap,Banking77Classification.v2,bge_large_en_v15,22,0.735063152030132,0.7974767850009867,0.6229601207078632,0.7810732720250577,Core class-organized
Spectral gap,Banking77Classification.v2,bge_large_en_v15,33,0.6988862025351779,0.7781415525295812,0.6080953254650037,0.7516800582375828,Core class-organized
Spectral gap,Banking77Classification.v2,bge_large_en_v15,44,0.8285876566606366,0.8391735109564372,0.6764450793262309,0.8567118219655152,Core class-organized
Anisotropy,Banking77Classification.v2,e5_base_v2,11,0.0836563580948792,-0.2392398838497762,-0.1746895300952023,0.3873892606628527,Core class-organized
Anisotropy,Banking77Classification.v2,e5_base_v2,22,0.1771687892739477,0.1004302297587925,0.0403129684835082,0.4068430936795913,Core class-organized
Anisotropy,Banking77Classification.v2,e5_base_v2,33,0.1324409645741113,0.0496555975289329,0.0130744090092122,0.3973116364271466,Core class-organized
Anisotropy,Banking77Classification.v2,e5_base_v2,44,0.2936377896408892,0.3884312259786556,0.285738383406372,0.5721347943775289,Core class-organized
Curvature,Banking77Classification.v2,e5_base_v2,11,0.7641315306752814,0.503516499730343,0.4434426533185907,0.7281192102562736,Core class-organized
Curvature,Banking77Classification.v2,e5_base_v2,22,0.8106532884896565,0.6751143222674385,0.550943902607946,0.7644916914082659,Core class-organized
Curvature,Banking77Classification.v2,e5_base_v2,33,0.8956805022511407,0.8303519364560458,0.6667948594698255,0.8589412927497613,Core class-organized
Curvature,Banking77Classification.v2,e5_base_v2,44,0.9279150962542456,0.9063395272835296,0.7533102835258899,0.9257756716699188,Core class-organized
DiME,Banking77Classification.v2,e5_base_v2,11,0.0627130331175742,-0.3226956572857447,-0.2553154670622188,0.3914087106692118,Core class-organized
DiME,Banking77Classification.v2,e5_base_v2,22,0.1573383956205142,-0.0083691858132327,-0.0403129684835082,0.394373660515384,Core class-organized
DiME,Banking77Classification.v2,e5_base_v2,33,0.1114183885604864,-0.0413796646074441,-0.0653720450460613,0.3824798609675631,Core class-organized
DiME,Banking77Classification.v2,e5_base_v2,44,0.2926796436150839,0.385676394588736,0.2597621667330655,0.5639186283966952,Core class-organized
Harmora,Banking77Classification.v2,e5_base_v2,11,0.5443975465887021,0.2754040523386959,0.22844015473988,0.7231845039056772,Core class-organized
Harmora,Banking77Classification.v2,e5_base_v2,22,0.4690252206730843,0.1645939876602432,0.1209389054505247,0.701875834895056,Core class-organized
Harmora,Banking77Classification.v2,e5_base_v2,33,0.3876165475480996,0.0137932215358147,-0.0130744090092122,0.7413256076438098,Core class-organized
Harmora,Banking77Classification.v2,e5_base_v2,44,0.3021559121930317,0.0275483138991954,-0.0519524333466131,0.6640932933322407,Core class-organized
InfoNCE,Banking77Classification.v2,e5_base_v2,11,0.0907666013762606,-0.1557841104138077,-0.1209389054505247,0.3800107052357649,Core class-organized
InfoNCE,Banking77Classification.v2,e5_base_v2,22,0.1848376791030789,0.1729631734734759,0.0940635931281859,0.4171773963303111,Core class-organized
InfoNCE,Banking77Classification.v2,e5_base_v2,33,0.1481198813601839,0.1020698393650288,0.0653720450460613,0.4152024172414339,Core class-organized
InfoNCE,Banking77Classification.v2,e5_base_v2,44,0.3085508722050611,0.3966957201484142,0.3117146000796786,0.582322089837712,Core class-organized
LiDAR,Banking77Classification.v2,e5_base_v2,11,-0.0358272676814378,0.2169850109335179,0.1746895300952023,0.4308080203499262,Core class-organized
LiDAR,Banking77Classification.v2,e5_base_v2,22,0.0369798756433337,0.287342046254323,0.22844015473988,0.4357512313145392,Core class-organized
LiDAR,Banking77Classification.v2,e5_base_v2,33,0.1655783714325746,0.5186251297466333,0.3268602252303066,0.5133808573341555,Core class-organized
LiDAR,Banking77Classification.v2,e5_base_v2,44,0.2756494381497536,0.476585830456081,0.3636670334262917,0.5242961198919754,Core class-organized
Matrix entropy,Banking77Classification.v2,e5_base_v2,11,0.1004534963594948,-0.1891664197881951,-0.1478142177728635,0.3860978704611621,Core class-organized
Matrix entropy,Banking77Classification.v2,e5_base_v2,22,0.1965620011467633,0.1562248018470105,0.067188280805847,0.4218142900924013,Core class-organized
Matrix entropy,Banking77Classification.v2,e5_base_v2,33,0.1545711054994882,0.096552550750703,0.0392232270276368,0.4176685111753315,Core class-organized
Matrix entropy,Banking77Classification.v2,e5_base_v2,44,0.3160923816215314,0.3966957201484142,0.3117146000796786,0.5860643482164661,Core class-organized
Participation ratio,Banking77Classification.v2,e5_base_v2,11,0.4355125214019006,0.3838965578054549,0.3090660917068965,0.4731013823372725,Core class-organized
Participation ratio,Banking77Classification.v2,e5_base_v2,22,0.4968584349593743,0.5412073492557151,0.4165673409962518,0.5207021045338842,Core class-organized
Participation ratio,Banking77Classification.v2,e5_base_v2,33,0.6267541159042822,0.7227648084766911,0.5360507693777029,0.7006151121828627,Core class-organized
Participation ratio,Banking77Classification.v2,e5_base_v2,44,0.6504945539419682,0.6969723416496445,0.519524333466131,0.7161347646840479,Core class-organized
Spectral gap,Banking77Classification.v2,e5_base_v2,11,0.5530531740727026,0.3838965578054549,0.3090660917068965,0.5239281498446808,Core class-organized
Spectral gap,Banking77Classification.v2,e5_base_v2,22,0.6089500849049312,0.546786806464537,0.4165673409962518,0.5809976080738313,Core class-organized
Spectral gap,Banking77Classification.v2,e5_base_v2,33,0.7538328781544837,0.8082827819987423,0.6144972234329765,0.7685729651613975,Core class-organized
Spectral gap,Banking77Classification.v2,e5_base_v2,44,0.7848300891344544,0.8650170564347366,0.6753816335059704,0.8236256478364773,Core class-organized
Anisotropy,Banking77Classification.v2,e5_large_v2,11,0.1235275469998339,-0.0260053510834585,-0.0069758010641515,0.5188475407849061,Core class-organized
Anisotropy,Banking77Classification.v2,e5_large_v2,22,0.3280580433752997,0.220594181139716,0.1827093759208397,0.4824267680951297,Core class-organized
Anisotropy,Banking77Classification.v2,e5_large_v2,33,0.3113000124614898,0.1052856774045302,0.0828078671210825,0.4594372501570211,Core class-organized
Anisotropy,Banking77Classification.v2,e5_large_v2,44,0.1072596517483098,-0.1933140578756391,-0.1581512577596816,0.5428371907441563,Core class-organized
Curvature,Banking77Classification.v2,e5_large_v2,11,0.7650270521808015,0.2833418849391748,0.2092740319245467,0.7264093654161558,Core class-organized
Curvature,Banking77Classification.v2,e5_large_v2,22,0.8585116211542458,0.4306838774632551,0.330282333395364,0.8070077932673767,Core class-organized
Curvature,Banking77Classification.v2,e5_large_v2,33,0.9173620111888364,0.6758411498099629,0.5313504806936127,0.8855646711495578,Core class-organized
Curvature,Banking77Classification.v2,e5_large_v2,44,0.8158315914138893,0.4759392104898235,0.3713116486531656,0.8216713240166862,Core class-organized
DiME,Banking77Classification.v2,e5_large_v2,11,0.1160490243123405,-0.0306630259043764,-0.0069758010641515,0.5141981407634997,Core class-organized
DiME,Banking77Classification.v2,e5_large_v2,22,0.325130680652236,0.2447155907176038,0.2108185106778919,0.4881594006783232,Core class-organized
DiME,Banking77Classification.v2,e5_large_v2,33,0.3140151414219082,0.1521223206616926,0.1242118006816237,0.4643071511323635,Core class-organized
DiME,Banking77Classification.v2,e5_large_v2,44,0.1099113868238247,-0.1608372961525317,-0.1237705495510552,0.542923018932345,Core class-organized
Harmora,Banking77Classification.v2,e5_large_v2,11,0.7805623125150183,0.457228411586778,0.3418142521434263,0.7417648180316259,Core class-organized
Harmora,Banking77Classification.v2,e5_large_v2,22,0.7608770232192426,0.2851773100095447,0.2108185106778919,0.7632328203406467,Core class-organized
Harmora,Banking77Classification.v2,e5_large_v2,33,0.7095871963724427,0.133929574933704,0.0966091783079295,0.7632309081655321,Core class-organized
Harmora,Banking77Classification.v2,e5_large_v2,44,0.6718552050237641,0.0521947956264225,-0.0206284249251758,0.711081841895891,Core class-organized
InfoNCE,Banking77Classification.v2,e5_large_v2,11,0.1116018845432345,-0.0624904705139824,-0.0488306074490609,0.5169099014438112,Core class-organized
InfoNCE,Banking77Classification.v2,e5_large_v2,22,0.3229971926828654,0.2661136153431495,0.2037912269886288,0.4834035671351283,Core class-organized
InfoNCE,Banking77Classification.v2,e5_large_v2,33,0.3126775710411416,0.1397357703788067,0.1173111450882002,0.4580427078484668,Core class-organized
InfoNCE,Banking77Classification.v2,e5_large_v2,44,0.1123676405799408,-0.147305312101237,-0.1237705495510552,0.5347896052957235,Core class-organized
LiDAR,Banking77Classification.v2,e5_large_v2,11,-0.1705581192646977,-0.0912127985763097,-0.0558064085132124,0.3006652108894679,Core class-organized
LiDAR,Banking77Classification.v2,e5_large_v2,22,-0.1058780689338239,0.0361821143668317,0.0,0.3103107162635265,Core class-organized
LiDAR,Banking77Classification.v2,e5_large_v2,33,0.0010985780030721,0.2666979107783874,0.2139203233961298,0.343402445014553,Core class-organized
LiDAR,Banking77Classification.v2,e5_large_v2,44,0.0890965124059423,0.3239943609995712,0.2200365325352092,0.3858693379332013,Core class-organized
Matrix entropy,Banking77Classification.v2,e5_large_v2,11,0.1342809205525863,-0.0287223280623273,-0.0139516021283031,0.514600732912035,Core class-organized
Matrix entropy,Banking77Classification.v2,e5_large_v2,22,0.3434244945037339,0.2665026703363412,0.2108185106778919,0.4809108486839072,Core class-organized
Matrix entropy,Banking77Classification.v2,e5_large_v2,33,0.3280678270272242,0.1107047931532928,0.0966091783079295,0.4566295820237059,Core class-organized
Matrix entropy,Banking77Classification.v2,e5_large_v2,44,0.1272180997453432,-0.1604506680367804,-0.1306466911927804,0.532071143260607,Core class-organized
Participation ratio,Banking77Classification.v2,e5_large_v2,11,0.1760842373333633,0.1249809410279648,0.0697580106415155,0.3038614267357784,Core class-organized
Participation ratio,Banking77Classification.v2,e5_large_v2,22,0.2179170883928742,0.2330439409218516,0.1405456737852613,0.3040948150658996,Core class-organized
Participation ratio,Banking77Classification.v2,e5_large_v2,33,0.3530284852857582,0.496236170708117,0.3588340908580241,0.4543416505199813,Core class-organized
Participation ratio,Banking77Classification.v2,e5_large_v2,44,0.4199915159252035,0.5517183211770741,0.3919400735783415,0.5186035952378943,Core class-organized
Spectral gap,Banking77Classification.v2,e5_large_v2,11,0.3434917056197217,0.2297786244986185,0.1604434244754858,0.3846447021883669,Core class-organized
Spectral gap,Banking77Classification.v2,e5_large_v2,22,0.3529678625648409,0.1855792317524595,0.0983819716496829,0.3801119355191953,Core class-organized
Spectral gap,Banking77Classification.v2,e5_large_v2,33,0.506405096734426,0.58603866025904,0.4071386800119889,0.5632292938361534,Core class-organized
Spectral gap,Banking77Classification.v2,e5_large_v2,44,0.5725058631142829,0.6019799762247403,0.4469492067121438,0.6094928512248698,Core class-organized
Anisotropy,Banking77Classification.v2,minilm_l6,11,0.8279524606764296,0.6666937223947137,0.4879500364742666,0.8490181309178297,Core class-organized
Anisotropy,Banking77Classification.v2,minilm_l6,22,0.8902425799641678,0.8214285714285715,0.7142857142857143,0.8912723461214219,Core class-organized
Anisotropy,Banking77Classification.v2,minilm_l6,33,0.9542584793895936,0.7455777916396408,0.6508140266182865,0.9499349470352996,Core class-organized
Anisotropy,Banking77Classification.v2,minilm_l6,44,0.9609466817882468,0.9285714285714288,0.8095238095238096,0.9497026466085606,Core class-organized
Curvature,Banking77Classification.v2,minilm_l6,11,0.7994562629334498,0.6306562238868914,0.5855400437691199,0.7840369121540616,Core class-organized
Curvature,Banking77Classification.v2,minilm_l6,22,0.8744857391701413,0.7500000000000002,0.6190476190476191,0.8567888805211286,Core class-organized
Curvature,Banking77Classification.v2,minilm_l6,33,0.7692785088478462,0.4364357804719848,0.3504383220252312,0.7550653286575993,Core class-organized
Curvature,Banking77Classification.v2,minilm_l6,44,0.8985226188852042,0.9642857142857144,0.9047619047619048,0.8847574321746005,Core class-organized
DiME,Banking77Classification.v2,minilm_l6,11,-0.8025443600988199,-0.3783937343321348,-0.2927700218845599,0.8462835867931634,Core class-organized
DiME,Banking77Classification.v2,minilm_l6,22,-0.8107404364866768,-0.1071428571428571,-0.0476190476190476,0.8687354173765579,Core class-organized
DiME,Banking77Classification.v2,minilm_l6,33,-0.7203827266219769,0.0909241209316635,0.1501878522965276,0.8219208085701885,Core class-organized
DiME,Banking77Classification.v2,minilm_l6,44,-0.8979230252895695,-0.1071428571428571,-0.1428571428571428,0.9258968265845606,Core class-organized
Harmora,Banking77Classification.v2,minilm_l6,11,0.6818900452105074,0.7387687194103585,0.4879500364742666,0.7960283014304008,Core class-organized
Harmora,Banking77Classification.v2,minilm_l6,22,0.6366985110304118,0.6785714285714287,0.5238095238095238,0.7407541848550648,Core class-organized
Harmora,Banking77Classification.v2,minilm_l6,33,0.3240762720692878,0.2000330660496597,0.1501878522965276,0.6372432310106382,Core class-organized
Harmora,Banking77Classification.v2,minilm_l6,44,0.6034819192755967,0.5357142857142858,0.4285714285714286,0.7199061883319586,Core class-organized
InfoNCE,Banking77Classification.v2,minilm_l6,11,0.7744724886308112,0.6666937223947137,0.4879500364742666,0.7901390913860968,Core class-organized
InfoNCE,Banking77Classification.v2,minilm_l6,22,0.8442450841510923,0.8214285714285715,0.7142857142857143,0.832861970771484,Core class-organized
InfoNCE,Banking77Classification.v2,minilm_l6,33,0.95152499342546,0.7455777916396408,0.6508140266182865,0.9415739214557304,Core class-organized
InfoNCE,Banking77Classification.v2,minilm_l6,44,0.9080298767153584,0.9285714285714288,0.8095238095238096,0.8877551796138266,Core class-organized
LiDAR,Banking77Classification.v2,minilm_l6,11,-0.190279457128877,-0.3603749850782236,-0.1951800145897066,0.5648453517300096,Core class-organized
LiDAR,Banking77Classification.v2,minilm_l6,22,-0.0628773297093711,-0.0714285714285714,0.0476190476190476,0.4668278214027948,Core class-organized
LiDAR,Banking77Classification.v2,minilm_l6,33,0.2649424369083674,0.490990253030983,0.3504383220252312,0.5030115115793071,Core class-organized
LiDAR,Banking77Classification.v2,minilm_l6,44,0.0788840431184865,0.2142857142857143,0.1428571428571428,0.4120313680956879,Core class-organized
Matrix entropy,Banking77Classification.v2,minilm_l6,11,0.7985119461962897,0.6666937223947137,0.4879500364742666,0.818367787439122,Core class-organized
Matrix entropy,Banking77Classification.v2,minilm_l6,22,0.8613477700929452,0.8214285714285715,0.7142857142857143,0.8569169024434751,Core class-organized
Matrix entropy,Banking77Classification.v2,minilm_l6,33,0.953663925061896,0.7455777916396408,0.6508140266182865,0.9453655083597604,Core class-organized
Matrix entropy,Banking77Classification.v2,minilm_l6,44,0.9295538460604664,0.9285714285714288,0.8095238095238096,0.9102777088902576,Core class-organized
Participation ratio,Banking77Classification.v2,minilm_l6,11,-0.0803322534668282,-0.1261312447773782,0.0,0.5047205843852809,Core class-organized
Participation ratio,Banking77Classification.v2,minilm_l6,22,-0.0288731447267564,-0.0714285714285714,-0.0476190476190476,0.4468002736540781,Core class-organized
Participation ratio,Banking77Classification.v2,minilm_l6,33,0.2859736998672683,0.4364357804719848,0.3504383220252312,0.5490145274436331,Core class-organized
Participation ratio,Banking77Classification.v2,minilm_l6,44,0.0468673356088098,0.0357142857142857,0.0476190476190476,0.4347135046070006,Core class-organized
Spectral gap,Banking77Classification.v2,minilm_l6,11,0.1312734079516533,0.1261312447773782,0.0975900072948533,0.50466326694554,Core class-organized
Spectral gap,Banking77Classification.v2,minilm_l6,22,0.2361323084057459,0.4285714285714286,0.3333333333333333,0.4976693449957239,Core class-organized
Spectral gap,Banking77Classification.v2,minilm_l6,33,0.5204133057690751,0.8001322641986388,0.6508140266182865,0.6749568702692417,Core class-organized
Spectral gap,Banking77Classification.v2,minilm_l6,44,0.2889566290827599,0.5714285714285715,0.4285714285714286,0.5152499881786469,Core class-organized
Anisotropy,Banking77Classification.v2,mpnet_base,11,0.488086187560086,0.0192838197294368,0.0,0.571221254535194,Core class-organized
Anisotropy,Banking77Classification.v2,mpnet_base,22,0.2531254291245917,-0.2320477404461285,-0.196116135138184,0.4327630812424612,Core class-organized
Anisotropy,Banking77Classification.v2,mpnet_base,33,0.5452633075411416,0.3845181853977633,0.3158988758955938,0.5876332584708714,Core class-organized
Anisotropy,Banking77Classification.v2,mpnet_base,44,0.6533070609558327,0.41449700806531,0.3090660917068965,0.6682498942243261,Core class-organized
Curvature,Banking77Classification.v2,mpnet_base,11,0.927122940781545,0.8071655972464261,0.7013578501792769,0.9115998241792505,Core class-organized
Curvature,Banking77Classification.v2,mpnet_base,22,0.9239307899241728,0.6795683827350908,0.5621995873961274,0.9281837406245572,Core class-organized
Curvature,Banking77Classification.v2,mpnet_base,33,0.9505198191842958,0.7358405562288132,0.6317977517911877,0.943790746358688,Core class-organized
Curvature,Banking77Classification.v2,mpnet_base,44,0.9182480252583276,0.6759917648313444,0.5778192149302848,0.9131401590018554,Core class-organized
DiME,Banking77Classification.v2,mpnet_base,11,0.8877752321140742,0.6859530160899663,0.6234292001593572,0.8663236418247344,Core class-organized
DiME,Banking77Classification.v2,mpnet_base,22,0.8680834545507257,0.5635445125120265,0.4314554973040048,0.8560054805050531,Core class-organized
DiME,Banking77Classification.v2,mpnet_base,33,0.941906547536738,0.7994658674816805,0.6581226581158204,0.9211725259256628,Core class-organized
DiME,Banking77Classification.v2,mpnet_base,44,0.9473835371160296,0.7594475382673128,0.6315698395749625,0.9396647293843152,Core class-organized
Harmora,Banking77Classification.v2,mpnet_base,11,0.3853324379469583,0.3884312259786556,0.2597621667330655,0.5577410757730967,Core class-organized
Harmora,Banking77Classification.v2,mpnet_base,22,0.6581349601766272,0.6629935441317959,0.5099019513592784,0.704430518801632,Core class-organized
Harmora,Banking77Classification.v2,mpnet_base,33,0.3606016146891795,0.130016940386294,0.0789747189738984,0.5530211882585809,Core class-organized
Harmora,Banking77Classification.v2,mpnet_base,44,0.1913460567023166,-0.0528553231761133,-0.1209389054505247,0.4890243365614166,Core class-organized
InfoNCE,Banking77Classification.v2,mpnet_base,11,0.1595941154398238,-0.0192838197294368,-0.0519524333466131,0.4572662410653443,Core class-organized
InfoNCE,Banking77Classification.v2,mpnet_base,22,-0.129574518172833,-0.3038720410604064,-0.248413771175033,0.4180179478522267,Core class-organized
InfoNCE,Banking77Classification.v2,mpnet_base,33,0.2167240383847661,0.2683328344142665,0.2105992505970625,0.454752679641233,Core class-organized
InfoNCE,Banking77Classification.v2,mpnet_base,44,0.348646904716717,0.325477516400277,0.2553154670622188,0.5268752949993715,Core class-organized
LiDAR,Banking77Classification.v2,mpnet_base,11,0.0639535600724674,0.1845737031246093,0.1039048666932262,0.303960635708901,Core class-organized
LiDAR,Banking77Classification.v2,mpnet_base,22,-0.0704338437687505,-0.1104989240219659,-0.0392232270276368,0.3626148398460662,Core class-organized
LiDAR,Banking77Classification.v2,mpnet_base,33,0.1465194425222179,0.5311330330674141,0.3685486885448594,0.4338842580483279,Core class-organized
LiDAR,Banking77Classification.v2,mpnet_base,44,0.2164070112820748,0.6648643283732152,0.4434426533185907,0.5225344698073973,Core class-organized
Matrix entropy,Banking77Classification.v2,mpnet_base,11,0.2427357734191747,-0.1184577497665403,-0.1298810833665327,0.5341180507042694,Core class-organized
Matrix entropy,Banking77Classification.v2,mpnet_base,22,-0.0368998687506799,-0.3756963416746843,-0.3268602252303066,0.4441450061116445,Core class-organized
Matrix entropy,Banking77Classification.v2,mpnet_base,33,0.2940357458165185,0.2157727946836369,0.1842743442724297,0.5300768027918645,Core class-organized
Matrix entropy,Banking77Classification.v2,mpnet_base,44,0.4255927571161354,0.2587128976515022,0.2015648424175412,0.584376166205261,Core class-organized
Participation ratio,Banking77Classification.v2,mpnet_base,11,-0.6355981732229918,-0.5950435802226214,-0.4935481167928245,0.7808337576641246,Core class-organized
Participation ratio,Banking77Classification.v2,mpnet_base,22,-0.862090791452162,-0.8563666611702363,-0.7452413135250991,0.8959804537393816,Core class-organized
Participation ratio,Banking77Classification.v2,mpnet_base,33,-0.6444473732285398,-0.320892874144896,-0.1842743442724297,0.7937701238527872,Core class-organized
Participation ratio,Banking77Classification.v2,mpnet_base,44,-0.5532008894072887,-0.2086394335899211,-0.0940635931281859,0.7241924678742417,Core class-organized
Spectral gap,Banking77Classification.v2,mpnet_base,11,-0.3605639479074565,-0.3278249354004256,-0.2337859500597589,0.5810126317380286,Core class-organized
Spectral gap,Banking77Classification.v2,mpnet_base,22,-0.5371891743738748,-0.6132690283219111,-0.4314554973040048,0.5728890833863494,Core class-organized
Spectral gap,Banking77Classification.v2,mpnet_base,33,-0.369787087875897,-0.1410822119085318,-0.0789747189738984,0.5126568957954809,Core class-organized
Spectral gap,Banking77Classification.v2,mpnet_base,44,-0.3845361412305343,-0.0194730138017259,-0.0134376561611694,0.5559663973126882,Core class-organized
Anisotropy,Banking77Classification.v2,snowflake_arctic_embed_m,11,0.7693752622662317,0.8581449237144743,0.7481134002767627,0.821978786493012,Core class-organized
Anisotropy,Banking77Classification.v2,snowflake_arctic_embed_m,22,0.8166469209126688,0.8421104469870047,0.7077760731311632,0.8489417535572272,Core class-organized
Anisotropy,Banking77Classification.v2,snowflake_arctic_embed_m,33,0.8086935750033691,0.847637026689399,0.7481134002767627,0.8125221210216481,Core class-organized
Anisotropy,Banking77Classification.v2,snowflake_arctic_embed_m,44,0.8744313961037802,0.8966738794730833,0.7786486411043856,0.8874275106252796,Core class-organized
Curvature,Banking77Classification.v2,snowflake_arctic_embed_m,11,0.7999507410091677,0.7705791151721809,0.6565076777938937,0.8596342552001797,Core class-organized
Curvature,Banking77Classification.v2,snowflake_arctic_embed_m,22,0.9047699050676988,0.8666720016907923,0.7693218186208295,0.9262875166932508,Core class-organized
Curvature,Banking77Classification.v2,snowflake_arctic_embed_m,33,0.8322978489613098,0.7110343653634216,0.5954371961386479,0.8454413924728372,Core class-organized
Curvature,Banking77Classification.v2,snowflake_arctic_embed_m,44,0.9063407565710796,0.80910807093079,0.7175781594491396,0.9189905643552044,Core class-organized
DiME,Banking77Classification.v2,snowflake_arctic_embed_m,11,0.7642673877303849,0.8161133356141735,0.7175781594491396,0.7873039382888165,Core class-organized
DiME,Banking77Classification.v2,snowflake_arctic_embed_m,22,0.7937136225718185,0.7929873375794294,0.67700320038633,0.8006423904998075,Core class-organized
DiME,Banking77Classification.v2,snowflake_arctic_embed_m,33,0.7939506933507179,0.8231186002975568,0.7175781594491396,0.7762972383334449,Core class-organized
DiME,Banking77Classification.v2,snowflake_arctic_embed_m,44,0.8567206313743572,0.8651501883978578,0.7481134002767627,0.8459802458366357,Core class-organized
Harmora,Banking77Classification.v2,snowflake_arctic_embed_m,11,0.7368793812084216,0.7075317330217298,0.5954371961386479,0.7116915562575264,Core class-organized
Harmora,Banking77Classification.v2,snowflake_arctic_embed_m,22,0.6764910365530595,0.6877235317060539,0.5846845821518305,0.6407896063890324,Core class-organized
Harmora,Banking77Classification.v2,snowflake_arctic_embed_m,33,0.7359976519653244,0.742558056438647,0.5954371961386479,0.7058542621674987,Core class-organized
Harmora,Banking77Classification.v2,snowflake_arctic_embed_m,44,0.724773753238184,0.7635738504887974,0.6259724369662708,0.6881156318417697,Core class-organized
InfoNCE,Banking77Classification.v2,snowflake_arctic_embed_m,11,0.7780036361434671,0.8581449237144743,0.7481134002767627,0.8327673215460151,Core class-organized
InfoNCE,Banking77Classification.v2,snowflake_arctic_embed_m,22,0.8230011197837999,0.8421104469870047,0.7077760731311632,0.8556225937116327,Core class-organized
InfoNCE,Banking77Classification.v2,snowflake_arctic_embed_m,33,0.8184870685350115,0.847637026689399,0.7481134002767627,0.8243010798597753,Core class-organized
InfoNCE,Banking77Classification.v2,snowflake_arctic_embed_m,44,0.8786075085684091,0.8966738794730833,0.7786486411043856,0.8918005001710907,Core class-organized
LiDAR,Banking77Classification.v2,snowflake_arctic_embed_m,11,0.9055202896771068,0.8896686147896997,0.8091838819320086,0.8797456761086221,Core class-organized
LiDAR,Banking77Classification.v2,snowflake_arctic_embed_m,22,0.8017464033078215,0.8631632081616797,0.7693218186208295,0.7637601868586542,Core class-organized
LiDAR,Banking77Classification.v2,snowflake_arctic_embed_m,33,0.8489216320543971,0.8511396590310907,0.7481134002767627,0.8343966913219919,Core class-organized
LiDAR,Banking77Classification.v2,snowflake_arctic_embed_m,44,0.8043243833052535,0.8931712471313915,0.7786486411043856,0.7880345428965579,Core class-organized
Matrix entropy,Banking77Classification.v2,snowflake_arctic_embed_m,11,0.7839862773961183,0.8581449237144743,0.7481134002767627,0.8420190250806884,Core class-organized
Matrix entropy,Banking77Classification.v2,snowflake_arctic_embed_m,22,0.8312418990505418,0.8421104469870047,0.7077760731311632,0.8670251190400805,Core class-organized
Matrix entropy,Banking77Classification.v2,snowflake_arctic_embed_m,33,0.8253725822154316,0.847637026689399,0.7481134002767627,0.8334893308869403,Core class-organized
Matrix entropy,Banking77Classification.v2,snowflake_arctic_embed_m,44,0.8850769809375505,0.8966738794730833,0.7786486411043856,0.9018432135600536,Core class-organized
Participation ratio,Banking77Classification.v2,snowflake_arctic_embed_m,11,0.4782426725919886,0.5043790572036093,0.442760992000533,0.7867733940242942,Core class-organized
Participation ratio,Banking77Classification.v2,snowflake_arctic_embed_m,22,0.6127558017869317,0.5052662681922028,0.4000473456828313,0.8046253715518776,Core class-organized
Participation ratio,Banking77Classification.v2,snowflake_arctic_embed_m,33,0.5527063687994044,0.4658501014450003,0.381690510345287,0.7684254832435083,Core class-organized
Participation ratio,Banking77Classification.v2,snowflake_arctic_embed_m,44,0.6325686480568952,0.4343264103697747,0.3511552695176641,0.8198332589688957,Core class-organized
Spectral gap,Banking77Classification.v2,snowflake_arctic_embed_m,11,0.2027745106877037,0.4658501014450003,0.3511552695176641,0.7179898670586509,Core class-organized
Spectral gap,Banking77Classification.v2,snowflake_arctic_embed_m,22,0.3650226752000359,0.4175464299643898,0.2769558547034986,0.698199283188649,Core class-organized
Spectral gap,Banking77Classification.v2,snowflake_arctic_embed_m,33,0.2925961547683242,0.4308237780280829,0.3206200286900411,0.6836156771326959,Core class-organized
Spectral gap,Banking77Classification.v2,snowflake_arctic_embed_m,44,0.3821646555106928,0.3747816605610153,0.2290143062071722,0.7170858122156815,Core class-organized
Anisotropy,EmotionClassification.v2,bge_base_en_v15,11,0.8667326900787006,0.7170574182214873,0.604814736759006,0.8762549682480916,Core class-organized
Anisotropy,EmotionClassification.v2,bge_base_en_v15,22,0.8809070351146401,0.6923076923076924,0.5454545454545454,0.8894715974419732,Core class-organized
Anisotropy,EmotionClassification.v2,bge_base_en_v15,33,0.7877796074947329,0.5633942521631989,0.4187178946793118,0.8183842422512443,Core class-organized
Anisotropy,EmotionClassification.v2,bge_base_en_v15,44,0.7884921408116919,0.615122785239021,0.4807501753725432,0.7768796412908906,Core class-organized
Curvature,EmotionClassification.v2,bge_base_en_v15,11,-0.4673712178164146,-0.5694279497641223,-0.3256694736394647,0.6004288725059488,Core class-organized
Curvature,EmotionClassification.v2,bge_base_en_v15,22,-0.5245118475600696,-0.6573426573426573,-0.4545454545454545,0.630505991986428,Core class-organized
Curvature,EmotionClassification.v2,bge_base_en_v15,33,-0.7468737418826835,-0.7887519530284786,-0.604814736759006,0.8023855196551184,Core class-organized
Curvature,EmotionClassification.v2,bge_base_en_v15,44,-0.4304610326234654,-0.5588829877314533,-0.4187178946793118,0.5435220342325989,Core class-organized
DiME,EmotionClassification.v2,bge_base_en_v15,11,0.8221970055562731,0.6537876460254736,0.5117663157191589,0.8220980840289259,Core class-organized
DiME,EmotionClassification.v2,bge_base_en_v15,22,0.826195014778907,0.6013986013986015,0.4545454545454545,0.8374999630112664,Core class-organized
DiME,EmotionClassification.v2,bge_base_en_v15,33,0.7407572092337884,0.521139683250959,0.3877017543326961,0.7919386120882286,Core class-organized
DiME,EmotionClassification.v2,bge_base_en_v15,44,0.7358271465821807,0.6537876460254736,0.4807501753725432,0.7271812413811545,Core class-organized
Harmora,EmotionClassification.v2,bge_base_en_v15,11,0.5547445860450368,0.6080928105505748,0.4807501753725432,0.5197040823215883,Core class-organized
Harmora,EmotionClassification.v2,bge_base_en_v15,22,0.557332958432524,0.5454545454545455,0.4242424242424242,0.5326519315348002,Core class-organized
Harmora,EmotionClassification.v2,bge_base_en_v15,33,0.4168732009306828,0.4225456891223993,0.3256694736394647,0.4895339130164006,Core class-organized
Harmora,EmotionClassification.v2,bge_base_en_v15,44,0.5522807539753203,0.6045778232063519,0.4497340350259275,0.533452313628215,Core class-organized
InfoNCE,EmotionClassification.v2,bge_base_en_v15,11,0.8703213055240768,0.7170574182214873,0.604814736759006,0.8834414487158195,Core class-organized
InfoNCE,EmotionClassification.v2,bge_base_en_v15,22,0.8849272284595906,0.6923076923076924,0.5454545454545454,0.896398765753231,Core class-organized
InfoNCE,EmotionClassification.v2,bge_base_en_v15,33,0.788716414651407,0.5633942521631989,0.4187178946793118,0.8183147468153591,Core class-organized
InfoNCE,EmotionClassification.v2,bge_base_en_v15,44,0.7920747901600911,0.615122785239021,0.4807501753725432,0.7825896433197891,Core class-organized
LiDAR,EmotionClassification.v2,bge_base_en_v15,11,0.5745584459992147,0.75572227900794,0.6358308771056217,0.5877558013366923,Core class-organized
LiDAR,EmotionClassification.v2,bge_base_en_v15,22,0.589409307379907,0.7482517482517484,0.5757575757575757,0.6119535924784592,Core class-organized
LiDAR,EmotionClassification.v2,bge_base_en_v15,33,0.4594405949700793,0.6619882462917588,0.5117663157191589,0.5113336060009251,Core class-organized
LiDAR,EmotionClassification.v2,bge_base_en_v15,44,0.6733120455775224,0.6186377725832438,0.5117663157191589,0.7073389659230453,Core class-organized
Matrix entropy,EmotionClassification.v2,bge_base_en_v15,11,0.8702915841660795,0.745177316975271,0.6358308771056217,0.876177714658824,Core class-organized
Matrix entropy,EmotionClassification.v2,bge_base_en_v15,22,0.8832437473916517,0.7412587412587414,0.5757575757575757,0.8887694979208032,Core class-organized
Matrix entropy,EmotionClassification.v2,bge_base_en_v15,33,0.7841687030827577,0.6056488210754389,0.4497340350259275,0.8122244192215101,Core class-organized
Matrix entropy,EmotionClassification.v2,bge_base_en_v15,44,0.7799761810031881,0.5764579244525682,0.4497340350259275,0.7653162500025068,Core class-organized
Participation ratio,EmotionClassification.v2,bge_base_en_v15,11,0.8974886851669919,0.7240873929099331,0.5737985964123903,0.9250093867236772,Core class-organized
Participation ratio,EmotionClassification.v2,bge_base_en_v15,22,0.920436263594106,0.8041958041958043,0.6363636363636362,0.9395660440824852,Core class-organized
Participation ratio,EmotionClassification.v2,bge_base_en_v15,33,0.8085442132486932,0.7464973841162387,0.604814736759006,0.789842868901043,Core class-organized
Participation ratio,EmotionClassification.v2,bge_base_en_v15,44,0.8137229790012435,0.5729429371083451,0.4807501753725432,0.8034658484513786,Core class-organized
Spectral gap,EmotionClassification.v2,bge_base_en_v15,11,0.9262060229127144,0.8752318487115212,0.7598954384920844,0.8989016818052303,Core class-organized
Spectral gap,EmotionClassification.v2,bge_base_en_v15,22,0.9422827372335356,0.9230769230769232,0.7878787878787877,0.9254197107848968,Core class-organized
Spectral gap,EmotionClassification.v2,bge_base_en_v15,33,0.825109293536018,0.7535398122682787,0.6668470174522374,0.8007809004256569,Core class-organized
Spectral gap,EmotionClassification.v2,bge_base_en_v15,44,0.7439338809632674,0.5377930636661153,0.4187178946793118,0.6994512085671466,Core class-organized
Anisotropy,EmotionClassification.v2,bge_large_en_v15,11,0.7079465375857306,0.6046228178792739,0.472405135643793,0.6821482008602511,Core class-organized
Anisotropy,EmotionClassification.v2,bge_large_en_v15,22,0.8279324248372619,0.7424350011544129,0.6227482248737989,0.849527597167484,Core class-organized
Anisotropy,EmotionClassification.v2,bge_large_en_v15,33,0.7149024267490807,0.4617060060195733,0.3357753684224256,0.7463919017714609,Core class-organized
Anisotropy,EmotionClassification.v2,bge_large_en_v15,44,0.7518953693474795,0.4218125081447915,0.2889602459083515,0.7038659749609274,Core class-organized
Curvature,EmotionClassification.v2,bge_large_en_v15,11,-0.6114182851793678,-0.5789034622521094,-0.4133544936883189,0.6181191919862384,Core class-organized
Curvature,EmotionClassification.v2,bge_large_en_v15,22,-0.703137953074463,-0.6113658308626367,-0.4176076331506651,0.7204210700143532,Core class-organized
Curvature,EmotionClassification.v2,bge_large_en_v15,33,-0.8381642804413563,-0.8685817040669824,-0.6861496659066959,0.8723978210994833,Core class-organized
Curvature,EmotionClassification.v2,bge_large_en_v15,44,-0.6607993406358004,-0.6311920364896726,-0.4890096469218257,0.6892933786028707,Core class-organized
DiME,EmotionClassification.v2,bge_large_en_v15,11,0.6594771733962195,0.5802112260975585,0.4354984844216217,0.6179025136687416,Core class-organized
DiME,EmotionClassification.v2,bge_large_en_v15,22,0.8044959782096935,0.7245817254668288,0.5714630769430155,0.8044994045417293,Core class-organized
DiME,EmotionClassification.v2,bge_large_en_v15,33,0.621651341886161,0.4508269766600169,0.3138769748296587,0.6636758645444103,Core class-organized
DiME,EmotionClassification.v2,bge_large_en_v15,44,0.6208144536433624,0.3956400671016813,0.251914060535486,0.5841973729480451,Core class-organized
Harmora,EmotionClassification.v2,bge_large_en_v15,11,0.4923105157836239,0.524413302025066,0.3912105029550161,0.4939364596570047,Core class-organized
Harmora,EmotionClassification.v2,bge_large_en_v15,22,0.6629198754765603,0.6631838749314786,0.498198579899039,0.6807411278403647,Core class-organized
Harmora,EmotionClassification.v2,bge_large_en_v15,33,0.4039997832456541,0.3777198993637979,0.248181794051358,0.515303866487672,Core class-organized
Harmora,EmotionClassification.v2,bge_large_en_v15,44,0.3984073857590697,0.3284641350910321,0.2148678751626204,0.4387518639177949,Core class-organized
InfoNCE,EmotionClassification.v2,bge_large_en_v15,11,0.7121466110056036,0.6046228178792739,0.472405135643793,0.6908491292989243,Core class-organized
InfoNCE,EmotionClassification.v2,bge_large_en_v15,22,0.8267856436134453,0.7424350011544129,0.6227482248737989,0.8500291632267366,Core class-organized
InfoNCE,EmotionClassification.v2,bge_large_en_v15,33,0.7183902519652424,0.4617060060195733,0.3357753684224256,0.7522816256342556,Core class-organized
InfoNCE,EmotionClassification.v2,bge_large_en_v15,44,0.7624564189431233,0.4218125081447915,0.2889602459083515,0.7189532897069664,Core class-organized
LiDAR,EmotionClassification.v2,bge_large_en_v15,11,0.5357336333832703,0.4851803866615947,0.3469225214884105,0.5255268392596767,Core class-organized
LiDAR,EmotionClassification.v2,bge_large_en_v15,22,0.6811081439084083,0.6235583118200113,0.498198579899039,0.6502816922051112,Core class-organized
LiDAR,EmotionClassification.v2,bge_large_en_v15,33,0.5376148294125078,0.4442995590442831,0.2919785812368918,0.551899072880071,Core class-organized
LiDAR,EmotionClassification.v2,bge_large_en_v15,44,0.5285979451838266,0.4392608021735316,0.3334156683557902,0.542359761778823,Core class-organized
Matrix entropy,EmotionClassification.v2,bge_large_en_v15,11,0.7126949226093289,0.589801494297518,0.4576424751549245,0.6845691757853036,Core class-organized
Matrix entropy,EmotionClassification.v2,bge_large_en_v15,22,0.8347628084876126,0.7433058926513684,0.6227482248737989,0.850031882607932,Core class-organized
Matrix entropy,EmotionClassification.v2,bge_large_en_v15,33,0.7165379698438115,0.4638818118914846,0.3357753684224256,0.7472749672246284,Core class-organized
Matrix entropy,EmotionClassification.v2,bge_large_en_v15,44,0.753372560510452,0.4183228493390435,0.2889602459083515,0.708988857753785,Core class-organized
Participation ratio,EmotionClassification.v2,bge_large_en_v15,11,0.7157842755207963,0.6089820306974374,0.4354984844216217,0.738386381014481,Core class-organized
Participation ratio,EmotionClassification.v2,bge_large_en_v15,22,0.7289614737147648,0.5543224378120631,0.4176076331506651,0.7195819441704774,Core class-organized
Participation ratio,EmotionClassification.v2,bge_large_en_v15,33,0.8095366562100272,0.7671891504359167,0.5766576979428615,0.8194071582637771,Core class-organized
Participation ratio,EmotionClassification.v2,bge_large_en_v15,44,0.8458161688405146,0.6128713277594955,0.444554224474387,0.830038942564028,Core class-organized
Spectral gap,EmotionClassification.v2,bge_large_en_v15,11,0.6912305336464584,0.6342654650427856,0.4871677961326616,0.6997353621882577,Core class-organized
Spectral gap,EmotionClassification.v2,bge_large_en_v15,22,0.7313170403524516,0.6109303851141591,0.4615663313770509,0.738233230125178,Core class-organized
Spectral gap,EmotionClassification.v2,bge_large_en_v15,33,0.8104558253000445,0.7419498023217459,0.5620587688810168,0.8381335633901628,Core class-organized
Spectral gap,EmotionClassification.v2,bge_large_en_v15,44,0.7288887790380085,0.5775385323512968,0.4223265132506677,0.7581723298101269,Core class-organized
Anisotropy,EmotionClassification.v2,e5_base_v2,11,-0.0691720046056239,-0.2326950157353776,-0.1722799039261505,0.402629237889793,Core class-organized
Anisotropy,EmotionClassification.v2,e5_base_v2,22,-0.5218518754853686,-0.5337006424443076,-0.42581531362632,0.5940032091025972,Core class-organized
Anisotropy,EmotionClassification.v2,e5_base_v2,33,-0.1543336841310391,-0.1324149267438212,-0.0915208630644858,0.4353107795363386,Core class-organized
Anisotropy,EmotionClassification.v2,e5_base_v2,44,0.1334163450358577,0.1698061825179272,0.0691648280594252,0.3250330638399346,Core class-organized
Curvature,EmotionClassification.v2,e5_base_v2,11,-0.5618927322366323,-0.5014023553345638,-0.3843167087583357,0.656311080319173,Core class-organized
Curvature,EmotionClassification.v2,e5_base_v2,22,-0.5986397484015371,-0.6079785669082061,-0.4516223023309454,0.6873724763909986,Core class-organized
Curvature,EmotionClassification.v2,e5_base_v2,33,-0.7393645955268644,-0.728282097091017,-0.5621995873961274,0.7597427389803489,Core class-organized
Curvature,EmotionClassification.v2,e5_base_v2,44,0.0737555095645097,0.2433888616090291,0.1521626217307355,0.3269535213476941,Core class-organized
DiME,EmotionClassification.v2,e5_base_v2,11,-0.1011727294929926,-0.0997264353151618,-0.0662615015100578,0.3813280905289335,Core class-organized
DiME,EmotionClassification.v2,e5_base_v2,22,-0.5406818735924762,-0.4319123755863726,-0.3225873588078182,0.5843842619020682,Core class-organized
DiME,EmotionClassification.v2,e5_base_v2,33,-0.1891010032315678,-0.0248277987644664,-0.0130744090092122,0.4316159121898497,Core class-organized
DiME,EmotionClassification.v2,e5_base_v2,44,-0.0012104926318119,0.0084903091258963,-0.013832965611885,0.2910535483381518,Core class-organized
Harmora,EmotionClassification.v2,e5_base_v2,11,0.6791217715512333,0.7950413037625403,0.6228581141945442,0.7835052448069127,Core class-organized
Harmora,EmotionClassification.v2,e5_base_v2,22,0.9391182299061868,0.9326006071578364,0.8645341216049527,0.9312436643615688,Core class-organized
Harmora,EmotionClassification.v2,e5_base_v2,33,0.8468638078945725,0.8303519364560458,0.6667948594698255,0.8776332064258061,Core class-organized
Harmora,EmotionClassification.v2,e5_base_v2,44,0.1748890372307537,-0.0424515456294818,-0.013832965611885,0.3330556555373677,Core class-organized
InfoNCE,EmotionClassification.v2,e5_base_v2,11,-0.0920344540656306,-0.3379618085680485,-0.25179370573822,0.4178346032973538,Core class-organized
InfoNCE,EmotionClassification.v2,e5_base_v2,22,-0.5446736698297295,-0.6574971832174717,-0.5806572458540727,0.6204682253466515,Core class-organized
InfoNCE,EmotionClassification.v2,e5_base_v2,33,-0.176826728613315,-0.2675884977948054,-0.196116135138184,0.4521665514783261,Core class-organized
InfoNCE,EmotionClassification.v2,e5_base_v2,44,0.1410476960624887,0.2264082433572363,0.1798285529545056,0.3299768528741229,Core class-organized
LiDAR,EmotionClassification.v2,e5_base_v2,11,-0.4833557416946354,-0.6953148684473786,-0.5168397117784516,0.6453163685607883,Core class-organized
LiDAR,EmotionClassification.v2,e5_base_v2,22,-0.7905128935599868,-0.6740033886538936,-0.5290432684448219,0.8530678899211667,Core class-organized
LiDAR,EmotionClassification.v2,e5_base_v2,33,-0.5395987416736377,-0.4993146195964926,-0.3007114072118821,0.6987977170739843,Core class-organized
LiDAR,EmotionClassification.v2,e5_base_v2,44,-0.0528539213113709,0.2433888616090291,0.2074944841782757,0.4307780869212391,Core class-organized
Matrix entropy,EmotionClassification.v2,e5_base_v2,11,-0.0768181066448509,-0.3324214510505395,-0.25179370573822,0.4204222278785715,Core class-organized
Matrix entropy,EmotionClassification.v2,e5_base_v2,22,-0.5307760813841191,-0.5997254641899951,-0.5290432684448219,0.6158926454689356,Core class-organized
Matrix entropy,EmotionClassification.v2,e5_base_v2,33,-0.1604946131389873,-0.2510366319518278,-0.196116135138184,0.4531583635897439,Core class-organized
Matrix entropy,EmotionClassification.v2,e5_base_v2,44,0.1594649170591822,0.28018020115458,0.2351604154020458,0.3372888006752435,Core class-organized
Participation ratio,EmotionClassification.v2,e5_base_v2,11,0.2443291834408602,-0.1689809042840242,-0.1722799039261505,0.5859360527418797,Core class-organized
Participation ratio,EmotionClassification.v2,e5_base_v2,22,0.2349299808005636,0.085282061421513,-0.0129034943523127,0.477028244526787,Core class-organized
Participation ratio,EmotionClassification.v2,e5_base_v2,33,0.3886539299440343,0.0248277987644664,0.0392232270276368,0.5854359891222777,Core class-organized
Participation ratio,EmotionClassification.v2,e5_base_v2,44,0.4821655672026238,0.3141414376581655,0.2628263466258159,0.5662711776574413,Core class-organized
Spectral gap,EmotionClassification.v2,e5_base_v2,11,0.3884769522767652,0.0858755415213893,0.0662615015100578,0.503476446750173,Core class-organized
Spectral gap,EmotionClassification.v2,e5_base_v2,22,0.5117688536750598,0.3548834168830705,0.2193594039893163,0.5591477450072463,Core class-organized
Spectral gap,EmotionClassification.v2,e5_base_v2,33,0.6199579136766342,0.3613824042383455,0.3268602252303066,0.6894076034282042,Core class-organized
Spectral gap,EmotionClassification.v2,e5_base_v2,44,0.3534271770466682,0.056602060839309,0.0414988968356551,0.4894436250809827,Core class-organized
Anisotropy,EmotionClassification.v2,e5_large_v2,11,0.0562357254307609,0.2275913183100154,0.1681675646483721,0.3426108254889753,Core class-organized
Anisotropy,EmotionClassification.v2,e5_large_v2,22,0.2840821777128306,0.5905521337235518,0.4668947509648329,0.56277255274046,Core class-organized
Anisotropy,EmotionClassification.v2,e5_large_v2,33,0.2637913183669345,0.6146192793315951,0.4685301141188869,0.5558937062140984,Core class-organized
Anisotropy,EmotionClassification.v2,e5_large_v2,44,-0.0302013129169218,0.2335687747379764,0.1518144230553179,0.3873626268044662,Core class-organized
Curvature,EmotionClassification.v2,e5_large_v2,11,0.1330365583206165,0.1634484340324899,0.1063917245734599,0.4015613648449124,Core class-organized
Curvature,EmotionClassification.v2,e5_large_v2,22,-0.2429827551025613,-0.324784387064161,-0.2215194073920739,0.4203441794093186,Core class-organized
Curvature,EmotionClassification.v2,e5_large_v2,33,-0.3499582716933019,-0.3908050889334859,-0.2770141550629915,0.4224330762609914,Core class-organized
Curvature,EmotionClassification.v2,e5_large_v2,44,-0.19908491752757,-0.2146203145357234,-0.1518144230553179,0.3419068560953852,Core class-organized
DiME,EmotionClassification.v2,e5_large_v2,11,-0.0630156808260132,0.0823038213922466,0.0789357956512767,0.3245062106607515,Core class-organized
DiME,EmotionClassification.v2,e5_large_v2,22,0.2339677117260667,0.5589223003040016,0.432814842135283,0.5751243521506729,Core class-organized
DiME,EmotionClassification.v2,e5_large_v2,33,0.2556605044063941,0.6196444684078911,0.4958895368411577,0.6392391573845823,Core class-organized
DiME,EmotionClassification.v2,e5_large_v2,44,-0.0998743323583789,0.1744031745146148,0.0966091783079295,0.4041332702518247,Core class-organized
Harmora,EmotionClassification.v2,e5_large_v2,11,-0.2324160702472623,0.0247297867094074,0.0514798667290935,0.5040893685716502,Core class-organized
Harmora,EmotionClassification.v2,e5_large_v2,22,0.647720124982852,0.763744758179381,0.5623184956875725,0.6850451813984382,Core class-organized
Harmora,EmotionClassification.v2,e5_large_v2,33,0.6890682042080596,0.8233579025008161,0.6326866504525116,0.7945662865958518,Core class-organized
Harmora,EmotionClassification.v2,e5_large_v2,44,0.1248430134190682,0.2846136063032295,0.2346222901764004,0.3545340327203068,Core class-organized
InfoNCE,EmotionClassification.v2,e5_large_v2,11,0.0661652428186312,0.245365852507402,0.1750315468789179,0.3404949466374484,Core class-organized
InfoNCE,EmotionClassification.v2,e5_large_v2,22,0.2654486551520911,0.5554507332213681,0.4191828786034631,0.5353896391965226,Core class-organized
InfoNCE,EmotionClassification.v2,e5_large_v2,33,0.236813797837173,0.5686194716331927,0.4274909800354807,0.5159191597987609,Core class-organized
InfoNCE,EmotionClassification.v2,e5_large_v2,44,-0.0319711267041867,0.2733992114896512,0.179417045429012,0.3902895107729282,Core class-organized
LiDAR,EmotionClassification.v2,e5_large_v2,11,-0.1135258296821946,-0.1715628952965142,-0.0995277423429141,0.3655634599001102,Core class-organized
LiDAR,EmotionClassification.v2,e5_large_v2,22,-0.5608781004012352,-0.6106100768676567,-0.4055509150716431,0.6320934247532312,Core class-organized
LiDAR,EmotionClassification.v2,e5_large_v2,33,-0.6961484618120769,-0.689610562470167,-0.4958895368411577,0.7980574399589965,Core class-organized
LiDAR,EmotionClassification.v2,e5_large_v2,44,-0.268924133105737,-0.2753327278368199,-0.2070196678027062,0.3435233900654977,Core class-organized
Matrix entropy,EmotionClassification.v2,e5_large_v2,11,0.1009405583986357,0.2608219692007817,0.1956234935705553,0.3566408397125203,Core class-organized
Matrix entropy,EmotionClassification.v2,e5_large_v2,22,0.3062035672775994,0.5504362474353417,0.4123668968375531,0.5521866012323458,Core class-organized
Matrix entropy,EmotionClassification.v2,e5_large_v2,33,0.2741309656639346,0.5620480705334209,0.4206511243549131,0.5232899420010638,Core class-organized
Matrix entropy,EmotionClassification.v2,e5_large_v2,44,-0.0014252447386113,0.2873205291892657,0.2001190122092827,0.3906866236518318,Core class-organized
Participation ratio,EmotionClassification.v2,e5_large_v2,11,0.4006941777694203,0.1499243319257826,0.1063917245734599,0.4347788111579515,Core class-organized
Participation ratio,EmotionClassification.v2,e5_large_v2,22,0.1835123238845716,-0.1851502444071227,-0.0988317356056945,0.3929463511954766,Core class-organized
Participation ratio,EmotionClassification.v2,e5_large_v2,33,0.0388919858922931,-0.2234276373922402,-0.13337718577107,0.4110970035098025,Core class-organized
Participation ratio,EmotionClassification.v2,e5_large_v2,44,0.2806105758746779,0.1500408685402894,0.1035098339013531,0.3253592115818137,Core class-organized
Spectral gap,EmotionClassification.v2,e5_large_v2,11,0.2698460297592304,0.2662316100434646,0.1475756179567347,0.369660957624934,Core class-organized
Spectral gap,EmotionClassification.v2,e5_large_v2,22,0.3767718307530603,0.3336561696086689,0.2215194073920739,0.426441097706656,Core class-organized
Spectral gap,EmotionClassification.v2,e5_large_v2,33,0.3681552419535407,0.3436456222174767,0.2359750209795854,0.4408280561520153,Core class-organized
Spectral gap,EmotionClassification.v2,e5_large_v2,44,0.3646174541262096,0.149267462001422,0.089708522714506,0.3918034868792085,Core class-organized
Anisotropy,EmotionClassification.v2,minilm_l6,11,0.6672976702463559,0.396412483586046,0.3903600291794132,0.6731275414960033,Core class-organized
Anisotropy,EmotionClassification.v2,minilm_l6,22,0.7161367657000126,0.0720749970156447,0.0,0.8924374646902955,Core class-organized
Anisotropy,EmotionClassification.v2,minilm_l6,33,0.6011561138083718,0.30631873731649,0.0975900072948533,0.6403898934505683,Core class-organized
Anisotropy,EmotionClassification.v2,minilm_l6,44,0.7212992287292549,0.3214285714285715,0.2380952380952381,0.7326203782652936,Core class-organized
Curvature,EmotionClassification.v2,minilm_l6,11,-0.7702450818530844,-0.8468812149338255,-0.7807200583588265,0.8157864618706648,Core class-organized
Curvature,EmotionClassification.v2,minilm_l6,22,-0.3614012864843132,-0.30631873731649,-0.2927700218845599,0.6057004214179985,Core class-organized
Curvature,EmotionClassification.v2,minilm_l6,33,-0.1638879888372742,-0.3603749850782236,-0.2927700218845599,0.500843332299604,Core class-organized
Curvature,EmotionClassification.v2,minilm_l6,44,-0.4837852802984483,-0.4285714285714286,-0.4285714285714286,0.6383886327788392,Core class-organized
DiME,EmotionClassification.v2,minilm_l6,11,-0.6873134918954125,-0.4324499820938683,-0.2927700218845599,0.7338760040362209,Core class-organized
DiME,EmotionClassification.v2,minilm_l6,22,-0.9169960962977876,-0.2342437403008453,-0.2927700218845599,0.9448597156773324,Core class-organized
DiME,EmotionClassification.v2,minilm_l6,33,-0.7369686081822355,-0.3243374865704013,-0.2927700218845599,0.7524599758382852,Core class-organized
DiME,EmotionClassification.v2,minilm_l6,44,-0.7006764273001929,-0.3214285714285715,-0.2380952380952381,0.7282599844991613,Core class-organized
Harmora,EmotionClassification.v2,minilm_l6,11,-0.074063513188906,0.1261312447773782,0.0,0.4780587770387962,Core class-organized
Harmora,EmotionClassification.v2,minilm_l6,22,0.3183168092505158,0.5585812268712466,0.4879500364742666,0.5920508763983269,Core class-organized
Harmora,EmotionClassification.v2,minilm_l6,33,-0.0113672074069569,0.1261312447773782,0.0975900072948533,0.466134294658974,Core class-organized
Harmora,EmotionClassification.v2,minilm_l6,44,-0.1230904601798824,-0.0714285714285714,-0.0476190476190476,0.496783886357532,Core class-organized
InfoNCE,EmotionClassification.v2,minilm_l6,11,0.6468772484399381,0.3423562358243124,0.2927700218845599,0.6395504212692752,Core class-organized
InfoNCE,EmotionClassification.v2,minilm_l6,22,0.6340746905252197,-0.0360374985078223,-0.0975900072948533,0.8513673012464079,Core class-organized
InfoNCE,EmotionClassification.v2,minilm_l6,33,0.5485959241660786,0.3423562358243124,0.1951800145897066,0.5905251755907328,Core class-organized
InfoNCE,EmotionClassification.v2,minilm_l6,44,0.7063477309894064,0.2142857142857143,0.1428571428571428,0.7201711797132395,Core class-organized
LiDAR,EmotionClassification.v2,minilm_l6,11,0.2170943175334566,-0.0360374985078223,0.0,0.5092758554393421,Core class-organized
LiDAR,EmotionClassification.v2,minilm_l6,22,0.0565085078281081,-0.0900937462695559,-0.0975900072948533,0.6040533128518004,Core class-organized
LiDAR,EmotionClassification.v2,minilm_l6,33,0.3413175830828327,0.108112495523467,0.0975900072948533,0.6499914977641444,Core class-organized
LiDAR,EmotionClassification.v2,minilm_l6,44,0.4139179621636341,0.5357142857142858,0.4285714285714286,0.5266390680565243,Core class-organized
Matrix entropy,EmotionClassification.v2,minilm_l6,11,0.6652383702538306,0.5225437283634242,0.3903600291794132,0.6573979564036213,Core class-organized
Matrix entropy,EmotionClassification.v2,minilm_l6,22,0.6736455843284178,-0.1261312447773782,-0.1951800145897066,0.8718433487473292,Core class-organized
Matrix entropy,EmotionClassification.v2,minilm_l6,33,0.575353002140166,0.396412483586046,0.2927700218845599,0.6122973905515029,Core class-organized
Matrix entropy,EmotionClassification.v2,minilm_l6,44,0.7192383521211616,0.1785714285714286,0.0476190476190476,0.7286841178095657,Core class-organized
Participation ratio,EmotionClassification.v2,minilm_l6,11,0.7727014644445812,0.6666937223947137,0.4879500364742666,0.7897190652698229,Core class-organized
Participation ratio,EmotionClassification.v2,minilm_l6,22,0.8497317671418798,0.0900937462695559,0.0975900072948533,0.9535419124838992,Core class-organized
Participation ratio,EmotionClassification.v2,minilm_l6,33,0.6826349482193523,0.2702812388086677,0.1951800145897066,0.725712353696193,Core class-organized
Participation ratio,EmotionClassification.v2,minilm_l6,44,0.701986898067098,0.4642857142857144,0.3333333333333333,0.7371922731588504,Core class-organized
Spectral gap,EmotionClassification.v2,minilm_l6,11,0.6766081381378455,0.3603749850782236,0.2927700218845599,0.7339879492861582,Core class-organized
Spectral gap,EmotionClassification.v2,minilm_l6,22,0.8339205254646576,0.6126374746329801,0.4879500364742666,0.8981669381971177,Core class-organized
Spectral gap,EmotionClassification.v2,minilm_l6,33,0.5343913367253771,0.30631873731649,0.2927700218845599,0.7041022802352314,Core class-organized
Spectral gap,EmotionClassification.v2,minilm_l6,44,0.5868246751302809,0.3214285714285715,0.3333333333333333,0.7252854809842596,Core class-organized
Anisotropy,EmotionClassification.v2,mpnet_base,11,-0.141115534657884,0.0772420406005624,0.0392232270276368,0.354326684429509,Core class-organized
Anisotropy,EmotionClassification.v2,mpnet_base,22,-0.1472720069920425,-0.1793118799655912,-0.1176696810829103,0.3387658588037568,Core class-organized
Anisotropy,EmotionClassification.v2,mpnet_base,33,-0.1865290525541805,-0.5082950505010434,-0.3791578612671557,0.5018531622146306,Core class-organized
Anisotropy,EmotionClassification.v2,mpnet_base,44,-0.1755019514603388,0.0275864430716294,0.0130744090092122,0.3614201651628503,Core class-organized
Curvature,EmotionClassification.v2,mpnet_base,11,-0.3873911762515659,-0.3310373168595532,-0.2222649531566085,0.5055893727502537,Core class-organized
Curvature,EmotionClassification.v2,mpnet_base,22,-0.2065901215114653,-0.1820705242727542,-0.196116135138184,0.4134544316481409,Core class-organized
Curvature,EmotionClassification.v2,mpnet_base,33,0.2594330023566722,0.2983470948593081,0.2745625891934576,0.3974195553421789,Core class-organized
Curvature,EmotionClassification.v2,mpnet_base,44,-0.628223849590774,-0.5600047943540774,-0.3007114072118821,0.7419858328035275,Core class-organized
DiME,EmotionClassification.v2,mpnet_base,11,-0.3676932091688475,-0.6537987007976175,-0.4837531333408538,0.5828576343020483,Core class-organized
DiME,EmotionClassification.v2,mpnet_base,22,-0.5281327214177387,-0.772420406005624,-0.5621995873961274,0.7534015031753439,Core class-organized
DiME,EmotionClassification.v2,mpnet_base,33,-0.2470650499102132,-0.2762473100549149,-0.248413771175033,0.4539520619006162,Core class-organized
DiME,EmotionClassification.v2,mpnet_base,44,-0.1731937415340187,-0.433107156224582,-0.3530090432487311,0.4788311307367876,Core class-organized
Harmora,EmotionClassification.v2,mpnet_base,11,0.0674176172794151,0.0303450873787923,-0.0130744090092122,0.478826086471747,Core class-organized
Harmora,EmotionClassification.v2,mpnet_base,22,0.3868000444960743,0.4055207131529527,0.3530090432487311,0.5763232884214283,Core class-organized
Harmora,EmotionClassification.v2,mpnet_base,33,0.7366192288377096,0.6519436517295992,0.5099019513592784,0.690079107386491,Core class-organized
Harmora,EmotionClassification.v2,mpnet_base,44,-0.0595655036319502,-0.0358623759931182,-0.0915208630644858,0.4332592690163153,Core class-organized
InfoNCE,EmotionClassification.v2,mpnet_base,11,-0.0820298664252735,0.0634488190647476,0.0653720450460613,0.3720635121665807,Core class-organized
InfoNCE,EmotionClassification.v2,mpnet_base,22,-0.2606986543697464,-0.2013810344228948,-0.1438184991013349,0.4228196986181427,Core class-organized
InfoNCE,EmotionClassification.v2,mpnet_base,33,-0.4947886167963689,-0.5469696739087315,-0.4314554973040048,0.6281559330809112,Core class-organized
InfoNCE,EmotionClassification.v2,mpnet_base,44,-0.0442623515110143,0.0358623759931182,0.0392232270276368,0.3076135342360546,Core class-organized
LiDAR,EmotionClassification.v2,mpnet_base,11,-0.6210725419029289,-0.6593159894119434,-0.4837531333408538,0.6504946949376238,Core class-organized
LiDAR,EmotionClassification.v2,mpnet_base,22,-0.6738456616122019,-0.8000068490772534,-0.6144972234329765,0.7254515684963165,Core class-organized
LiDAR,EmotionClassification.v2,mpnet_base,33,-0.3708830440545518,-0.2375726866472268,-0.196116135138184,0.432555093907039,Core class-organized
LiDAR,EmotionClassification.v2,mpnet_base,44,-0.4056498550748818,-0.5848325931185439,-0.4576043153224293,0.6146130679218802,Core class-organized
Matrix entropy,EmotionClassification.v2,mpnet_base,11,-0.1150117979709495,0.1048284836721918,0.0653720450460613,0.3771333601299191,Core class-organized
Matrix entropy,EmotionClassification.v2,mpnet_base,22,-0.2015096629170188,-0.1903464571942431,-0.1438184991013349,0.3815549327645806,Core class-organized
Matrix entropy,EmotionClassification.v2,mpnet_base,33,-0.3492939892485664,-0.5856442973164196,-0.4837531333408538,0.5822673875748888,Core class-organized
Matrix entropy,EmotionClassification.v2,mpnet_base,44,-0.0924782109699635,0.0606901747575847,0.0392232270276368,0.3343774414675573,Core class-organized
Participation ratio,EmotionClassification.v2,mpnet_base,11,-0.0333423871384144,0.3117268067094125,0.196116135138184,0.4680769089624989,Core class-organized
Participation ratio,EmotionClassification.v2,mpnet_base,22,-0.1800701790688347,0.0717247519862365,0.0392232270276368,0.3429492716000214,Core class-organized
Participation ratio,EmotionClassification.v2,mpnet_base,33,-0.3310649765625891,-0.2541475252505217,-0.196116135138184,0.417992770106727,Core class-organized
Participation ratio,EmotionClassification.v2,mpnet_base,44,0.1412370427786799,0.4662108879105373,0.3530090432487311,0.4312731698799772,Core class-organized
Spectral gap,EmotionClassification.v2,mpnet_base,11,-0.3312651238869286,-0.3586237599311825,-0.3268602252303066,0.6006106950235454,Core class-organized
Spectral gap,EmotionClassification.v2,mpnet_base,22,-0.1117650180347253,0.0110345772286517,0.0392232270276368,0.4542880603432074,Core class-organized
Spectral gap,EmotionClassification.v2,mpnet_base,33,0.3232935926546667,0.4585705346911587,0.3530090432487311,0.5692221042240622,Core class-organized
Spectral gap,EmotionClassification.v2,mpnet_base,44,-0.2232489238364627,-0.1710359470441024,-0.1699673171197594,0.4829250040479481,Core class-organized
Anisotropy,EmotionClassification.v2,snowflake_arctic_embed_m,11,0.9251611488853368,0.9403566658021552,0.8308675641104959,0.9190039382574412,Core class-organized
Anisotropy,EmotionClassification.v2,snowflake_arctic_embed_m,22,0.894210025692648,0.8931712471313915,0.7481134002767627,0.8743000769242676,Core class-organized
Anisotropy,EmotionClassification.v2,snowflake_arctic_embed_m,33,0.7733125885760301,0.8161133356141735,0.6870429186215167,0.8350531700835114,Core class-organized
Anisotropy,EmotionClassification.v2,snowflake_arctic_embed_m,44,0.7909310111346933,0.8196159679558652,0.6565076777938937,0.7824946481838038,Core class-organized
Curvature,EmotionClassification.v2,snowflake_arctic_embed_m,11,-0.1473407043422656,-0.007017587058225,0.0,0.5180357942265513,Core class-organized
Curvature,EmotionClassification.v2,snowflake_arctic_embed_m,22,-0.070603470418822,-0.1015763379090602,-0.0458028612414344,0.4687675222501302,Core class-organized
Curvature,EmotionClassification.v2,snowflake_arctic_embed_m,33,0.4213672724286416,0.4203158810030078,0.3511552695176641,0.4653523813739128,Core class-organized
Curvature,EmotionClassification.v2,snowflake_arctic_embed_m,44,0.3186111699848831,0.3677763958776317,0.3206200286900411,0.5322261460799189,Core class-organized
DiME,EmotionClassification.v2,snowflake_arctic_embed_m,11,0.8820770641867647,0.9403566658021552,0.8308675641104959,0.8896576600187572,Core class-organized
DiME,EmotionClassification.v2,snowflake_arctic_embed_m,22,0.8700169963466573,0.900176511814775,0.7786486411043856,0.84893700245779,Core class-organized
DiME,EmotionClassification.v2,snowflake_arctic_embed_m,33,0.8560491601404375,0.833626497322632,0.7175781594491396,0.8728319240790801,Core class-organized
DiME,EmotionClassification.v2,snowflake_arctic_embed_m,44,0.8381219261321933,0.8266212326392487,0.6870429186215167,0.8091490732280961,Core class-organized
Harmora,EmotionClassification.v2,snowflake_arctic_embed_m,11,0.606991793285245,0.5368454099542155,0.3692744729379982,0.7544503521133581,Core class-organized
Harmora,EmotionClassification.v2,snowflake_arctic_embed_m,22,0.6707276719281822,0.4308237780280829,0.3206200286900411,0.67823863114221,Core class-organized
Harmora,EmotionClassification.v2,snowflake_arctic_embed_m,33,0.8363177582168649,0.6514896155546621,0.5343667144834019,0.8431218328376173,Core class-organized
Harmora,EmotionClassification.v2,snowflake_arctic_embed_m,44,0.7089151595561742,0.5569185423289853,0.4732962328281559,0.7406773657823185,Core class-organized
InfoNCE,EmotionClassification.v2,snowflake_arctic_embed_m,11,0.9256761908170515,0.9403566658021552,0.8308675641104959,0.9203525707161424,Core class-organized
InfoNCE,EmotionClassification.v2,snowflake_arctic_embed_m,22,0.8957500727054049,0.8931712471313915,0.7481134002767627,0.87617328816337,Core class-organized
InfoNCE,EmotionClassification.v2,snowflake_arctic_embed_m,33,0.7609911953991937,0.8161133356141735,0.6870429186215167,0.8280107815605561,Core class-organized
InfoNCE,EmotionClassification.v2,snowflake_arctic_embed_m,44,0.7804515120246418,0.8196159679558652,0.6565076777938937,0.77574212077946,Core class-organized
LiDAR,EmotionClassification.v2,snowflake_arctic_embed_m,11,0.5994556775827825,0.9508830463894928,0.8616404368553291,0.712403171993331,Core class-organized
LiDAR,EmotionClassification.v2,snowflake_arctic_embed_m,22,0.6919959232686195,0.8931712471313915,0.7481134002767627,0.6968671586840102,Core class-organized
LiDAR,EmotionClassification.v2,snowflake_arctic_embed_m,33,0.7920089125113665,0.833626497322632,0.7175781594491396,0.8244954621476381,Core class-organized
LiDAR,EmotionClassification.v2,snowflake_arctic_embed_m,44,0.7525176689306462,0.8406317620060156,0.6870429186215167,0.78835849388814,Core class-organized
Matrix entropy,EmotionClassification.v2,snowflake_arctic_embed_m,11,0.932598223097766,0.9403566658021552,0.8308675641104959,0.9251401983891314,Core class-organized
Matrix entropy,EmotionClassification.v2,snowflake_arctic_embed_m,22,0.8967009451092869,0.8931712471313915,0.7481134002767627,0.882069592265375,Core class-organized
Matrix entropy,EmotionClassification.v2,snowflake_arctic_embed_m,33,0.7357895421087244,0.8161133356141735,0.6870429186215167,0.8135851543333796,Core class-organized
Matrix entropy,EmotionClassification.v2,snowflake_arctic_embed_m,44,0.7683699210440289,0.8196159679558652,0.6565076777938937,0.7686315045275629,Core class-organized
Participation ratio,EmotionClassification.v2,snowflake_arctic_embed_m,11,0.7897534503133001,0.6105300740655784,0.5231388366621641,0.7881103568684213,Core class-organized
Participation ratio,EmotionClassification.v2,snowflake_arctic_embed_m,22,0.6445505626532505,0.5919448657459025,0.4732962328281559,0.6976744689773781,Core class-organized
Participation ratio,EmotionClassification.v2,snowflake_arctic_embed_m,33,0.2710807458445831,0.234676366893346,0.1679438245519263,0.4050983158699857,Core class-organized
Participation ratio,EmotionClassification.v2,snowflake_arctic_embed_m,44,0.4470246382017832,0.2591947932851881,0.1374085837243033,0.5319327131505077,Core class-organized
Spectral gap,EmotionClassification.v2,snowflake_arctic_embed_m,11,0.6009747319918154,0.6105300740655784,0.5231388366621641,0.659671089682844,Core class-organized
Spectral gap,EmotionClassification.v2,snowflake_arctic_embed_m,22,0.5506462893321601,0.5919448657459025,0.4732962328281559,0.6466263503276327,Core class-organized
Spectral gap,EmotionClassification.v2,snowflake_arctic_embed_m,33,0.1196332084584883,0.234676366893346,0.1679438245519263,0.3959556296814671,Core class-organized
Spectral gap,EmotionClassification.v2,snowflake_arctic_embed_m,44,0.1858001491801102,0.2591947932851881,0.1374085837243033,0.449580320517604,Core class-organized
Anisotropy,HUMEEmotionClassification,bge_base_en_v15,11,0.7162315350978368,0.6914624823401491,0.5695214286468868,0.7203261032767613,Core class-organized
Anisotropy,HUMEEmotionClassification,bge_base_en_v15,22,0.5953558230104283,0.3847067761308128,0.3119397334524688,0.5677809550222874,Core class-organized
Anisotropy,HUMEEmotionClassification,bge_base_en_v15,33,0.370476102830845,0.4590165426263943,0.3908679799852858,0.5249802082110819,Core class-organized
Anisotropy,HUMEEmotionClassification,bge_base_en_v15,44,0.3147208230569718,0.296739393794536,0.2198029160366794,0.5522373593970072,Core class-organized
Curvature,HUMEEmotionClassification,bge_base_en_v15,11,-0.1683181014624766,-0.2256351258162592,-0.1675063025432019,0.404920344834248,Core class-organized
Curvature,HUMEEmotionClassification,bge_base_en_v15,22,-0.0900275217531269,-0.1142693394447959,-0.0917469804271967,0.2623600839421628,Core class-organized
Curvature,HUMEEmotionClassification,bge_base_en_v15,33,0.4063998909006924,0.3122817462130387,0.2487341690815455,0.402083798499102,Core class-organized
Curvature,HUMEEmotionClassification,bge_base_en_v15,44,0.0420087123111011,-0.227982704988485,-0.1859870828002672,0.2963307174556968,Core class-organized
DiME,HUMEEmotionClassification,bge_base_en_v15,11,0.6498397654734511,0.5131379474208475,0.4355163866123251,0.6558374602481705,Core class-organized
DiME,HUMEEmotionClassification,bge_base_en_v15,22,0.285679747041931,0.2894823265934829,0.2385421491107114,0.3353727310568902,Core class-organized
DiME,HUMEEmotionClassification,bge_base_en_v15,33,0.1445073084653753,0.2407955633449937,0.1776672636296753,0.4047506287854192,Core class-organized
DiME,HUMEEmotionClassification,bge_base_en_v15,44,-0.0622527291267603,0.217126385703319,0.152171249563855,0.4101910198683457,Core class-organized
Harmora,HUMEEmotionClassification,bge_base_en_v15,11,0.7082969644902909,0.7169374159000493,0.6030226891555273,0.6748908312214292,Core class-organized
Harmora,HUMEEmotionClassification,bge_base_en_v15,22,0.3868861361854978,0.3847067761308128,0.3119397334524688,0.4091772446627874,Core class-organized
Harmora,HUMEEmotionClassification,bge_base_en_v15,33,0.2986225044899759,0.492878418721784,0.4264014327112209,0.4732321049068064,Core class-organized
Harmora,HUMEEmotionClassification,bge_base_en_v15,44,-0.0700419598279976,0.1194195121368254,0.1183554163274427,0.4004044406959108,Core class-organized
InfoNCE,HUMEEmotionClassification,bge_base_en_v15,11,0.7326864707477212,0.731494520791421,0.6030226891555273,0.730694307539242,Core class-organized
InfoNCE,HUMEEmotionClassification,bge_base_en_v15,22,0.593364379619175,0.4227965559457449,0.3486385256233475,0.5648670791276176,Core class-organized
InfoNCE,HUMEEmotionClassification,bge_base_en_v15,33,0.3724516488282904,0.4590165426263943,0.3908679799852858,0.5242716101648078,Core class-organized
InfoNCE,HUMEEmotionClassification,bge_base_en_v15,44,0.331314365617376,0.3365458978401445,0.2536187492730916,0.5593409753309352,Core class-organized
LiDAR,HUMEEmotionClassification,bge_base_en_v15,11,0.5928259468437342,0.4658273565238899,0.3685138655950444,0.6174992705585988,Core class-organized
LiDAR,HUMEEmotionClassification,bge_base_en_v15,22,0.5626300950435841,0.270437436686017,0.2018433569398327,0.5884084717488293,Core class-organized
LiDAR,HUMEEmotionClassification,bge_base_en_v15,33,0.5245130697615127,0.635850784457874,0.5330017908890261,0.5758603527792087,Core class-organized
LiDAR,HUMEEmotionClassification,bge_base_en_v15,44,0.1695463077526394,0.4414903175967487,0.3212504157459162,0.3766781399909599,Core class-organized
Matrix entropy,HUMEEmotionClassification,bge_base_en_v15,11,0.7388600873675288,0.731494520791421,0.6030226891555273,0.7295373227726457,Core class-organized
Matrix entropy,HUMEEmotionClassification,bge_base_en_v15,22,0.5803650772464168,0.4227965559457449,0.3486385256233475,0.5514244649199674,Core class-organized
Matrix entropy,HUMEEmotionClassification,bge_base_en_v15,33,0.369243323259416,0.4590165426263943,0.3908679799852858,0.5240505150724967,Core class-organized
Matrix entropy,HUMEEmotionClassification,bge_base_en_v15,44,0.2986553484772338,0.3365458978401445,0.2536187492730916,0.5464888586105572,Core class-organized
Participation ratio,HUMEEmotionClassification,bge_base_en_v15,11,0.6947764411499919,0.6077591292147626,0.4355163866123251,0.7042335131190308,Core class-organized
Participation ratio,HUMEEmotionClassification,bge_base_en_v15,22,0.710478084744371,0.6132454550204046,0.5321324864777409,0.635461353353702,Core class-organized
Participation ratio,HUMEEmotionClassification,bge_base_en_v15,33,0.3757454077024377,0.357430914340225,0.3198010745334156,0.5286563488868773,Core class-organized
Participation ratio,HUMEEmotionClassification,bge_base_en_v15,44,0.562490059108631,0.6405228378247911,0.4903295819279772,0.6306347611008626,Core class-organized
Spectral gap,HUMEEmotionClassification,bge_base_en_v15,11,0.7708110727087147,0.6514304438888773,0.5025189076296059,0.7443300435873699,Core class-organized
Spectral gap,HUMEEmotionClassification,bge_base_en_v15,22,0.6610071535495687,0.4989761155756088,0.4220361099651049,0.570688224625706,Core class-organized
Spectral gap,HUMEEmotionClassification,bge_base_en_v15,33,0.3407990065829318,0.3009944541812421,0.2842676218074805,0.5192973920181543,Core class-organized
Spectral gap,HUMEEmotionClassification,bge_base_en_v15,44,0.4996917224276949,0.4957719140225785,0.3888820822187406,0.5644564783096765,Core class-organized
Anisotropy,HUMEEmotionClassification,bge_large_en_v15,11,0.580526571553963,0.3113504682043632,0.2268393252326436,0.6131310896971428,Core class-organized
Anisotropy,HUMEEmotionClassification,bge_large_en_v15,22,-0.1024300554678211,-0.3484183363631307,-0.2893758979216421,0.4518585619911255,Core class-organized
Anisotropy,HUMEEmotionClassification,bge_large_en_v15,33,0.122737511708823,0.2408436059997398,0.1853517150400873,0.3002431808786413,Core class-organized
Anisotropy,HUMEEmotionClassification,bge_large_en_v15,44,-0.0690116356881183,-0.1264634840685673,-0.1157913480506257,0.320013826182447,Core class-organized
Curvature,HUMEEmotionClassification,bge_large_en_v15,11,-0.316358888978631,-0.3756117567000312,-0.2845802443827711,0.3964389232540456,Core class-organized
Curvature,HUMEEmotionClassification,bge_large_en_v15,22,0.2070278978383022,0.2344544136622219,0.1850108199826892,0.3293626595266861,Core class-organized
Curvature,HUMEEmotionClassification,bge_large_en_v15,33,-0.0541461920777582,0.0238505318562849,0.0301735350065258,0.3377894456891896,Core class-organized
Curvature,HUMEEmotionClassification,bge_large_en_v15,44,0.1273698552278852,0.2372344190191373,0.1844084431917373,0.3635639831438249,Core class-organized
DiME,HUMEEmotionClassification,bge_large_en_v15,11,0.2625091511386649,0.0805528827621753,0.0288704595750637,0.3374679125201331,Core class-organized
DiME,HUMEEmotionClassification,bge_large_en_v15,22,-0.3952842161248168,-0.3750266531170873,-0.2988636322797287,0.3873283590143327,Core class-organized
DiME,HUMEEmotionClassification,bge_large_en_v15,33,-0.0537563624565373,0.144973821087222,0.0905206050195775,0.2662345921122198,Core class-organized
DiME,HUMEEmotionClassification,bge_large_en_v15,44,-0.3000587596244241,-0.3258511669795933,-0.2444484014402099,0.3631498032230482,Core class-organized
Harmora,HUMEEmotionClassification,bge_large_en_v15,11,0.489371551041765,0.3688235924223198,0.2680828389113062,0.5097625265786381,Core class-organized
Harmora,HUMEEmotionClassification,bge_large_en_v15,22,-0.3715122217354032,-0.288173090882474,-0.2324494917731223,0.4242171798178406,Core class-organized
Harmora,HUMEEmotionClassification,bge_large_en_v15,33,0.0366079981092355,0.1477797660114908,0.1077626250233066,0.2486110578339385,Core class-organized
Harmora,HUMEEmotionClassification,bge_large_en_v15,44,-0.1130662448403932,-0.134309758627566,-0.1243684849432647,0.3079865271297427,Core class-organized
InfoNCE,HUMEEmotionClassification,bge_large_en_v15,11,0.5985799253064754,0.3113504682043632,0.2268393252326436,0.6273603988504336,Core class-organized
InfoNCE,HUMEEmotionClassification,bge_large_en_v15,22,-0.1152389278383299,-0.3484183363631307,-0.2893758979216421,0.4435297325208143,Core class-organized
InfoNCE,HUMEEmotionClassification,bge_large_en_v15,33,0.1312837184449917,0.2408436059997398,0.1853517150400873,0.3030508773116462,Core class-organized
InfoNCE,HUMEEmotionClassification,bge_large_en_v15,44,-0.0396569402476815,-0.1264634840685673,-0.1157913480506257,0.3252352585100688,Core class-organized
LiDAR,HUMEEmotionClassification,bge_large_en_v15,11,0.4953110249099417,0.3127081010599055,0.2268393252326436,0.5824147783128397,Core class-organized
LiDAR,HUMEEmotionClassification,bge_large_en_v15,22,-0.0710521278486634,-0.043677802973476,-0.0521825389694764,0.3688950885844915,Core class-organized
LiDAR,HUMEEmotionClassification,bge_large_en_v15,33,0.4970301954031589,0.4821548694868577,0.357771915077378,0.5203442584408703,Core class-organized
LiDAR,HUMEEmotionClassification,bge_large_en_v15,44,0.4576783700364762,0.4315451007449287,0.3387969072592383,0.4737094675041379,Core class-organized
Matrix entropy,HUMEEmotionClassification,bge_large_en_v15,11,0.5874177356383686,0.3063724810673749,0.2185906224969111,0.6143355029905816,Core class-organized
Matrix entropy,HUMEEmotionClassification,bge_large_en_v15,22,-0.1412369443540887,-0.3484183363631307,-0.2893758979216421,0.4458754429613519,Core class-organized
Matrix entropy,HUMEEmotionClassification,bge_large_en_v15,33,0.1204197959009818,0.2272815388657738,0.1681096950363583,0.3018604716781056,Core class-organized
Matrix entropy,HUMEEmotionClassification,bge_large_en_v15,44,-0.0523892050150797,-0.1098478438259818,-0.0986370742653478,0.3201393577123519,Core class-organized
Participation ratio,HUMEEmotionClassification,bge_large_en_v15,11,0.749415455068582,0.5530091164908894,0.4248081908902236,0.7604648028804576,Core class-organized
Participation ratio,HUMEEmotionClassification,bge_large_en_v15,22,0.099619589698215,0.064261595179367,0.0711580076856497,0.3700408110309827,Core class-organized
Participation ratio,HUMEEmotionClassification,bge_large_en_v15,33,0.1682054948537827,0.0018706299495125,0.0129315150027967,0.3159549366555364,Core class-organized
Participation ratio,HUMEEmotionClassification,bge_large_en_v15,44,0.3163648990313852,0.3138509823599482,0.2530255383328488,0.3711411843795739,Core class-organized
Spectral gap,HUMEEmotionClassification,bge_large_en_v15,11,0.7421514692741306,0.5380751550799242,0.4165594881544911,0.7414539453608344,Core class-organized
Spectral gap,HUMEEmotionClassification,bge_large_en_v15,22,-0.004061362278819,0.0677759011657386,0.0711580076856497,0.3945297356772999,Core class-organized
Spectral gap,HUMEEmotionClassification,bge_large_en_v15,33,0.045472936387827,-0.0233828743689067,0.0043105050009322,0.2793800550975532,Core class-organized
Spectral gap,HUMEEmotionClassification,bge_large_en_v15,44,0.3294710539491398,0.2538500592617228,0.2015627169770152,0.3482446186516209,Core class-organized
Anisotropy,HUMEEmotionClassification,e5_base_v2,11,0.1141984331723307,0.2683567835503683,0.233295317934376,0.3742887463661908,Core class-organized
Anisotropy,HUMEEmotionClassification,e5_base_v2,22,-0.0365182387006311,0.0577061810381117,0.0442229742011646,0.3485262145606064,Core class-organized
Anisotropy,HUMEEmotionClassification,e5_base_v2,33,0.2162870639570693,0.6113179399540175,0.5124100921762788,0.5270538068647856,Core class-organized
Anisotropy,HUMEEmotionClassification,e5_base_v2,44,0.4679030016622249,0.6405386095230406,0.4569707334120342,0.6696989121825894,Core class-organized
Curvature,HUMEEmotionClassification,e5_base_v2,11,-0.1086577941964347,-0.166977554209118,-0.1399771907606256,0.358697362431195,Core class-organized
Curvature,HUMEEmotionClassification,e5_base_v2,22,0.4119317407061993,0.49050253882395,0.4274887506112579,0.4938534890592901,Core class-organized
Curvature,HUMEEmotionClassification,e5_base_v2,33,0.1878066246295446,0.2737244507256794,0.1921537845661045,0.3633268274515075,Core class-organized
Curvature,HUMEEmotionClassification,e5_base_v2,44,0.4917015376704951,0.5337821746025339,0.4274887506112579,0.4771277139967984,Core class-organized
DiME,HUMEEmotionClassification,e5_base_v2,11,-0.0950899176352646,-0.1580323280907724,-0.1399771907606256,0.3963984585504239,Core class-organized
DiME,HUMEEmotionClassification,e5_base_v2,22,-0.1837958242592328,-0.4587641392529885,-0.3095608194081523,0.3894310791416539,Core class-organized
DiME,HUMEEmotionClassification,e5_base_v2,33,-0.1494318115452017,-0.2463520056531115,-0.2241794153271219,0.2858418703734141,Core class-organized
DiME,HUMEEmotionClassification,e5_base_v2,44,0.2401517570966592,-0.0750180353495452,-0.0147409914003882,0.3789256217252963,Core class-organized
Harmora,HUMEEmotionClassification,e5_base_v2,11,0.0675049027729038,0.1222514236173899,0.0777651059781253,0.3584081906512007,Core class-organized
Harmora,HUMEEmotionClassification,e5_base_v2,22,0.0281560801551578,-0.1182976711281291,-0.1031869398027174,0.4582588478457489,Core class-organized
Harmora,HUMEEmotionClassification,e5_base_v2,33,-0.1467928070012812,-0.2372278572955888,-0.1601281538050871,0.4084464093947956,Core class-organized
Harmora,HUMEEmotionClassification,e5_base_v2,44,-0.3758662804056555,-0.5049290840834779,-0.3390428022089287,0.6393059915236008,Core class-organized
InfoNCE,HUMEEmotionClassification,e5_base_v2,11,0.1680730370419365,0.250466331313677,0.2021892755431258,0.3688635734365894,Core class-organized
InfoNCE,HUMEEmotionClassification,e5_base_v2,22,-0.0035881019790576,0.0952151987128844,0.0442229742011646,0.3604234359227316,Core class-organized
InfoNCE,HUMEEmotionClassification,e5_base_v2,33,0.2993120443905352,0.6478145333841081,0.5764613536983135,0.5582091153696961,Core class-organized
InfoNCE,HUMEEmotionClassification,e5_base_v2,44,0.5180391406544872,0.7242125720283026,0.5159346990135871,0.7141195918117067,Core class-organized
LiDAR,HUMEEmotionClassification,e5_base_v2,11,0.580284778303299,0.5903849238108102,0.5132496994556273,0.6341911801752351,Core class-organized
LiDAR,HUMEEmotionClassification,e5_base_v2,22,0.3222917569365928,0.2856455961386532,0.221114871005823,0.3855033446962971,Core class-organized
LiDAR,HUMEEmotionClassification,e5_base_v2,33,0.5207526251013251,0.5565730498088816,0.4483588306542439,0.5310202579918268,Core class-organized
LiDAR,HUMEEmotionClassification,e5_base_v2,44,0.3581653549081682,0.3722048676958209,0.3390428022089287,0.4838902846581885,Core class-organized
Matrix entropy,HUMEEmotionClassification,e5_base_v2,11,0.1518269646978067,0.2683567835503683,0.233295317934376,0.3695562015746833,Core class-organized
Matrix entropy,HUMEEmotionClassification,e5_base_v2,22,-0.0136214805981889,0.0317383995709614,0.0147409914003882,0.3478325492058252,Core class-organized
Matrix entropy,HUMEEmotionClassification,e5_base_v2,33,0.2797005009166451,0.6295662366690628,0.5444357229372961,0.5529939158621392,Core class-organized
Matrix entropy,HUMEEmotionClassification,e5_base_v2,44,0.4993550853045715,0.6607357728863797,0.4864527162128107,0.6960916670036363,Core class-organized
Participation ratio,HUMEEmotionClassification,e5_base_v2,11,0.3199649269617336,0.4860239524301114,0.3577194874993765,0.5576541517901119,Core class-organized
Participation ratio,HUMEEmotionClassification,e5_base_v2,22,0.3055456521053049,0.2683337418272197,0.1916328882050466,0.413562004450015,Core class-organized
Participation ratio,HUMEEmotionClassification,e5_base_v2,33,0.5279881454981601,0.6386903850265855,0.5124100921762788,0.6136580020364031,Core class-organized
Participation ratio,HUMEEmotionClassification,e5_base_v2,44,0.2876181875925158,0.3289252319172371,0.2505968538065994,0.3973241921261025,Core class-organized
Spectral gap,HUMEEmotionClassification,e5_base_v2,11,0.3156540902814044,0.5218048569034939,0.3888255298906267,0.5417198344226805,Core class-organized
Spectral gap,HUMEEmotionClassification,e5_base_v2,22,0.2119600172308118,0.1760038521662409,0.1031869398027174,0.3785225834108137,Core class-organized
Spectral gap,HUMEEmotionClassification,e5_base_v2,33,0.4331056397444792,0.6204420883115401,0.4803844614152613,0.5315760419427404,Core class-organized
Spectral gap,HUMEEmotionClassification,e5_base_v2,44,0.183399343191333,0.2885309051905588,0.221114871005823,0.3222648652386868,Core class-organized
Anisotropy,HUMEEmotionClassification,e5_large_v2,11,-0.0308904609454342,0.1315232941742483,0.0748481188565119,0.345939119350987,Core class-organized
Anisotropy,HUMEEmotionClassification,e5_large_v2,22,0.0840381747008143,0.1440123447906886,0.1097378203265367,0.2616984542977337,Core class-organized
Anisotropy,HUMEEmotionClassification,e5_large_v2,33,-0.1000019627473528,0.1921647052614644,0.1621934932864932,0.4019112257650449,Core class-organized
Anisotropy,HUMEEmotionClassification,e5_large_v2,44,-0.1196908104377449,-0.2282086361487232,-0.1824018647151731,0.2844581949118649,Core class-organized
Curvature,HUMEEmotionClassification,e5_large_v2,11,0.0102150197696514,-0.0389404315077835,-0.0449088713139071,0.3605109933095152,Core class-organized
Curvature,HUMEEmotionClassification,e5_large_v2,22,-0.2768632360991,-0.1730790565833047,-0.1360748972049056,0.2834906226678477,Core class-organized
Curvature,HUMEEmotionClassification,e5_large_v2,33,0.0072737182827396,-0.0852244321841889,-0.0593390829096926,0.3073103797137385,Core class-organized
Curvature,HUMEEmotionClassification,e5_large_v2,44,-0.0786763945030285,-0.0570521590371808,-0.0237915475715443,0.2836522894165272,Core class-organized
DiME,HUMEEmotionClassification,e5_large_v2,11,-0.0683240588252113,0.2296690756275394,0.1496962377130239,0.3718730605110659,Core class-organized
DiME,HUMEEmotionClassification,e5_large_v2,22,-0.0937269136289912,-0.0779516361711066,-0.0570636665697991,0.2230987045084207,Core class-organized
DiME,HUMEEmotionClassification,e5_large_v2,33,-0.2725515833848855,0.1302950453585196,0.1305459824013238,0.4615300017838013,Core class-organized
DiME,HUMEEmotionClassification,e5_large_v2,44,-0.0790398595768826,-0.2771104867520211,-0.2061934122867174,0.320367025863168,Core class-organized
Harmora,HUMEEmotionClassification,e5_large_v2,11,0.1720390607837212,0.4203977197472954,0.2844228516547454,0.5135099484923159,Core class-organized
Harmora,HUMEEmotionClassification,e5_large_v2,22,0.3185405282871369,0.0493253291026211,0.0570636665697991,0.344028452005469,Core class-organized
Harmora,HUMEEmotionClassification,e5_large_v2,33,0.414848053331014,0.5228191128222359,0.4311973358104333,0.5054994032995428,Core class-organized
Harmora,HUMEEmotionClassification,e5_large_v2,44,-0.4249491489255733,-0.4197408843449731,-0.3172206342872576,0.4864795377692615,Core class-organized
InfoNCE,HUMEEmotionClassification,e5_large_v2,11,-0.0554108484053146,0.0977484301113749,0.0449088713139071,0.3369685057808483,Core class-organized
InfoNCE,HUMEEmotionClassification,e5_large_v2,22,0.118660819298176,0.1519396298250384,0.1185168459526597,0.2731187133638336,Core class-organized
InfoNCE,HUMEEmotionClassification,e5_large_v2,33,-0.0817893605155857,0.1938036366496219,0.1621934932864932,0.385890697715157,Core class-organized
InfoNCE,HUMEEmotionClassification,e5_large_v2,44,-0.1271507060387124,-0.2127230501243456,-0.1824018647151731,0.2977175535484312,Core class-organized
LiDAR,HUMEEmotionClassification,e5_large_v2,11,-0.0117334631498848,-0.0913908086407163,-0.0673633069708607,0.2811203764149267,Core class-organized
LiDAR,HUMEEmotionClassification,e5_large_v2,22,0.060011304428136,0.1228729180324224,0.1009587947004138,0.3046507092875698,Core class-organized
LiDAR,HUMEEmotionClassification,e5_large_v2,33,0.3028662644351491,0.1749559256858109,0.1305459824013238,0.3740655491246978,Core class-organized
LiDAR,HUMEEmotionClassification,e5_large_v2,44,-0.113426203450207,-0.1275523269902685,-0.0951661902861772,0.2380973961943266,Core class-organized
Matrix entropy,HUMEEmotionClassification,e5_large_v2,11,-0.0106517918756228,0.1283444834389191,0.0673633069708607,0.3476288061741046,Core class-organized
Matrix entropy,HUMEEmotionClassification,e5_large_v2,22,0.1131763369977486,0.1440123447906886,0.1097378203265367,0.2653316138534524,Core class-organized
Matrix entropy,HUMEEmotionClassification,e5_large_v2,33,-0.0565998242865816,0.1921647052614644,0.1621934932864932,0.391300053214792,Core class-organized
Matrix entropy,HUMEEmotionClassification,e5_large_v2,44,-0.1331924732965542,-0.2115005038592632,-0.1744713488579917,0.2856782724280688,Core class-organized
Participation ratio,HUMEEmotionClassification,e5_large_v2,11,0.0152111189578975,-0.1009272408467041,-0.0898177426278143,0.311644693396697,Core class-organized
Participation ratio,HUMEEmotionClassification,e5_large_v2,22,0.3718560323757153,0.4333582485444575,0.3467715122318561,0.4287221749677466,Core class-organized
Participation ratio,HUMEEmotionClassification,e5_large_v2,33,0.4898064940540657,0.3699887608765509,0.2887835368271709,0.443682526073238,Core class-organized
Participation ratio,HUMEEmotionClassification,e5_large_v2,44,-0.2004259731020779,-0.2767029713303269,-0.2141239281438989,0.3474063878584381,Core class-organized
Spectral gap,HUMEEmotionClassification,e5_large_v2,11,-0.0127992485975761,-0.1688743203143672,-0.1197569901704191,0.3736318295265097,Core class-organized
Spectral gap,HUMEEmotionClassification,e5_large_v2,22,0.3337446758623201,0.2897863084778994,0.2326441790922579,0.3573757932508603,Core class-organized
Spectral gap,HUMEEmotionClassification,e5_large_v2,33,0.505108490679576,0.39006567038148,0.312519169991048,0.4814292558027481,Core class-organized
Spectral gap,HUMEEmotionClassification,e5_large_v2,44,-0.343355384565703,-0.5481082421786301,-0.396525792859072,0.514703917522891,Core class-organized
Anisotropy,HUMEEmotionClassification,minilm_l6,11,0.397375394920513,0.2569780843750233,0.2057377999494559,0.5094983716210244,Core class-organized
Anisotropy,HUMEEmotionClassification,minilm_l6,22,0.7256463732210185,0.8001322641986388,0.6508140266182865,0.7533511831621893,Core class-organized
Anisotropy,HUMEEmotionClassification,minilm_l6,33,0.4889945318512581,0.4183300132670378,0.3499271061118826,0.6908836759590057,Core class-organized
Anisotropy,HUMEEmotionClassification,minilm_l6,44,-0.4942936445163517,0.1122721782847679,0.1587768372074889,0.6180932016511257,Core class-organized
Curvature,HUMEEmotionClassification,minilm_l6,11,-0.7766160598027855,-0.6791563658482761,-0.5143444998736398,0.9075733123439014,Core class-organized
Curvature,HUMEEmotionClassification,minilm_l6,22,-0.4001807365528882,-0.3455116595403213,-0.2503130871608794,0.617001505737302,Core class-organized
Curvature,HUMEEmotionClassification,minilm_l6,33,-0.6783915993049132,-0.6772962119561564,-0.5832118435198044,0.6823296091893231,Core class-organized
Curvature,HUMEEmotionClassification,minilm_l6,44,-0.2044015761531546,-0.0187120297141279,0.0529256124024963,0.5982735408185149,Core class-organized
DiME,HUMEEmotionClassification,minilm_l6,11,0.1920714520613925,0.4588894363839703,0.4114755998989118,0.3728083109924951,Core class-organized
DiME,HUMEEmotionClassification,minilm_l6,22,0.7343816030380346,0.927426033502968,0.8510644963469901,0.744217903318617,Core class-organized
DiME,HUMEEmotionClassification,minilm_l6,33,0.1772599439756706,0.0597614304667196,0.0,0.556701116003566,Core class-organized
DiME,HUMEEmotionClassification,minilm_l6,44,-0.2899451515152604,-0.0748481188565119,-0.0529256124024963,0.4679606292040435,Core class-organized
Harmora,HUMEEmotionClassification,minilm_l6,11,0.4871956053345192,0.495600591294688,0.4114755998989118,0.5538200467302133,Core class-organized
Harmora,HUMEEmotionClassification,minilm_l6,22,-0.0468677205905572,0.1091089451179962,-0.0500626174321758,0.444798413169056,Core class-organized
Harmora,HUMEEmotionClassification,minilm_l6,33,0.2329354465143305,0.0996023841111994,0.1166423687039608,0.5286273232227433,Core class-organized
Harmora,HUMEEmotionClassification,minilm_l6,44,-0.1747067747758502,-0.2432563862836639,-0.2646280620124816,0.5898000938849753,Core class-organized
InfoNCE,HUMEEmotionClassification,minilm_l6,11,0.1954050157622822,-0.0367111549107176,0.0,0.3972427162466606,Core class-organized
InfoNCE,HUMEEmotionClassification,minilm_l6,22,0.690458695795898,0.5637295497763136,0.4505635568895829,0.7196708855294917,Core class-organized
InfoNCE,HUMEEmotionClassification,minilm_l6,33,0.2994078885488386,0.4183300132670378,0.3499271061118826,0.6013130015571118,Core class-organized
InfoNCE,HUMEEmotionClassification,minilm_l6,44,-0.3792636272219205,-0.0935601485706399,-0.0529256124024963,0.511808876675329,Core class-organized
LiDAR,HUMEEmotionClassification,minilm_l6,11,-0.2883143248558782,-0.2569780843750233,-0.2057377999494559,0.3748322133046154,Core class-organized
LiDAR,HUMEEmotionClassification,minilm_l6,22,0.4743632331272872,0.2909571869813232,0.2503130871608794,0.5653630676655712,Core class-organized
LiDAR,HUMEEmotionClassification,minilm_l6,33,-0.1645935620408454,0.0996023841111994,0.1166423687039608,0.5162410874623923,Core class-organized
LiDAR,HUMEEmotionClassification,minilm_l6,44,0.0854770564534585,0.0935601485706399,0.0529256124024963,0.5620560773289927,Core class-organized
Matrix entropy,HUMEEmotionClassification,minilm_l6,11,0.3474237397051503,0.1468446196428705,0.1028688999747279,0.4756177261810203,Core class-organized
Matrix entropy,HUMEEmotionClassification,minilm_l6,22,0.725346348796814,0.7273929674533081,0.5506887917539347,0.7469624259650335,Core class-organized
Matrix entropy,HUMEEmotionClassification,minilm_l6,33,0.4404149919412513,0.4183300132670378,0.3499271061118826,0.6702661478264367,Core class-organized
Matrix entropy,HUMEEmotionClassification,minilm_l6,44,-0.4616692197855184,0.0561360891423839,0.0529256124024963,0.5931290581720228,Core class-organized
Participation ratio,HUMEEmotionClassification,minilm_l6,11,0.4340667564908796,-0.1101334647321528,-0.1028688999747279,0.6213696511471054,Core class-organized
Participation ratio,HUMEEmotionClassification,minilm_l6,22,0.5428078372265608,0.3091420111676559,0.2503130871608794,0.6573551503724693,Core class-organized
Participation ratio,HUMEEmotionClassification,minilm_l6,33,0.6045123553496632,0.179284291400159,0.1166423687039608,0.7607408310199818,Core class-organized
Participation ratio,HUMEEmotionClassification,minilm_l6,44,-0.696781845509189,-0.5613608914238399,-0.4763305116224668,0.7094170764328716,Core class-organized
Spectral gap,HUMEEmotionClassification,minilm_l6,11,0.5331394273482662,0.1835557745535881,0.1028688999747279,0.6236673735218208,Core class-organized
Spectral gap,HUMEEmotionClassification,minilm_l6,22,0.6392232642275383,0.7092081432669755,0.5506887917539347,0.7130659436491791,Core class-organized
Spectral gap,HUMEEmotionClassification,minilm_l6,33,0.5755808718534072,0.179284291400159,0.1166423687039608,0.7459847188525329,Core class-organized
Spectral gap,HUMEEmotionClassification,minilm_l6,44,-0.5681293987733429,-0.1684082674271519,-0.1587768372074889,0.6684901323188821,Core class-organized
Anisotropy,HUMEEmotionClassification,mpnet_base,11,-0.54259505121743,-0.6331546647196543,-0.5338631490681285,0.563773964731763,Core class-organized
Anisotropy,HUMEEmotionClassification,mpnet_base,22,0.5244232384231953,0.2452005911646678,0.196116135138184,0.6570441229660019,Core class-organized
Anisotropy,HUMEEmotionClassification,mpnet_base,33,-0.2842650441419088,-0.3066638261422086,-0.2061156474669474,0.4663387422020554,Core class-organized
Anisotropy,HUMEEmotionClassification,mpnet_base,44,-0.2263432727294979,0.2097335823541926,0.1698415551216893,0.4927199228353013,Core class-organized
Curvature,HUMEEmotionClassification,mpnet_base,11,-0.2632788139433131,-0.2419128671806227,-0.1884222879063983,0.2984639966315403,Core class-organized
Curvature,HUMEEmotionClassification,mpnet_base,22,-0.064123160768152,-0.0062871946452478,0.0,0.4101106250296943,Core class-organized
Curvature,HUMEEmotionClassification,mpnet_base,33,-0.1953236607058008,-0.145741224305208,-0.1109853486360486,0.3334646397635094,Core class-organized
Curvature,HUMEEmotionClassification,mpnet_base,44,0.36895567382492,0.4534780159009571,0.3396831102433787,0.506910267240206,Core class-organized
DiME,HUMEEmotionClassification,mpnet_base,11,-0.20306946272873,-0.1134899870723908,-0.0942111439531991,0.34383204067988,Core class-organized
DiME,HUMEEmotionClassification,mpnet_base,22,-0.4296564666775649,-0.3080725376171467,-0.2614881801842453,0.4581028611872962,Core class-organized
DiME,HUMEEmotionClassification,mpnet_base,33,-0.4959051115177073,-0.3430991322185107,-0.237825747077247,0.590740949313565,Core class-organized
DiME,HUMEEmotionClassification,mpnet_base,44,0.5421232995530084,0.7397360134384364,0.5944454429259127,0.6704558179019652,Core class-organized
Harmora,HUMEEmotionClassification,mpnet_base,11,0.5236133536932798,0.4629196841110681,0.3768445758127966,0.4883384671166755,Core class-organized
Harmora,HUMEEmotionClassification,mpnet_base,22,-0.1331612068322185,-0.0817335303882226,-0.098058067569092,0.456142794665008,Core class-organized
Harmora,HUMEEmotionClassification,mpnet_base,33,0.5065276181565656,0.4432962239283412,0.3329560459081458,0.5636463046004898,Core class-organized
Harmora,HUMEEmotionClassification,mpnet_base,44,-0.2961235058703805,-0.3599481751213848,-0.1981484809753042,0.4897705290957106,Core class-organized
InfoNCE,HUMEEmotionClassification,mpnet_base,11,-0.5762388451620772,-0.5286244134687681,-0.4396520051149294,0.5397533252705471,Core class-organized
InfoNCE,HUMEEmotionClassification,mpnet_base,22,0.3121934767422331,0.2043338259705565,0.196116135138184,0.4832047353574006,Core class-organized
InfoNCE,HUMEEmotionClassification,mpnet_base,33,-0.4571623771122698,-0.4098971933583977,-0.3012459462978462,0.5226474548487827,Core class-organized
InfoNCE,HUMEEmotionClassification,mpnet_base,44,0.1901378894777634,0.2579156215436693,0.1981484809753042,0.4969824533535441,Core class-organized
LiDAR,HUMEEmotionClassification,mpnet_base,11,-0.4156456137151926,-0.3554028542530135,-0.3140371465106638,0.4110780609070559,Core class-organized
LiDAR,HUMEEmotionClassification,mpnet_base,22,-0.067497549799468,-0.0251487785809915,0.0,0.4084329713460278,Core class-organized
LiDAR,HUMEEmotionClassification,mpnet_base,33,-0.5068845877930185,-0.5343844891190962,-0.4280863447390446,0.5735645167350274,Core class-organized
LiDAR,HUMEEmotionClassification,mpnet_base,44,0.2080601828397878,0.4109644519102424,0.2830692585361489,0.5105767185070368,Core class-organized
Matrix entropy,HUMEEmotionClassification,mpnet_base,11,-0.5587551856874764,-0.642114400541159,-0.5338631490681285,0.57555698709117,Core class-organized
Matrix entropy,HUMEEmotionClassification,mpnet_base,22,0.5152448792862431,0.3080725376171467,0.2614881801842453,0.6515975625346346,Core class-organized
Matrix entropy,HUMEEmotionClassification,mpnet_base,33,-0.297291510710696,-0.3066638261422086,-0.2061156474669474,0.4738807990293116,Core class-organized
Matrix entropy,HUMEEmotionClassification,mpnet_base,44,-0.2073764532280289,0.1870596815591448,0.1415346292680744,0.4965119130282243,Core class-organized
Participation ratio,HUMEEmotionClassification,mpnet_base,11,-0.1192705460342881,0.0627181507505318,0.0628074293021327,0.3523511612808019,Core class-organized
Participation ratio,HUMEEmotionClassification,mpnet_base,22,0.504221120893582,0.0251487785809915,0.0326860225230306,0.6074418486741942,Core class-organized
Participation ratio,HUMEEmotionClassification,mpnet_base,33,0.0300749980602739,-0.042507857089019,-0.0475651494154494,0.4445626926379542,Core class-organized
Participation ratio,HUMEEmotionClassification,mpnet_base,44,-0.476756392526392,-0.4506437783015762,-0.3396831102433787,0.5257403859569597,Core class-organized
Spectral gap,HUMEEmotionClassification,mpnet_base,11,-0.0376598477940769,0.0298657860716818,0.0314037146510663,0.2805289443643011,Core class-organized
Spectral gap,HUMEEmotionClassification,mpnet_base,22,0.1640968048922947,-0.1949030340026846,-0.196116135138184,0.5722025461254918,Core class-organized
Spectral gap,HUMEEmotionClassification,mpnet_base,33,-0.1145965569556943,-0.1821765303815101,-0.1426954482463482,0.4061678439983405,Core class-organized
Spectral gap,HUMEEmotionClassification,mpnet_base,44,-0.3967368579991103,-0.3741193631182897,-0.2830692585361489,0.5046306437936652,Core class-organized
Anisotropy,HUMEEmotionClassification,snowflake_arctic_embed_m,11,-0.0302845228098596,-0.0180600767147454,-0.0335012605086404,0.5580351951737907,Core class-organized
Anisotropy,HUMEEmotionClassification,snowflake_arctic_embed_m,22,0.0972815409615641,0.083624201000709,0.0820609939862218,0.3964102486151169,Core class-organized
Anisotropy,HUMEEmotionClassification,snowflake_arctic_embed_m,33,0.2504472240524486,0.2034145777325071,0.1183554163274427,0.553612712046582,Core class-organized
Anisotropy,HUMEEmotionClassification,snowflake_arctic_embed_m,44,0.5839232189043413,0.5554412789821866,0.4396124677833311,0.5535674800995956,Core class-organized
Curvature,HUMEEmotionClassification,snowflake_arctic_embed_m,11,0.4031778458215772,0.4009337030673487,0.3350126050864039,0.5275269771303349,Core class-organized
Curvature,HUMEEmotionClassification,snowflake_arctic_embed_m,22,0.0717303127211561,0.0418121005003545,0.0410304969931109,0.2939066263268325,Core class-organized
Curvature,HUMEEmotionClassification,snowflake_arctic_embed_m,33,0.3273035455113669,0.3232838824677346,0.2536187492730916,0.5060295211885905,Core class-organized
Curvature,HUMEEmotionClassification,snowflake_arctic_embed_m,44,0.119164326397663,-0.0481382441784561,-0.0527534961339997,0.3613527268371607,Core class-organized
DiME,HUMEEmotionClassification,snowflake_arctic_embed_m,11,0.3619536866926433,0.3648135496378578,0.3015113445777636,0.5610045699790265,Core class-organized
DiME,HUMEEmotionClassification,snowflake_arctic_embed_m,22,0.4156605977811676,0.543557306504609,0.45133546692422,0.4850089703221169,Core class-organized
DiME,HUMEEmotionClassification,snowflake_arctic_embed_m,33,0.5791349908336376,0.5049040411574732,0.3888820822187406,0.5868248596812609,Core class-organized
DiME,HUMEEmotionClassification,snowflake_arctic_embed_m,44,0.5503793706245593,0.5369265696827804,0.4396124677833311,0.5202406564089196,Core class-organized
Harmora,HUMEEmotionClassification,snowflake_arctic_embed_m,11,0.3934355770561759,0.3864856416955524,0.3015113445777636,0.5339776703298849,Core class-organized
Harmora,HUMEEmotionClassification,snowflake_arctic_embed_m,22,0.2448753606358964,0.2508726030021272,0.2051524849655545,0.3957978484403378,Core class-organized
Harmora,HUMEEmotionClassification,snowflake_arctic_embed_m,33,0.5328079521563812,0.348710704684298,0.2536187492730916,0.5676239392870563,Core class-organized
Harmora,HUMEEmotionClassification,snowflake_arctic_embed_m,44,0.6514655691471356,0.7591030812756551,0.6506264523193301,0.6031461093585058,Core class-organized
InfoNCE,HUMEEmotionClassification,snowflake_arctic_embed_m,11,-0.0603509854044445,-0.0180600767147454,-0.0335012605086404,0.5615884015214185,Core class-organized
InfoNCE,HUMEEmotionClassification,snowflake_arctic_embed_m,22,0.0527829365768776,0.083624201000709,0.0820609939862218,0.3920089772346312,Core class-organized
InfoNCE,HUMEEmotionClassification,snowflake_arctic_embed_m,33,0.2306738382646536,0.2034145777325071,0.1183554163274427,0.5620320895744751,Core class-organized
InfoNCE,HUMEEmotionClassification,snowflake_arctic_embed_m,44,0.5701970904046412,0.5554412789821866,0.4396124677833311,0.5410702767281647,Core class-organized
LiDAR,HUMEEmotionClassification,snowflake_arctic_embed_m,11,0.3113023500378777,0.2420050279775888,0.2010075630518424,0.415439676040214,Core class-organized
LiDAR,HUMEEmotionClassification,snowflake_arctic_embed_m,22,0.0412903191837113,0.0418121005003545,0.0410304969931109,0.3341433131679427,Core class-organized
LiDAR,HUMEEmotionClassification,snowflake_arctic_embed_m,33,0.3700287847214247,0.4431531872029621,0.4226979154551528,0.5846506910405065,Core class-organized
LiDAR,HUMEEmotionClassification,snowflake_arctic_embed_m,44,0.2423493082725306,0.122197081376081,0.0527534961339997,0.398005227429786,Core class-organized
Matrix entropy,HUMEEmotionClassification,snowflake_arctic_embed_m,11,-0.0835386849946334,-0.0180600767147454,-0.0335012605086404,0.5635344956543342,Core class-organized
Matrix entropy,HUMEEmotionClassification,snowflake_arctic_embed_m,22,0.034942990653218,0.083624201000709,0.0820609939862218,0.3932196049812984,Core class-organized
Matrix entropy,HUMEEmotionClassification,snowflake_arctic_embed_m,33,0.2100017329174091,0.2034145777325071,0.1183554163274427,0.5617821785461915,Core class-organized
Matrix entropy,HUMEEmotionClassification,snowflake_arctic_embed_m,44,0.5679876898126245,0.5554412789821866,0.4396124677833311,0.5408329628668069,Core class-organized
Participation ratio,HUMEEmotionClassification,snowflake_arctic_embed_m,11,-0.6503442407248861,-0.5526383474712104,-0.4690176471209656,0.6250478759069221,Core class-organized
Participation ratio,HUMEEmotionClassification,snowflake_arctic_embed_m,22,-0.3057694169317622,-0.083624201000709,-0.0820609939862218,0.3638697572390337,Core class-organized
Participation ratio,HUMEEmotionClassification,snowflake_arctic_embed_m,33,-0.3926082772321011,-0.4068291554650143,-0.2536187492730916,0.5594389447888982,Core class-organized
Participation ratio,HUMEEmotionClassification,snowflake_arctic_embed_m,44,0.2374108081846044,-0.0592470697580999,-0.0527534961339997,0.4037178481711055,Core class-organized
Spectral gap,HUMEEmotionClassification,snowflake_arctic_embed_m,11,-0.6053216960090625,-0.3612015342949088,-0.3350126050864039,0.6106680513424894,Core class-organized
Spectral gap,HUMEEmotionClassification,snowflake_arctic_embed_m,22,-0.2698785483053051,-0.0418121005003545,-0.0410304969931109,0.3652848222691697,Core class-organized
Spectral gap,HUMEEmotionClassification,snowflake_arctic_embed_m,33,-0.3947921084389116,-0.2506358189918392,-0.152171249563855,0.607521931246869,Core class-organized
Spectral gap,HUMEEmotionClassification,snowflake_arctic_embed_m,44,0.0824106363211444,-0.0259205930191687,-0.0175844987113332,0.3788839845726561,Core class-organized
Anisotropy,LegalBenchPC,bge_base_en_v15,11,0.8536830036807177,0.7692307692307694,0.606060606060606,0.861246208140686,Pairwise relational
Anisotropy,LegalBenchPC,bge_base_en_v15,22,0.8536830036807177,0.7692307692307694,0.606060606060606,0.861246208140686,Pairwise relational
Anisotropy,LegalBenchPC,bge_base_en_v15,33,0.8536830036807177,0.7692307692307694,0.606060606060606,0.861246208140686,Pairwise relational
Anisotropy,LegalBenchPC,bge_base_en_v15,44,0.8536830036807177,0.7692307692307694,0.606060606060606,0.861246208140686,Pairwise relational
Curvature,LegalBenchPC,bge_base_en_v15,11,-0.4672832956628036,-0.6363636363636365,-0.4242424242424242,0.5911939073483337,Pairwise relational
Curvature,LegalBenchPC,bge_base_en_v15,22,-0.4672832956628036,-0.6363636363636365,-0.4242424242424242,0.5911939073483337,Pairwise relational
Curvature,LegalBenchPC,bge_base_en_v15,33,-0.4672832956628036,-0.6363636363636365,-0.4242424242424242,0.5911939073483337,Pairwise relational
Curvature,LegalBenchPC,bge_base_en_v15,44,-0.4672832956628036,-0.6363636363636365,-0.4242424242424242,0.5911939073483337,Pairwise relational
DiME,LegalBenchPC,bge_base_en_v15,11,0.8629344115557299,0.6993006993006995,0.5151515151515151,0.8597982389837694,Pairwise relational
DiME,LegalBenchPC,bge_base_en_v15,22,0.8629344115557299,0.6993006993006995,0.5151515151515151,0.8597982389837694,Pairwise relational
DiME,LegalBenchPC,bge_base_en_v15,33,0.8629344115557299,0.6993006993006995,0.5151515151515151,0.8597982389837694,Pairwise relational
DiME,LegalBenchPC,bge_base_en_v15,44,0.8629344115557299,0.6993006993006995,0.5151515151515151,0.8597982389837694,Pairwise relational
Harmora,LegalBenchPC,bge_base_en_v15,11,0.6278101287159006,0.6363636363636365,0.4545454545454545,0.6177202342299094,Pairwise relational
Harmora,LegalBenchPC,bge_base_en_v15,22,0.6278101287159006,0.6363636363636365,0.4545454545454545,0.6177202342299094,Pairwise relational
Harmora,LegalBenchPC,bge_base_en_v15,33,0.6278101287159006,0.6363636363636365,0.4545454545454545,0.6177202342299094,Pairwise relational
Harmora,LegalBenchPC,bge_base_en_v15,44,0.6278101287159006,0.6363636363636365,0.4545454545454545,0.6177202342299094,Pairwise relational
InfoNCE,LegalBenchPC,bge_base_en_v15,11,0.8587832709712937,0.7692307692307694,0.606060606060606,0.8683014798279576,Pairwise relational
InfoNCE,LegalBenchPC,bge_base_en_v15,22,0.8587832709712937,0.7692307692307694,0.606060606060606,0.8683014798279576,Pairwise relational
InfoNCE,LegalBenchPC,bge_base_en_v15,33,0.8587832709712937,0.7692307692307694,0.606060606060606,0.8683014798279576,Pairwise relational
InfoNCE,LegalBenchPC,bge_base_en_v15,44,0.8587832709712937,0.7692307692307694,0.606060606060606,0.8683014798279576,Pairwise relational
LiDAR,LegalBenchPC,bge_base_en_v15,11,0.6621808583686406,0.8111888111888113,0.6666666666666666,0.7109245470930632,Pairwise relational
LiDAR,LegalBenchPC,bge_base_en_v15,22,0.6621808583686406,0.8111888111888113,0.6666666666666666,0.7109245470930632,Pairwise relational
LiDAR,LegalBenchPC,bge_base_en_v15,33,0.6621808583686406,0.8111888111888113,0.6666666666666666,0.7109245470930632,Pairwise relational
LiDAR,LegalBenchPC,bge_base_en_v15,44,0.6621808583686406,0.8111888111888113,0.6666666666666666,0.7109245470930632,Pairwise relational
Matrix entropy,LegalBenchPC,bge_base_en_v15,11,0.8451385149267093,0.7762237762237763,0.6363636363636362,0.837500681538832,Pairwise relational
Matrix entropy,LegalBenchPC,bge_base_en_v15,22,0.8451385149267093,0.7762237762237763,0.6363636363636362,0.837500681538832,Pairwise relational
Matrix entropy,LegalBenchPC,bge_base_en_v15,33,0.8451385149267093,0.7762237762237763,0.6363636363636362,0.837500681538832,Pairwise relational
Matrix entropy,LegalBenchPC,bge_base_en_v15,44,0.8451385149267093,0.7762237762237763,0.6363636363636362,0.837500681538832,Pairwise relational
Participation ratio,LegalBenchPC,bge_base_en_v15,11,0.7955577694730105,0.5594405594405596,0.4242424242424242,0.8209054751477843,Pairwise relational
Participation ratio,LegalBenchPC,bge_base_en_v15,22,0.7955577694730105,0.5594405594405596,0.4242424242424242,0.8209054751477843,Pairwise relational
Participation ratio,LegalBenchPC,bge_base_en_v15,33,0.7955577694730105,0.5594405594405596,0.4242424242424242,0.8209054751477843,Pairwise relational
Participation ratio,LegalBenchPC,bge_base_en_v15,44,0.7955577694730105,0.5594405594405596,0.4242424242424242,0.8209054751477843,Pairwise relational
Spectral gap,LegalBenchPC,bge_base_en_v15,11,0.6336954588766105,0.4125874125874127,0.2424242424242424,0.7095442361598807,Pairwise relational
Spectral gap,LegalBenchPC,bge_base_en_v15,22,0.6336954588766105,0.4125874125874127,0.2424242424242424,0.7095442361598807,Pairwise relational
Spectral gap,LegalBenchPC,bge_base_en_v15,33,0.6336954588766105,0.4125874125874127,0.2424242424242424,0.7095442361598807,Pairwise relational
Spectral gap,LegalBenchPC,bge_base_en_v15,44,0.6336954588766105,0.4125874125874127,0.2424242424242424,0.7095442361598807,Pairwise relational
Anisotropy,LegalBenchPC,bge_large_en_v15,11,0.4687307081759639,0.0921739130434782,0.0072463768115942,0.4762482974184954,Pairwise relational
Anisotropy,LegalBenchPC,bge_large_en_v15,22,0.4687307081759639,0.0921739130434782,0.0072463768115942,0.4762482974184954,Pairwise relational
Anisotropy,LegalBenchPC,bge_large_en_v15,33,0.4687307081759639,0.0921739130434782,0.0072463768115942,0.4762482974184954,Pairwise relational
Anisotropy,LegalBenchPC,bge_large_en_v15,44,0.4687307081759639,0.0921739130434782,0.0072463768115942,0.4762482974184954,Pairwise relational
Curvature,LegalBenchPC,bge_large_en_v15,11,0.0829343643587634,0.2808695652173912,0.217391304347826,0.2697507035624486,Pairwise relational
Curvature,LegalBenchPC,bge_large_en_v15,22,0.0829343643587634,0.2808695652173912,0.217391304347826,0.2697507035624486,Pairwise relational
Curvature,LegalBenchPC,bge_large_en_v15,33,0.0829343643587634,0.2808695652173912,0.217391304347826,0.2697507035624486,Pairwise relational
Curvature,LegalBenchPC,bge_large_en_v15,44,0.0829343643587634,0.2808695652173912,0.217391304347826,0.2697507035624486,Pairwise relational
DiME,LegalBenchPC,bge_large_en_v15,11,0.3026143657351744,-0.0408695652173912,-0.0652173913043478,0.3807505473776243,Pairwise relational
DiME,LegalBenchPC,bge_large_en_v15,22,0.3026143657351744,-0.0408695652173912,-0.0652173913043478,0.3807505473776243,Pairwise relational
DiME,LegalBenchPC,bge_large_en_v15,33,0.3026143657351744,-0.0408695652173912,-0.0652173913043478,0.3807505473776243,Pairwise relational
DiME,LegalBenchPC,bge_large_en_v15,44,0.3026143657351744,-0.0408695652173912,-0.0652173913043478,0.3807505473776243,Pairwise relational
Harmora,LegalBenchPC,bge_large_en_v15,11,0.2198816677517466,-0.0939130434782608,-0.1014492753623188,0.3356675319030165,Pairwise relational
Harmora,LegalBenchPC,bge_large_en_v15,22,0.2198816677517466,-0.0939130434782608,-0.1014492753623188,0.3356675319030165,Pairwise relational
Harmora,LegalBenchPC,bge_large_en_v15,33,0.2198816677517466,-0.0939130434782608,-0.1014492753623188,0.3356675319030165,Pairwise relational
Harmora,LegalBenchPC,bge_large_en_v15,44,0.2198816677517466,-0.0939130434782608,-0.1014492753623188,0.3356675319030165,Pairwise relational
InfoNCE,LegalBenchPC,bge_large_en_v15,11,0.5534613429302053,0.1904347826086956,0.0797101449275362,0.5530430594693038,Pairwise relational
InfoNCE,LegalBenchPC,bge_large_en_v15,22,0.5534613429302053,0.1904347826086956,0.0797101449275362,0.5530430594693038,Pairwise relational
InfoNCE,LegalBenchPC,bge_large_en_v15,33,0.5534613429302053,0.1904347826086956,0.0797101449275362,0.5530430594693038,Pairwise relational
InfoNCE,LegalBenchPC,bge_large_en_v15,44,0.5534613429302053,0.1904347826086956,0.0797101449275362,0.5530430594693038,Pairwise relational
LiDAR,LegalBenchPC,bge_large_en_v15,11,0.5398501622429884,0.2982608695652174,0.181159420289855,0.7534040040782115,Pairwise relational
LiDAR,LegalBenchPC,bge_large_en_v15,22,0.5398501622429884,0.2982608695652174,0.181159420289855,0.7534040040782115,Pairwise relational
LiDAR,LegalBenchPC,bge_large_en_v15,33,0.5398501622429884,0.2982608695652174,0.181159420289855,0.7534040040782115,Pairwise relational
LiDAR,LegalBenchPC,bge_large_en_v15,44,0.5398501622429884,0.2982608695652174,0.181159420289855,0.7534040040782115,Pairwise relational
Matrix entropy,LegalBenchPC,bge_large_en_v15,11,0.5524887719174164,0.1843478260869565,0.0797101449275362,0.5563048376644654,Pairwise relational
Matrix entropy,LegalBenchPC,bge_large_en_v15,22,0.5524887719174164,0.1843478260869565,0.0797101449275362,0.5563048376644654,Pairwise relational
Matrix entropy,LegalBenchPC,bge_large_en_v15,33,0.5524887719174164,0.1843478260869565,0.0797101449275362,0.5563048376644654,Pairwise relational
Matrix entropy,LegalBenchPC,bge_large_en_v15,44,0.5524887719174164,0.1843478260869565,0.0797101449275362,0.5563048376644654,Pairwise relational
Participation ratio,LegalBenchPC,bge_large_en_v15,11,0.821317902172416,0.7652173913043477,0.5579710144927535,0.8413512257492543,Pairwise relational
Participation ratio,LegalBenchPC,bge_large_en_v15,22,0.821317902172416,0.7652173913043477,0.5579710144927535,0.8413512257492543,Pairwise relational
Participation ratio,LegalBenchPC,bge_large_en_v15,33,0.821317902172416,0.7652173913043477,0.5579710144927535,0.8413512257492543,Pairwise relational
Participation ratio,LegalBenchPC,bge_large_en_v15,44,0.821317902172416,0.7652173913043477,0.5579710144927535,0.8413512257492543,Pairwise relational
Spectral gap,LegalBenchPC,bge_large_en_v15,11,0.7476801169416663,0.7626086956521738,0.536231884057971,0.7693048974613936,Pairwise relational
Spectral gap,LegalBenchPC,bge_large_en_v15,22,0.7476801169416663,0.7626086956521738,0.536231884057971,0.7693048974613936,Pairwise relational
Spectral gap,LegalBenchPC,bge_large_en_v15,33,0.7476801169416663,0.7626086956521738,0.536231884057971,0.7693048974613936,Pairwise relational
Spectral gap,LegalBenchPC,bge_large_en_v15,44,0.7476801169416663,0.7626086956521738,0.536231884057971,0.7693048974613936,Pairwise relational
Anisotropy,LegalBenchPC,e5_base_v2,11,-0.2685001119094573,-0.3076923076923076,-0.1282051282051281,0.3818251242825751,Pairwise relational
Anisotropy,LegalBenchPC,e5_base_v2,22,-0.2685001119094573,-0.3076923076923076,-0.1282051282051281,0.3818251242825751,Pairwise relational
Anisotropy,LegalBenchPC,e5_base_v2,33,-0.2685001119094573,-0.3076923076923076,-0.1282051282051281,0.3818251242825751,Pairwise relational
Anisotropy,LegalBenchPC,e5_base_v2,44,-0.2685001119094573,-0.3076923076923076,-0.1282051282051281,0.3818251242825751,Pairwise relational
Curvature,LegalBenchPC,e5_base_v2,11,-0.0210414253026227,0.2637362637362637,0.3333333333333332,0.5173902514308777,Pairwise relational
Curvature,LegalBenchPC,e5_base_v2,22,-0.0210414253026227,0.2637362637362637,0.3333333333333332,0.5173902514308777,Pairwise relational
Curvature,LegalBenchPC,e5_base_v2,33,-0.0210414253026227,0.2637362637362637,0.3333333333333332,0.5173902514308777,Pairwise relational
Curvature,LegalBenchPC,e5_base_v2,44,-0.0210414253026227,0.2637362637362637,0.3333333333333332,0.5173902514308777,Pairwise relational
DiME,LegalBenchPC,e5_base_v2,11,-0.5750040427803293,-0.5439560439560439,-0.3846153846153845,0.5970908552331846,Pairwise relational
DiME,LegalBenchPC,e5_base_v2,22,-0.5750040427803293,-0.5439560439560439,-0.3846153846153845,0.5970908552331846,Pairwise relational
DiME,LegalBenchPC,e5_base_v2,33,-0.5750040427803293,-0.5439560439560439,-0.3846153846153845,0.5970908552331846,Pairwise relational
DiME,LegalBenchPC,e5_base_v2,44,-0.5750040427803293,-0.5439560439560439,-0.3846153846153845,0.5970908552331846,Pairwise relational
Harmora,LegalBenchPC,e5_base_v2,11,0.6231554210581044,0.478021978021978,0.3589743589743589,0.6269685097886329,Pairwise relational
Harmora,LegalBenchPC,e5_base_v2,22,0.6231554210581044,0.478021978021978,0.3589743589743589,0.6269685097886329,Pairwise relational
Harmora,LegalBenchPC,e5_base_v2,33,0.6231554210581044,0.478021978021978,0.3589743589743589,0.6269685097886329,Pairwise relational
Harmora,LegalBenchPC,e5_base_v2,44,0.6231554210581044,0.478021978021978,0.3589743589743589,0.6269685097886329,Pairwise relational
InfoNCE,LegalBenchPC,e5_base_v2,11,-0.2485252562067806,-0.3186813186813187,-0.1538461538461538,0.3732922033828586,Pairwise relational
InfoNCE,LegalBenchPC,e5_base_v2,22,-0.2485252562067806,-0.3186813186813187,-0.1538461538461538,0.3732922033828586,Pairwise relational
InfoNCE,LegalBenchPC,e5_base_v2,33,-0.2485252562067806,-0.3186813186813187,-0.1538461538461538,0.3732922033828586,Pairwise relational
InfoNCE,LegalBenchPC,e5_base_v2,44,-0.2485252562067806,-0.3186813186813187,-0.1538461538461538,0.3732922033828586,Pairwise relational
LiDAR,LegalBenchPC,e5_base_v2,11,0.1517837682718316,0.1593406593406593,0.1025641025641025,0.2619311981022912,Pairwise relational
LiDAR,LegalBenchPC,e5_base_v2,22,0.1517837682718316,0.1593406593406593,0.1025641025641025,0.2619311981022912,Pairwise relational
LiDAR,LegalBenchPC,e5_base_v2,33,0.1517837682718316,0.1593406593406593,0.1025641025641025,0.2619311981022912,Pairwise relational
LiDAR,LegalBenchPC,e5_base_v2,44,0.1517837682718316,0.1593406593406593,0.1025641025641025,0.2619311981022912,Pairwise relational
Matrix entropy,LegalBenchPC,e5_base_v2,11,-0.0938399540342452,-0.1208791208791208,0.0,0.3118323225308065,Pairwise relational
Matrix entropy,LegalBenchPC,e5_base_v2,22,-0.0938399540342452,-0.1208791208791208,0.0,0.3118323225308065,Pairwise relational
Matrix entropy,LegalBenchPC,e5_base_v2,33,-0.0938399540342452,-0.1208791208791208,0.0,0.3118323225308065,Pairwise relational
Matrix entropy,LegalBenchPC,e5_base_v2,44,-0.0938399540342452,-0.1208791208791208,0.0,0.3118323225308065,Pairwise relational
Participation ratio,LegalBenchPC,e5_base_v2,11,0.6833782814315379,0.467032967032967,0.282051282051282,0.697174617116243,Pairwise relational
Participation ratio,LegalBenchPC,e5_base_v2,22,0.6833782814315379,0.467032967032967,0.282051282051282,0.697174617116243,Pairwise relational
Participation ratio,LegalBenchPC,e5_base_v2,33,0.6833782814315379,0.467032967032967,0.282051282051282,0.697174617116243,Pairwise relational
Participation ratio,LegalBenchPC,e5_base_v2,44,0.6833782814315379,0.467032967032967,0.282051282051282,0.697174617116243,Pairwise relational
Spectral gap,LegalBenchPC,e5_base_v2,11,0.6893098386904106,0.4890109890109889,0.3076923076923076,0.6859529051080209,Pairwise relational
Spectral gap,LegalBenchPC,e5_base_v2,22,0.6893098386904106,0.4890109890109889,0.3076923076923076,0.6859529051080209,Pairwise relational
Spectral gap,LegalBenchPC,e5_base_v2,33,0.6893098386904106,0.4890109890109889,0.3076923076923076,0.6859529051080209,Pairwise relational
Spectral gap,LegalBenchPC,e5_base_v2,44,0.6893098386904106,0.4890109890109889,0.3076923076923076,0.6859529051080209,Pairwise relational
Anisotropy,LegalBenchPC,e5_large_v2,11,-0.1378367568436166,-0.3384615384615385,-0.2466666666666666,0.5761886576406644,Pairwise relational
Anisotropy,LegalBenchPC,e5_large_v2,22,-0.1378367568436166,-0.3384615384615385,-0.2466666666666666,0.5761886576406644,Pairwise relational
Anisotropy,LegalBenchPC,e5_large_v2,33,-0.1378367568436166,-0.3384615384615385,-0.2466666666666666,0.5761886576406644,Pairwise relational
Anisotropy,LegalBenchPC,e5_large_v2,44,-0.1378367568436166,-0.3384615384615385,-0.2466666666666666,0.5761886576406644,Pairwise relational
Curvature,LegalBenchPC,e5_large_v2,11,-0.2905606806660917,0.1815384615384615,0.0999999999999999,0.4436778616436325,Pairwise relational
Curvature,LegalBenchPC,e5_large_v2,22,-0.2905606806660917,0.1815384615384615,0.0999999999999999,0.4436778616436325,Pairwise relational
Curvature,LegalBenchPC,e5_large_v2,33,-0.2905606806660917,0.1815384615384615,0.0999999999999999,0.4436778616436325,Pairwise relational
Curvature,LegalBenchPC,e5_large_v2,44,-0.2905606806660917,0.1815384615384615,0.0999999999999999,0.4436778616436325,Pairwise relational
DiME,LegalBenchPC,e5_large_v2,11,-0.2529433798078109,-0.3446153846153846,-0.2533333333333332,0.5480693250817174,Pairwise relational
DiME,LegalBenchPC,e5_large_v2,22,-0.2529433798078109,-0.3446153846153846,-0.2533333333333332,0.5480693250817174,Pairwise relational
DiME,LegalBenchPC,e5_large_v2,33,-0.2529433798078109,-0.3446153846153846,-0.2533333333333332,0.5480693250817174,Pairwise relational
DiME,LegalBenchPC,e5_large_v2,44,-0.2529433798078109,-0.3446153846153846,-0.2533333333333332,0.5480693250817174,Pairwise relational
Harmora,LegalBenchPC,e5_large_v2,11,0.5323725851128331,0.1961538461538461,0.1266666666666666,0.6476665506444692,Pairwise relational
Harmora,LegalBenchPC,e5_large_v2,22,0.5323725851128331,0.1961538461538461,0.1266666666666666,0.6476665506444692,Pairwise relational
Harmora,LegalBenchPC,e5_large_v2,33,0.5323725851128331,0.1961538461538461,0.1266666666666666,0.6476665506444692,Pairwise relational
Harmora,LegalBenchPC,e5_large_v2,44,0.5323725851128331,0.1961538461538461,0.1266666666666666,0.6476665506444692,Pairwise relational
InfoNCE,LegalBenchPC,e5_large_v2,11,-0.0992094491668241,-0.3438461538461538,-0.2533333333333332,0.5687119625254689,Pairwise relational
InfoNCE,LegalBenchPC,e5_large_v2,22,-0.0992094491668241,-0.3438461538461538,-0.2533333333333332,0.5687119625254689,Pairwise relational
InfoNCE,LegalBenchPC,e5_large_v2,33,-0.0992094491668241,-0.3438461538461538,-0.2533333333333332,0.5687119625254689,Pairwise relational
InfoNCE,LegalBenchPC,e5_large_v2,44,-0.0992094491668241,-0.3438461538461538,-0.2533333333333332,0.5687119625254689,Pairwise relational
LiDAR,LegalBenchPC,e5_large_v2,11,0.3882706907708944,0.3946153846153846,0.2999999999999999,0.4613985611804749,Pairwise relational
LiDAR,LegalBenchPC,e5_large_v2,22,0.3882706907708944,0.3946153846153846,0.2999999999999999,0.4613985611804749,Pairwise relational
LiDAR,LegalBenchPC,e5_large_v2,33,0.3882706907708944,0.3946153846153846,0.2999999999999999,0.4613985611804749,Pairwise relational
LiDAR,LegalBenchPC,e5_large_v2,44,0.3882706907708944,0.3946153846153846,0.2999999999999999,0.4613985611804749,Pairwise relational
Matrix entropy,LegalBenchPC,e5_large_v2,11,-0.0745328157957992,-0.3715384615384616,-0.2799999999999999,0.5714988705052113,Pairwise relational
Matrix entropy,LegalBenchPC,e5_large_v2,22,-0.0745328157957992,-0.3715384615384616,-0.2799999999999999,0.5714988705052113,Pairwise relational
Matrix entropy,LegalBenchPC,e5_large_v2,33,-0.0745328157957992,-0.3715384615384616,-0.2799999999999999,0.5714988705052113,Pairwise relational
Matrix entropy,LegalBenchPC,e5_large_v2,44,-0.0745328157957992,-0.3715384615384616,-0.2799999999999999,0.5714988705052113,Pairwise relational
Participation ratio,LegalBenchPC,e5_large_v2,11,0.5717474815743364,0.4130769230769231,0.2733333333333332,0.576182752695516,Pairwise relational
Participation ratio,LegalBenchPC,e5_large_v2,22,0.5717474815743364,0.4130769230769231,0.2733333333333332,0.576182752695516,Pairwise relational
Participation ratio,LegalBenchPC,e5_large_v2,33,0.5717474815743364,0.4130769230769231,0.2733333333333332,0.576182752695516,Pairwise relational
Participation ratio,LegalBenchPC,e5_large_v2,44,0.5717474815743364,0.4130769230769231,0.2733333333333332,0.576182752695516,Pairwise relational
Spectral gap,LegalBenchPC,e5_large_v2,11,0.4922770689345266,0.4023076923076922,0.2666666666666666,0.5547972228638832,Pairwise relational
Spectral gap,LegalBenchPC,e5_large_v2,22,0.4922770689345266,0.4023076923076922,0.2666666666666666,0.5547972228638832,Pairwise relational
Spectral gap,LegalBenchPC,e5_large_v2,33,0.4922770689345266,0.4023076923076922,0.2666666666666666,0.5547972228638832,Pairwise relational
Spectral gap,LegalBenchPC,e5_large_v2,44,0.4922770689345266,0.4023076923076922,0.2666666666666666,0.5547972228638832,Pairwise relational
Anisotropy,LegalBenchPC,minilm_l6,11,0.3308968160547986,0.3214285714285715,0.2380952380952381,0.4403516032685192,Pairwise relational
Anisotropy,LegalBenchPC,minilm_l6,22,0.3308968160547986,0.3214285714285715,0.2380952380952381,0.4403516032685192,Pairwise relational
Anisotropy,LegalBenchPC,minilm_l6,33,0.3308968160547986,0.3214285714285715,0.2380952380952381,0.4403516032685192,Pairwise relational
Anisotropy,LegalBenchPC,minilm_l6,44,0.3308968160547986,0.3214285714285715,0.2380952380952381,0.4403516032685192,Pairwise relational
Curvature,LegalBenchPC,minilm_l6,11,-0.4139334271481065,-0.5357142857142858,-0.4285714285714286,0.6182888589264699,Pairwise relational
Curvature,LegalBenchPC,minilm_l6,22,-0.4139334271481065,-0.5357142857142858,-0.4285714285714286,0.6182888589264699,Pairwise relational
Curvature,LegalBenchPC,minilm_l6,33,-0.4139334271481065,-0.5357142857142858,-0.4285714285714286,0.6182888589264699,Pairwise relational
Curvature,LegalBenchPC,minilm_l6,44,-0.4139334271481065,-0.5357142857142858,-0.4285714285714286,0.6182888589264699,Pairwise relational
DiME,LegalBenchPC,minilm_l6,11,-0.50367941219693,-0.4642857142857144,-0.3333333333333333,0.5474124136479198,Pairwise relational
DiME,LegalBenchPC,minilm_l6,22,-0.50367941219693,-0.4642857142857144,-0.3333333333333333,0.5474124136479198,Pairwise relational
DiME,LegalBenchPC,minilm_l6,33,-0.50367941219693,-0.4642857142857144,-0.3333333333333333,0.5474124136479198,Pairwise relational
DiME,LegalBenchPC,minilm_l6,44,-0.50367941219693,-0.4642857142857144,-0.3333333333333333,0.5474124136479198,Pairwise relational
Harmora,LegalBenchPC,minilm_l6,11,0.6665889130392753,0.7500000000000002,0.5238095238095238,0.8047717196670325,Pairwise relational
Harmora,LegalBenchPC,minilm_l6,22,0.6665889130392753,0.7500000000000002,0.5238095238095238,0.8047717196670325,Pairwise relational
Harmora,LegalBenchPC,minilm_l6,33,0.6665889130392753,0.7500000000000002,0.5238095238095238,0.8047717196670325,Pairwise relational
Harmora,LegalBenchPC,minilm_l6,44,0.6665889130392753,0.7500000000000002,0.5238095238095238,0.8047717196670325,Pairwise relational
InfoNCE,LegalBenchPC,minilm_l6,11,0.3038825328718928,0.3214285714285715,0.2380952380952381,0.4283597348784673,Pairwise relational
InfoNCE,LegalBenchPC,minilm_l6,22,0.3038825328718928,0.3214285714285715,0.2380952380952381,0.4283597348784673,Pairwise relational
InfoNCE,LegalBenchPC,minilm_l6,33,0.3038825328718928,0.3214285714285715,0.2380952380952381,0.4283597348784673,Pairwise relational
InfoNCE,LegalBenchPC,minilm_l6,44,0.3038825328718928,0.3214285714285715,0.2380952380952381,0.4283597348784673,Pairwise relational
LiDAR,LegalBenchPC,minilm_l6,11,0.3909605957959271,0.5,0.4285714285714286,0.4901139238482289,Pairwise relational
LiDAR,LegalBenchPC,minilm_l6,22,0.3909605957959271,0.5,0.4285714285714286,0.4901139238482289,Pairwise relational
LiDAR,LegalBenchPC,minilm_l6,33,0.3909605957959271,0.5,0.4285714285714286,0.4901139238482289,Pairwise relational
LiDAR,LegalBenchPC,minilm_l6,44,0.3909605957959271,0.5,0.4285714285714286,0.4901139238482289,Pairwise relational
Matrix entropy,LegalBenchPC,minilm_l6,11,0.3177546309908698,0.3214285714285715,0.2380952380952381,0.4415596740465089,Pairwise relational
Matrix entropy,LegalBenchPC,minilm_l6,22,0.3177546309908698,0.3214285714285715,0.2380952380952381,0.4415596740465089,Pairwise relational
Matrix entropy,LegalBenchPC,minilm_l6,33,0.3177546309908698,0.3214285714285715,0.2380952380952381,0.4415596740465089,Pairwise relational
Matrix entropy,LegalBenchPC,minilm_l6,44,0.3177546309908698,0.3214285714285715,0.2380952380952381,0.4415596740465089,Pairwise relational
Participation ratio,LegalBenchPC,minilm_l6,11,0.6102527996650924,0.7500000000000002,0.6190476190476191,0.6477147024577374,Pairwise relational
Participation ratio,LegalBenchPC,minilm_l6,22,0.6102527996650924,0.7500000000000002,0.6190476190476191,0.6477147024577374,Pairwise relational
Participation ratio,LegalBenchPC,minilm_l6,33,0.6102527996650924,0.7500000000000002,0.6190476190476191,0.6477147024577374,Pairwise relational
Participation ratio,LegalBenchPC,minilm_l6,44,0.6102527996650924,0.7500000000000002,0.6190476190476191,0.6477147024577374,Pairwise relational
Spectral gap,LegalBenchPC,minilm_l6,11,0.7058330183772911,0.8571428571428573,0.7142857142857143,0.7173021274229384,Pairwise relational
Spectral gap,LegalBenchPC,minilm_l6,22,0.7058330183772911,0.8571428571428573,0.7142857142857143,0.7173021274229384,Pairwise relational
Spectral gap,LegalBenchPC,minilm_l6,33,0.7058330183772911,0.8571428571428573,0.7142857142857143,0.7173021274229384,Pairwise relational
Spectral gap,LegalBenchPC,minilm_l6,44,0.7058330183772911,0.8571428571428573,0.7142857142857143,0.7173021274229384,Pairwise relational
Anisotropy,LegalBenchPC,mpnet_base,11,-0.5848792018496969,-0.5824175824175823,-0.4358974358974358,0.6445190557070859,Pairwise relational
Anisotropy,LegalBenchPC,mpnet_base,22,-0.5848792018496969,-0.5824175824175823,-0.4358974358974358,0.6445190557070859,Pairwise relational
Anisotropy,LegalBenchPC,mpnet_base,33,-0.5848792018496969,-0.5824175824175823,-0.4358974358974358,0.6445190557070859,Pairwise relational
Anisotropy,LegalBenchPC,mpnet_base,44,-0.5848792018496969,-0.5824175824175823,-0.4358974358974358,0.6445190557070859,Pairwise relational
Curvature,LegalBenchPC,mpnet_base,11,-0.5391330488282433,-0.5384615384615384,-0.3589743589743589,0.6059836419835675,Pairwise relational
Curvature,LegalBenchPC,mpnet_base,22,-0.5391330488282433,-0.5384615384615384,-0.3589743589743589,0.6059836419835675,Pairwise relational
Curvature,LegalBenchPC,mpnet_base,33,-0.5391330488282433,-0.5384615384615384,-0.3589743589743589,0.6059836419835675,Pairwise relational
Curvature,LegalBenchPC,mpnet_base,44,-0.5391330488282433,-0.5384615384615384,-0.3589743589743589,0.6059836419835675,Pairwise relational
DiME,LegalBenchPC,mpnet_base,11,0.1556925853458701,-0.2912087912087912,-0.1794871794871794,0.4566961606154456,Pairwise relational
DiME,LegalBenchPC,mpnet_base,22,0.1556925853458701,-0.2912087912087912,-0.1794871794871794,0.4566961606154456,Pairwise relational
DiME,LegalBenchPC,mpnet_base,33,0.1556925853458701,-0.2912087912087912,-0.1794871794871794,0.4566961606154456,Pairwise relational
DiME,LegalBenchPC,mpnet_base,44,0.1556925853458701,-0.2912087912087912,-0.1794871794871794,0.4566961606154456,Pairwise relational
Harmora,LegalBenchPC,mpnet_base,11,0.8188883778694658,0.7582417582417583,0.6153846153846153,0.7931076543251269,Pairwise relational
Harmora,LegalBenchPC,mpnet_base,22,0.8188883778694658,0.7582417582417583,0.6153846153846153,0.7931076543251269,Pairwise relational
Harmora,LegalBenchPC,mpnet_base,33,0.8188883778694658,0.7582417582417583,0.6153846153846153,0.7931076543251269,Pairwise relational
Harmora,LegalBenchPC,mpnet_base,44,0.8188883778694658,0.7582417582417583,0.6153846153846153,0.7931076543251269,Pairwise relational
InfoNCE,LegalBenchPC,mpnet_base,11,-0.668703829456493,-0.6318681318681317,-0.5384615384615383,0.6788743950554263,Pairwise relational
InfoNCE,LegalBenchPC,mpnet_base,22,-0.668703829456493,-0.6318681318681317,-0.5384615384615383,0.6788743950554263,Pairwise relational
InfoNCE,LegalBenchPC,mpnet_base,33,-0.668703829456493,-0.6318681318681317,-0.5384615384615383,0.6788743950554263,Pairwise relational
InfoNCE,LegalBenchPC,mpnet_base,44,-0.668703829456493,-0.6318681318681317,-0.5384615384615383,0.6788743950554263,Pairwise relational
LiDAR,LegalBenchPC,mpnet_base,11,0.1154551854746463,0.0879120879120879,0.0256410256410256,0.5817809628158337,Pairwise relational
LiDAR,LegalBenchPC,mpnet_base,22,0.1154551854746463,0.0879120879120879,0.0256410256410256,0.5817809628158337,Pairwise relational
LiDAR,LegalBenchPC,mpnet_base,33,0.1154551854746463,0.0879120879120879,0.0256410256410256,0.5817809628158337,Pairwise relational
LiDAR,LegalBenchPC,mpnet_base,44,0.1154551854746463,0.0879120879120879,0.0256410256410256,0.5817809628158337,Pairwise relational
Matrix entropy,LegalBenchPC,mpnet_base,11,-0.6148998021407034,-0.5714285714285714,-0.4615384615384614,0.6537569541913004,Pairwise relational
Matrix entropy,LegalBenchPC,mpnet_base,22,-0.6148998021407034,-0.5714285714285714,-0.4615384615384614,0.6537569541913004,Pairwise relational
Matrix entropy,LegalBenchPC,mpnet_base,33,-0.6148998021407034,-0.5714285714285714,-0.4615384615384614,0.6537569541913004,Pairwise relational
Matrix entropy,LegalBenchPC,mpnet_base,44,-0.6148998021407034,-0.5714285714285714,-0.4615384615384614,0.6537569541913004,Pairwise relational
Participation ratio,LegalBenchPC,mpnet_base,11,-0.0845145136274043,0.0659340659340659,0.0512820512820512,0.4936574595414613,Pairwise relational
Participation ratio,LegalBenchPC,mpnet_base,22,-0.0845145136274043,0.0659340659340659,0.0512820512820512,0.4936574595414613,Pairwise relational
Participation ratio,LegalBenchPC,mpnet_base,33,-0.0845145136274043,0.0659340659340659,0.0512820512820512,0.4936574595414613,Pairwise relational
Participation ratio,LegalBenchPC,mpnet_base,44,-0.0845145136274043,0.0659340659340659,0.0512820512820512,0.4936574595414613,Pairwise relational
Spectral gap,LegalBenchPC,mpnet_base,11,0.0998669816907292,0.1538461538461538,0.1025641025641025,0.5176828343243448,Pairwise relational
Spectral gap,LegalBenchPC,mpnet_base,22,0.0998669816907292,0.1538461538461538,0.1025641025641025,0.5176828343243448,Pairwise relational
Spectral gap,LegalBenchPC,mpnet_base,33,0.0998669816907292,0.1538461538461538,0.1025641025641025,0.5176828343243448,Pairwise relational
Spectral gap,LegalBenchPC,mpnet_base,44,0.0998669816907292,0.1538461538461538,0.1025641025641025,0.5176828343243448,Pairwise relational
Anisotropy,LegalBenchPC,snowflake_arctic_embed_m,11,0.6574899862557307,0.7412587412587414,0.5454545454545454,0.8252503102725838,Pairwise relational
Anisotropy,LegalBenchPC,snowflake_arctic_embed_m,22,0.6574899862557307,0.7412587412587414,0.5454545454545454,0.8252503102725838,Pairwise relational
Anisotropy,LegalBenchPC,snowflake_arctic_embed_m,33,0.6574899862557307,0.7412587412587414,0.5454545454545454,0.8252503102725838,Pairwise relational
Anisotropy,LegalBenchPC,snowflake_arctic_embed_m,44,0.6574899862557307,0.7412587412587414,0.5454545454545454,0.8252503102725838,Pairwise relational
Curvature,LegalBenchPC,snowflake_arctic_embed_m,11,-0.5660108513598623,-0.6923076923076924,-0.4545454545454545,0.717077514421084,Pairwise relational
Curvature,LegalBenchPC,snowflake_arctic_embed_m,22,-0.5660108513598623,-0.6923076923076924,-0.4545454545454545,0.717077514421084,Pairwise relational
Curvature,LegalBenchPC,snowflake_arctic_embed_m,33,-0.5660108513598623,-0.6923076923076924,-0.4545454545454545,0.717077514421084,Pairwise relational
Curvature,LegalBenchPC,snowflake_arctic_embed_m,44,-0.5660108513598623,-0.6923076923076924,-0.4545454545454545,0.717077514421084,Pairwise relational
DiME,LegalBenchPC,snowflake_arctic_embed_m,11,0.7289645004180832,0.6643356643356644,0.4848484848484848,0.7893746995568749,Pairwise relational
DiME,LegalBenchPC,snowflake_arctic_embed_m,22,0.7289645004180832,0.6643356643356644,0.4848484848484848,0.7893746995568749,Pairwise relational
DiME,LegalBenchPC,snowflake_arctic_embed_m,33,0.7289645004180832,0.6643356643356644,0.4848484848484848,0.7893746995568749,Pairwise relational
DiME,LegalBenchPC,snowflake_arctic_embed_m,44,0.7289645004180832,0.6643356643356644,0.4848484848484848,0.7893746995568749,Pairwise relational
Harmora,LegalBenchPC,snowflake_arctic_embed_m,11,0.7706324510083272,0.7202797202797203,0.5151515151515151,0.7720060776521702,Pairwise relational
Harmora,LegalBenchPC,snowflake_arctic_embed_m,22,0.7706324510083272,0.7202797202797203,0.5151515151515151,0.7720060776521702,Pairwise relational
Harmora,LegalBenchPC,snowflake_arctic_embed_m,33,0.7706324510083272,0.7202797202797203,0.5151515151515151,0.7720060776521702,Pairwise relational
Harmora,LegalBenchPC,snowflake_arctic_embed_m,44,0.7706324510083272,0.7202797202797203,0.5151515151515151,0.7720060776521702,Pairwise relational
InfoNCE,LegalBenchPC,snowflake_arctic_embed_m,11,0.6361280146623011,0.7412587412587414,0.5454545454545454,0.799756518098013,Pairwise relational
InfoNCE,LegalBenchPC,snowflake_arctic_embed_m,22,0.6361280146623011,0.7412587412587414,0.5454545454545454,0.799756518098013,Pairwise relational
InfoNCE,LegalBenchPC,snowflake_arctic_embed_m,33,0.6361280146623011,0.7412587412587414,0.5454545454545454,0.799756518098013,Pairwise relational
InfoNCE,LegalBenchPC,snowflake_arctic_embed_m,44,0.6361280146623011,0.7412587412587414,0.5454545454545454,0.799756518098013,Pairwise relational
LiDAR,LegalBenchPC,snowflake_arctic_embed_m,11,0.616835213839826,0.7692307692307694,0.5454545454545454,0.6959981474486902,Pairwise relational
LiDAR,LegalBenchPC,snowflake_arctic_embed_m,22,0.616835213839826,0.7692307692307694,0.5454545454545454,0.6959981474486902,Pairwise relational
LiDAR,LegalBenchPC,snowflake_arctic_embed_m,33,0.616835213839826,0.7692307692307694,0.5454545454545454,0.6959981474486902,Pairwise relational
LiDAR,LegalBenchPC,snowflake_arctic_embed_m,44,0.616835213839826,0.7692307692307694,0.5454545454545454,0.6959981474486902,Pairwise relational
Matrix entropy,LegalBenchPC,snowflake_arctic_embed_m,11,0.6915691621850045,0.7622377622377624,0.5757575757575757,0.8280176000761795,Pairwise relational
Matrix entropy,LegalBenchPC,snowflake_arctic_embed_m,22,0.6915691621850045,0.7622377622377624,0.5757575757575757,0.8280176000761795,Pairwise relational
Matrix entropy,LegalBenchPC,snowflake_arctic_embed_m,33,0.6915691621850045,0.7622377622377624,0.5757575757575757,0.8280176000761795,Pairwise relational
Matrix entropy,LegalBenchPC,snowflake_arctic_embed_m,44,0.6915691621850045,0.7622377622377624,0.5757575757575757,0.8280176000761795,Pairwise relational
Participation ratio,LegalBenchPC,snowflake_arctic_embed_m,11,0.2767748068139707,0.3286713286713286,0.1818181818181818,0.4251581723408863,Pairwise relational
Participation ratio,LegalBenchPC,snowflake_arctic_embed_m,22,0.2767748068139707,0.3286713286713286,0.1818181818181818,0.4251581723408863,Pairwise relational
Participation ratio,LegalBenchPC,snowflake_arctic_embed_m,33,0.2767748068139707,0.3286713286713286,0.1818181818181818,0.4251581723408863,Pairwise relational
Participation ratio,LegalBenchPC,snowflake_arctic_embed_m,44,0.2767748068139707,0.3286713286713286,0.1818181818181818,0.4251581723408863,Pairwise relational
Spectral gap,LegalBenchPC,snowflake_arctic_embed_m,11,0.2524355664798641,0.2797202797202798,0.1515151515151515,0.3963384614286835,Pairwise relational
Spectral gap,LegalBenchPC,snowflake_arctic_embed_m,22,0.2524355664798641,0.2797202797202798,0.1515151515151515,0.3963384614286835,Pairwise relational
Spectral gap,LegalBenchPC,snowflake_arctic_embed_m,33,0.2524355664798641,0.2797202797202798,0.1515151515151515,0.3963384614286835,Pairwise relational
Spectral gap,LegalBenchPC,snowflake_arctic_embed_m,44,0.2524355664798641,0.2797202797202798,0.1515151515151515,0.3963384614286835,Pairwise relational
Anisotropy,SICK-R,bge_base_en_v15,11,0.9016048581669304,0.6643356643356644,0.5757575757575757,0.9263264229859964,Similarity-dominated
Anisotropy,SICK-R,bge_base_en_v15,22,0.9016048581669304,0.6643356643356644,0.5757575757575757,0.9263264229859964,Similarity-dominated
Anisotropy,SICK-R,bge_base_en_v15,33,0.9016048581669304,0.6643356643356644,0.5757575757575757,0.9263264229859964,Similarity-dominated
Anisotropy,SICK-R,bge_base_en_v15,44,0.9016048581669304,0.6643356643356644,0.5757575757575757,0.9263264229859964,Similarity-dominated
Curvature,SICK-R,bge_base_en_v15,11,0.8000476132735775,0.6293706293706295,0.5151515151515151,0.8282356381084869,Similarity-dominated
Curvature,SICK-R,bge_base_en_v15,22,0.8000476132735775,0.6293706293706295,0.5151515151515151,0.8282356381084869,Similarity-dominated
Curvature,SICK-R,bge_base_en_v15,33,0.8000476132735775,0.6293706293706295,0.5151515151515151,0.8282356381084869,Similarity-dominated
Curvature,SICK-R,bge_base_en_v15,44,0.8000476132735775,0.6293706293706295,0.5151515151515151,0.8282356381084869,Similarity-dominated
DiME,SICK-R,bge_base_en_v15,11,0.9065994587919388,0.6643356643356644,0.5454545454545454,0.9308259169894024,Similarity-dominated
DiME,SICK-R,bge_base_en_v15,22,0.9065994587919388,0.6643356643356644,0.5454545454545454,0.9308259169894024,Similarity-dominated
DiME,SICK-R,bge_base_en_v15,33,0.9065994587919388,0.6643356643356644,0.5454545454545454,0.9308259169894024,Similarity-dominated
DiME,SICK-R,bge_base_en_v15,44,0.9065994587919388,0.6643356643356644,0.5454545454545454,0.9308259169894024,Similarity-dominated
Harmora,SICK-R,bge_base_en_v15,11,0.6369968070021435,0.6363636363636365,0.4848484848484848,0.6741526132409331,Similarity-dominated
Harmora,SICK-R,bge_base_en_v15,22,0.6369968070021435,0.6363636363636365,0.4848484848484848,0.6741526132409331,Similarity-dominated
Harmora,SICK-R,bge_base_en_v15,33,0.6369968070021435,0.6363636363636365,0.4848484848484848,0.6741526132409331,Similarity-dominated
Harmora,SICK-R,bge_base_en_v15,44,0.6369968070021435,0.6363636363636365,0.4848484848484848,0.6741526132409331,Similarity-dominated
InfoNCE,SICK-R,bge_base_en_v15,11,0.9107340976168624,0.6643356643356644,0.5757575757575757,0.9318092794051588,Similarity-dominated
InfoNCE,SICK-R,bge_base_en_v15,22,0.9107340976168624,0.6643356643356644,0.5757575757575757,0.9318092794051588,Similarity-dominated
InfoNCE,SICK-R,bge_base_en_v15,33,0.9107340976168624,0.6643356643356644,0.5757575757575757,0.9318092794051588,Similarity-dominated
InfoNCE,SICK-R,bge_base_en_v15,44,0.9107340976168624,0.6643356643356644,0.5757575757575757,0.9318092794051588,Similarity-dominated
LiDAR,SICK-R,bge_base_en_v15,11,0.5277407499094234,0.7202797202797203,0.5757575757575757,0.5890003253044267,Similarity-dominated
LiDAR,SICK-R,bge_base_en_v15,22,0.5277407499094234,0.7202797202797203,0.5757575757575757,0.5890003253044267,Similarity-dominated
LiDAR,SICK-R,bge_base_en_v15,33,0.5277407499094234,0.7202797202797203,0.5757575757575757,0.5890003253044267,Similarity-dominated
LiDAR,SICK-R,bge_base_en_v15,44,0.5277407499094234,0.7202797202797203,0.5757575757575757,0.5890003253044267,Similarity-dominated
Matrix entropy,SICK-R,bge_base_en_v15,11,0.8859718075226577,0.6363636363636365,0.5454545454545454,0.9061308585933748,Similarity-dominated
Matrix entropy,SICK-R,bge_base_en_v15,22,0.8859718075226577,0.6363636363636365,0.5454545454545454,0.9061308585933748,Similarity-dominated
Matrix entropy,SICK-R,bge_base_en_v15,33,0.8859718075226577,0.6363636363636365,0.5454545454545454,0.9061308585933748,Similarity-dominated
Matrix entropy,SICK-R,bge_base_en_v15,44,0.8859718075226577,0.6363636363636365,0.5454545454545454,0.9061308585933748,Similarity-dominated
Participation ratio,SICK-R,bge_base_en_v15,11,0.8646285657905418,0.7202797202797203,0.5757575757575757,0.8486068644304632,Similarity-dominated
Participation ratio,SICK-R,bge_base_en_v15,22,0.8646285657905418,0.7202797202797203,0.5757575757575757,0.8486068644304632,Similarity-dominated
Participation ratio,SICK-R,bge_base_en_v15,33,0.8646285657905418,0.7202797202797203,0.5757575757575757,0.8486068644304632,Similarity-dominated
Participation ratio,SICK-R,bge_base_en_v15,44,0.8646285657905418,0.7202797202797203,0.5757575757575757,0.8486068644304632,Similarity-dominated
Spectral gap,SICK-R,bge_base_en_v15,11,0.8286164345084098,0.7342657342657343,0.606060606060606,0.8284733891878807,Similarity-dominated
Spectral gap,SICK-R,bge_base_en_v15,22,0.8286164345084098,0.7342657342657343,0.606060606060606,0.8284733891878807,Similarity-dominated
Spectral gap,SICK-R,bge_base_en_v15,33,0.8286164345084098,0.7342657342657343,0.606060606060606,0.8284733891878807,Similarity-dominated
Spectral gap,SICK-R,bge_base_en_v15,44,0.8286164345084098,0.7342657342657343,0.606060606060606,0.8284733891878807,Similarity-dominated
Anisotropy,SICK-R,bge_large_en_v15,11,0.7758985850755044,0.2982608695652174,0.2318840579710145,0.8107545435697548,Similarity-dominated
Anisotropy,SICK-R,bge_large_en_v15,22,0.7758985850755044,0.2982608695652174,0.2318840579710145,0.8107545435697548,Similarity-dominated
Anisotropy,SICK-R,bge_large_en_v15,33,0.7758985850755044,0.2982608695652174,0.2318840579710145,0.8107545435697548,Similarity-dominated
Anisotropy,SICK-R,bge_large_en_v15,44,0.7758985850755044,0.2982608695652174,0.2318840579710145,0.8107545435697548,Similarity-dominated
Curvature,SICK-R,bge_large_en_v15,11,0.811758972487499,0.6921739130434782,0.4927536231884057,0.7772824830605362,Similarity-dominated
Curvature,SICK-R,bge_large_en_v15,22,0.811758972487499,0.6921739130434782,0.4927536231884057,0.7772824830605362,Similarity-dominated
Curvature,SICK-R,bge_large_en_v15,33,0.811758972487499,0.6921739130434782,0.4927536231884057,0.7772824830605362,Similarity-dominated
Curvature,SICK-R,bge_large_en_v15,44,0.811758972487499,0.6921739130434782,0.4927536231884057,0.7772824830605362,Similarity-dominated
DiME,SICK-R,bge_large_en_v15,11,0.7914304472575582,0.2947826086956521,0.2246376811594203,0.8144434705924081,Similarity-dominated
DiME,SICK-R,bge_large_en_v15,22,0.7914304472575582,0.2947826086956521,0.2246376811594203,0.8144434705924081,Similarity-dominated
DiME,SICK-R,bge_large_en_v15,33,0.7914304472575582,0.2947826086956521,0.2246376811594203,0.8144434705924081,Similarity-dominated
DiME,SICK-R,bge_large_en_v15,44,0.7914304472575582,0.2947826086956521,0.2246376811594203,0.8144434705924081,Similarity-dominated
Harmora,SICK-R,bge_large_en_v15,11,0.4604562244581163,0.2582608695652174,0.1521739130434782,0.5518705471898091,Similarity-dominated
Harmora,SICK-R,bge_large_en_v15,22,0.4604562244581163,0.2582608695652174,0.1521739130434782,0.5518705471898091,Similarity-dominated
Harmora,SICK-R,bge_large_en_v15,33,0.4604562244581163,0.2582608695652174,0.1521739130434782,0.5518705471898091,Similarity-dominated
Harmora,SICK-R,bge_large_en_v15,44,0.4604562244581163,0.2582608695652174,0.1521739130434782,0.5518705471898091,Similarity-dominated
InfoNCE,SICK-R,bge_large_en_v15,11,0.7918706814512816,0.2982608695652174,0.2318840579710145,0.8248235462806024,Similarity-dominated
InfoNCE,SICK-R,bge_large_en_v15,22,0.7918706814512816,0.2982608695652174,0.2318840579710145,0.8248235462806024,Similarity-dominated
InfoNCE,SICK-R,bge_large_en_v15,33,0.7918706814512816,0.2982608695652174,0.2318840579710145,0.8248235462806024,Similarity-dominated
InfoNCE,SICK-R,bge_large_en_v15,44,0.7918706814512816,0.2982608695652174,0.2318840579710145,0.8248235462806024,Similarity-dominated
LiDAR,SICK-R,bge_large_en_v15,11,0.7266346291079486,0.5565217391304348,0.4275362318840579,0.7281566347843604,Similarity-dominated
LiDAR,SICK-R,bge_large_en_v15,22,0.7266346291079486,0.5565217391304348,0.4275362318840579,0.7281566347843604,Similarity-dominated
LiDAR,SICK-R,bge_large_en_v15,33,0.7266346291079486,0.5565217391304348,0.4275362318840579,0.7281566347843604,Similarity-dominated
LiDAR,SICK-R,bge_large_en_v15,44,0.7266346291079486,0.5565217391304348,0.4275362318840579,0.7281566347843604,Similarity-dominated
Matrix entropy,SICK-R,bge_large_en_v15,11,0.7831997792154941,0.2982608695652174,0.2318840579710145,0.813853814487598,Similarity-dominated
Matrix entropy,SICK-R,bge_large_en_v15,22,0.7831997792154941,0.2982608695652174,0.2318840579710145,0.813853814487598,Similarity-dominated
Matrix entropy,SICK-R,bge_large_en_v15,33,0.7831997792154941,0.2982608695652174,0.2318840579710145,0.813853814487598,Similarity-dominated
Matrix entropy,SICK-R,bge_large_en_v15,44,0.7831997792154941,0.2982608695652174,0.2318840579710145,0.813853814487598,Similarity-dominated
Participation ratio,SICK-R,bge_large_en_v15,11,0.6446648726898492,0.5591304347826086,0.3695652173913043,0.6102960600704822,Similarity-dominated
Participation ratio,SICK-R,bge_large_en_v15,22,0.6446648726898492,0.5591304347826086,0.3695652173913043,0.6102960600704822,Similarity-dominated
Participation ratio,SICK-R,bge_large_en_v15,33,0.6446648726898492,0.5591304347826086,0.3695652173913043,0.6102960600704822,Similarity-dominated
Participation ratio,SICK-R,bge_large_en_v15,44,0.6446648726898492,0.5591304347826086,0.3695652173913043,0.6102960600704822,Similarity-dominated
Spectral gap,SICK-R,bge_large_en_v15,11,0.6805232576212072,0.6034782608695652,0.4057971014492753,0.6808779578650519,Similarity-dominated
Spectral gap,SICK-R,bge_large_en_v15,22,0.6805232576212072,0.6034782608695652,0.4057971014492753,0.6808779578650519,Similarity-dominated
Spectral gap,SICK-R,bge_large_en_v15,33,0.6805232576212072,0.6034782608695652,0.4057971014492753,0.6808779578650519,Similarity-dominated
Spectral gap,SICK-R,bge_large_en_v15,44,0.6805232576212072,0.6034782608695652,0.4057971014492753,0.6808779578650519,Similarity-dominated
Anisotropy,SICK-R,e5_base_v2,11,0.1447349670761674,-0.2582417582417582,-0.1538461538461538,0.387915283785593,Similarity-dominated
Anisotropy,SICK-R,e5_base_v2,22,0.1447349670761674,-0.2582417582417582,-0.1538461538461538,0.387915283785593,Similarity-dominated
Anisotropy,SICK-R,e5_base_v2,33,0.1447349670761674,-0.2582417582417582,-0.1538461538461538,0.387915283785593,Similarity-dominated
Anisotropy,SICK-R,e5_base_v2,44,0.1447349670761674,-0.2582417582417582,-0.1538461538461538,0.387915283785593,Similarity-dominated
Curvature,SICK-R,e5_base_v2,11,0.7322382716353044,0.1703296703296703,0.0256410256410256,0.8150149793133352,Similarity-dominated
Curvature,SICK-R,e5_base_v2,22,0.7322382716353044,0.1703296703296703,0.0256410256410256,0.8150149793133352,Similarity-dominated
Curvature,SICK-R,e5_base_v2,33,0.7322382716353044,0.1703296703296703,0.0256410256410256,0.8150149793133352,Similarity-dominated
Curvature,SICK-R,e5_base_v2,44,0.7322382716353044,0.1703296703296703,0.0256410256410256,0.8150149793133352,Similarity-dominated
DiME,SICK-R,e5_base_v2,11,-0.4838353162457361,-0.6593406593406593,-0.5128205128205127,0.5122949037165005,Similarity-dominated
DiME,SICK-R,e5_base_v2,22,-0.4838353162457361,-0.6593406593406593,-0.5128205128205127,0.5122949037165005,Similarity-dominated
DiME,SICK-R,e5_base_v2,33,-0.4838353162457361,-0.6593406593406593,-0.5128205128205127,0.5122949037165005,Similarity-dominated
DiME,SICK-R,e5_base_v2,44,-0.4838353162457361,-0.6593406593406593,-0.5128205128205127,0.5122949037165005,Similarity-dominated
Harmora,SICK-R,e5_base_v2,11,0.9157392378600956,0.9395604395604396,0.8205128205128204,0.9134034974715024,Similarity-dominated
Harmora,SICK-R,e5_base_v2,22,0.9157392378600956,0.9395604395604396,0.8205128205128204,0.9134034974715024,Similarity-dominated
Harmora,SICK-R,e5_base_v2,33,0.9157392378600956,0.9395604395604396,0.8205128205128204,0.9134034974715024,Similarity-dominated
Harmora,SICK-R,e5_base_v2,44,0.9157392378600956,0.9395604395604396,0.8205128205128204,0.9134034974715024,Similarity-dominated
InfoNCE,SICK-R,e5_base_v2,11,0.1168787086533684,-0.2802197802197803,-0.2051282051282051,0.3934033792622871,Similarity-dominated
InfoNCE,SICK-R,e5_base_v2,22,0.1168787086533684,-0.2802197802197803,-0.2051282051282051,0.3934033792622871,Similarity-dominated
InfoNCE,SICK-R,e5_base_v2,33,0.1168787086533684,-0.2802197802197803,-0.2051282051282051,0.3934033792622871,Similarity-dominated
InfoNCE,SICK-R,e5_base_v2,44,0.1168787086533684,-0.2802197802197803,-0.2051282051282051,0.3934033792622871,Similarity-dominated
LiDAR,SICK-R,e5_base_v2,11,-0.4135002877939047,-0.7032967032967032,-0.564102564102564,0.5222230144178435,Similarity-dominated
LiDAR,SICK-R,e5_base_v2,22,-0.4135002877939047,-0.7032967032967032,-0.564102564102564,0.5222230144178435,Similarity-dominated
LiDAR,SICK-R,e5_base_v2,33,-0.4135002877939047,-0.7032967032967032,-0.564102564102564,0.5222230144178435,Similarity-dominated
LiDAR,SICK-R,e5_base_v2,44,-0.4135002877939047,-0.7032967032967032,-0.564102564102564,0.5222230144178435,Similarity-dominated
Matrix entropy,SICK-R,e5_base_v2,11,0.222543029949604,-0.1428571428571428,-0.0769230769230769,0.4266722148405264,Similarity-dominated
Matrix entropy,SICK-R,e5_base_v2,22,0.222543029949604,-0.1428571428571428,-0.0769230769230769,0.4266722148405264,Similarity-dominated
Matrix entropy,SICK-R,e5_base_v2,33,0.222543029949604,-0.1428571428571428,-0.0769230769230769,0.4266722148405264,Similarity-dominated
Matrix entropy,SICK-R,e5_base_v2,44,0.222543029949604,-0.1428571428571428,-0.0769230769230769,0.4266722148405264,Similarity-dominated
Participation ratio,SICK-R,e5_base_v2,11,-0.1200517079423365,-0.6153846153846153,-0.4871794871794871,0.4260712420965785,Similarity-dominated
Participation ratio,SICK-R,e5_base_v2,22,-0.1200517079423365,-0.6153846153846153,-0.4871794871794871,0.4260712420965785,Similarity-dominated
Participation ratio,SICK-R,e5_base_v2,33,-0.1200517079423365,-0.6153846153846153,-0.4871794871794871,0.4260712420965785,Similarity-dominated
Participation ratio,SICK-R,e5_base_v2,44,-0.1200517079423365,-0.6153846153846153,-0.4871794871794871,0.4260712420965785,Similarity-dominated
Spectral gap,SICK-R,e5_base_v2,11,0.250468934171872,-0.1978021978021978,-0.2307692307692307,0.4778578701145338,Similarity-dominated
Spectral gap,SICK-R,e5_base_v2,22,0.250468934171872,-0.1978021978021978,-0.2307692307692307,0.4778578701145338,Similarity-dominated
Spectral gap,SICK-R,e5_base_v2,33,0.250468934171872,-0.1978021978021978,-0.2307692307692307,0.4778578701145338,Similarity-dominated
Spectral gap,SICK-R,e5_base_v2,44,0.250468934171872,-0.1978021978021978,-0.2307692307692307,0.4778578701145338,Similarity-dominated
Anisotropy,SICK-R,e5_large_v2,11,0.4398358273521673,0.0738461538461538,0.0599999999999999,0.5637197822685577,Similarity-dominated
Anisotropy,SICK-R,e5_large_v2,22,0.4398358273521673,0.0738461538461538,0.0599999999999999,0.5637197822685577,Similarity-dominated
Anisotropy,SICK-R,e5_large_v2,33,0.4398358273521673,0.0738461538461538,0.0599999999999999,0.5637197822685577,Similarity-dominated
Anisotropy,SICK-R,e5_large_v2,44,0.4398358273521673,0.0738461538461538,0.0599999999999999,0.5637197822685577,Similarity-dominated
Curvature,SICK-R,e5_large_v2,11,0.2383944257695212,-0.2653846153846154,-0.2399999999999999,0.5832401708231835,Similarity-dominated
Curvature,SICK-R,e5_large_v2,22,0.2383944257695212,-0.2653846153846154,-0.2399999999999999,0.5832401708231835,Similarity-dominated
Curvature,SICK-R,e5_large_v2,33,0.2383944257695212,-0.2653846153846154,-0.2399999999999999,0.5832401708231835,Similarity-dominated
Curvature,SICK-R,e5_large_v2,44,0.2383944257695212,-0.2653846153846154,-0.2399999999999999,0.5832401708231835,Similarity-dominated
DiME,SICK-R,e5_large_v2,11,0.3563310994255398,0.0507692307692307,0.0666666666666666,0.5564667166530473,Similarity-dominated
DiME,SICK-R,e5_large_v2,22,0.3563310994255398,0.0507692307692307,0.0666666666666666,0.5564667166530473,Similarity-dominated
DiME,SICK-R,e5_large_v2,33,0.3563310994255398,0.0507692307692307,0.0666666666666666,0.5564667166530473,Similarity-dominated
DiME,SICK-R,e5_large_v2,44,0.3563310994255398,0.0507692307692307,0.0666666666666666,0.5564667166530473,Similarity-dominated
Harmora,SICK-R,e5_large_v2,11,0.8967985401733151,0.7207692307692307,0.5533333333333332,0.8662987913749591,Similarity-dominated
Harmora,SICK-R,e5_large_v2,22,0.8967985401733151,0.7207692307692307,0.5533333333333332,0.8662987913749591,Similarity-dominated
Harmora,SICK-R,e5_large_v2,33,0.8967985401733151,0.7207692307692307,0.5533333333333332,0.8662987913749591,Similarity-dominated
Harmora,SICK-R,e5_large_v2,44,0.8967985401733151,0.7207692307692307,0.5533333333333332,0.8662987913749591,Similarity-dominated
InfoNCE,SICK-R,e5_large_v2,11,0.4127179143719285,0.0476923076923076,0.0399999999999999,0.5527456325200016,Similarity-dominated
InfoNCE,SICK-R,e5_large_v2,22,0.4127179143719285,0.0476923076923076,0.0399999999999999,0.5527456325200016,Similarity-dominated
InfoNCE,SICK-R,e5_large_v2,33,0.4127179143719285,0.0476923076923076,0.0399999999999999,0.5527456325200016,Similarity-dominated
InfoNCE,SICK-R,e5_large_v2,44,0.4127179143719285,0.0476923076923076,0.0399999999999999,0.5527456325200016,Similarity-dominated
LiDAR,SICK-R,e5_large_v2,11,-0.3394546967507028,-0.4861538461538461,-0.3399999999999999,0.6292155349425761,Similarity-dominated
LiDAR,SICK-R,e5_large_v2,22,-0.3394546967507028,-0.4861538461538461,-0.3399999999999999,0.6292155349425761,Similarity-dominated
LiDAR,SICK-R,e5_large_v2,33,-0.3394546967507028,-0.4861538461538461,-0.3399999999999999,0.6292155349425761,Similarity-dominated
LiDAR,SICK-R,e5_large_v2,44,-0.3394546967507028,-0.4861538461538461,-0.3399999999999999,0.6292155349425761,Similarity-dominated
Matrix entropy,SICK-R,e5_large_v2,11,0.3867498968865019,0.0007692307692307,0.0,0.5403387800986249,Similarity-dominated
Matrix entropy,SICK-R,e5_large_v2,22,0.3867498968865019,0.0007692307692307,0.0,0.5403387800986249,Similarity-dominated
Matrix entropy,SICK-R,e5_large_v2,33,0.3867498968865019,0.0007692307692307,0.0,0.5403387800986249,Similarity-dominated
Matrix entropy,SICK-R,e5_large_v2,44,0.3867498968865019,0.0007692307692307,0.0,0.5403387800986249,Similarity-dominated
Participation ratio,SICK-R,e5_large_v2,11,-0.3387593515230021,-0.4792307692307692,-0.3399999999999999,0.577545375379231,Similarity-dominated
Participation ratio,SICK-R,e5_large_v2,22,-0.3387593515230021,-0.4792307692307692,-0.3399999999999999,0.577545375379231,Similarity-dominated
Participation ratio,SICK-R,e5_large_v2,33,-0.3387593515230021,-0.4792307692307692,-0.3399999999999999,0.577545375379231,Similarity-dominated
Participation ratio,SICK-R,e5_large_v2,44,-0.3387593515230021,-0.4792307692307692,-0.3399999999999999,0.577545375379231,Similarity-dominated
Spectral gap,SICK-R,e5_large_v2,11,-0.0786966459082395,-0.3938461538461538,-0.2799999999999999,0.4300796499378713,Similarity-dominated
Spectral gap,SICK-R,e5_large_v2,22,-0.0786966459082395,-0.3938461538461538,-0.2799999999999999,0.4300796499378713,Similarity-dominated
Spectral gap,SICK-R,e5_large_v2,33,-0.0786966459082395,-0.3938461538461538,-0.2799999999999999,0.4300796499378713,Similarity-dominated
Spectral gap,SICK-R,e5_large_v2,44,-0.0786966459082395,-0.3938461538461538,-0.2799999999999999,0.4300796499378713,Similarity-dominated
Anisotropy,SICK-R,minilm_l6,11,0.7472466758946414,0.3214285714285715,0.2380952380952381,0.7623476272259951,Similarity-dominated
Anisotropy,SICK-R,minilm_l6,22,0.7472466758946414,0.3214285714285715,0.2380952380952381,0.7623476272259951,Similarity-dominated
Anisotropy,SICK-R,minilm_l6,33,0.7472466758946414,0.3214285714285715,0.2380952380952381,0.7623476272259951,Similarity-dominated
Anisotropy,SICK-R,minilm_l6,44,0.7472466758946414,0.3214285714285715,0.2380952380952381,0.7623476272259951,Similarity-dominated
Curvature,SICK-R,minilm_l6,11,0.6632641649613763,0.0714285714285714,0.0476190476190476,0.6864321772484676,Similarity-dominated
Curvature,SICK-R,minilm_l6,22,0.6632641649613763,0.0714285714285714,0.0476190476190476,0.6864321772484676,Similarity-dominated
Curvature,SICK-R,minilm_l6,33,0.6632641649613763,0.0714285714285714,0.0476190476190476,0.6864321772484676,Similarity-dominated
Curvature,SICK-R,minilm_l6,44,0.6632641649613763,0.0714285714285714,0.0476190476190476,0.6864321772484676,Similarity-dominated
DiME,SICK-R,minilm_l6,11,-0.8366838819402099,-0.5714285714285715,-0.4285714285714286,0.8189536119457599,Similarity-dominated
DiME,SICK-R,minilm_l6,22,-0.8366838819402099,-0.5714285714285715,-0.4285714285714286,0.8189536119457599,Similarity-dominated
DiME,SICK-R,minilm_l6,33,-0.8366838819402099,-0.5714285714285715,-0.4285714285714286,0.8189536119457599,Similarity-dominated
DiME,SICK-R,minilm_l6,44,-0.8366838819402099,-0.5714285714285715,-0.4285714285714286,0.8189536119457599,Similarity-dominated
Harmora,SICK-R,minilm_l6,11,0.6512659236449196,0.8214285714285715,0.7142857142857143,0.6652926771303761,Similarity-dominated
Harmora,SICK-R,minilm_l6,22,0.6512659236449196,0.8214285714285715,0.7142857142857143,0.6652926771303761,Similarity-dominated
Harmora,SICK-R,minilm_l6,33,0.6512659236449196,0.8214285714285715,0.7142857142857143,0.6652926771303761,Similarity-dominated
Harmora,SICK-R,minilm_l6,44,0.6512659236449196,0.8214285714285715,0.7142857142857143,0.6652926771303761,Similarity-dominated
InfoNCE,SICK-R,minilm_l6,11,0.6729630871531569,0.2142857142857143,0.1428571428571428,0.6997426806407318,Similarity-dominated
InfoNCE,SICK-R,minilm_l6,22,0.6729630871531569,0.2142857142857143,0.1428571428571428,0.6997426806407318,Similarity-dominated
InfoNCE,SICK-R,minilm_l6,33,0.6729630871531569,0.2142857142857143,0.1428571428571428,0.6997426806407318,Similarity-dominated
InfoNCE,SICK-R,minilm_l6,44,0.6729630871531569,0.2142857142857143,0.1428571428571428,0.6997426806407318,Similarity-dominated
LiDAR,SICK-R,minilm_l6,11,0.1327684454537183,-0.2142857142857143,-0.1428571428571428,0.4154107625438567,Similarity-dominated
LiDAR,SICK-R,minilm_l6,22,0.1327684454537183,-0.2142857142857143,-0.1428571428571428,0.4154107625438567,Similarity-dominated
LiDAR,SICK-R,minilm_l6,33,0.1327684454537183,-0.2142857142857143,-0.1428571428571428,0.4154107625438567,Similarity-dominated
LiDAR,SICK-R,minilm_l6,44,0.1327684454537183,-0.2142857142857143,-0.1428571428571428,0.4154107625438567,Similarity-dominated
Matrix entropy,SICK-R,minilm_l6,11,0.6934529628275903,0.2142857142857143,0.1428571428571428,0.7151748695411664,Similarity-dominated
Matrix entropy,SICK-R,minilm_l6,22,0.6934529628275903,0.2142857142857143,0.1428571428571428,0.7151748695411664,Similarity-dominated
Matrix entropy,SICK-R,minilm_l6,33,0.6934529628275903,0.2142857142857143,0.1428571428571428,0.7151748695411664,Similarity-dominated
Matrix entropy,SICK-R,minilm_l6,44,0.6934529628275903,0.2142857142857143,0.1428571428571428,0.7151748695411664,Similarity-dominated
Participation ratio,SICK-R,minilm_l6,11,0.4928272100177985,0.0714285714285714,0.0476190476190476,0.5619788183392251,Similarity-dominated
Participation ratio,SICK-R,minilm_l6,22,0.4928272100177985,0.0714285714285714,0.0476190476190476,0.5619788183392251,Similarity-dominated
Participation ratio,SICK-R,minilm_l6,33,0.4928272100177985,0.0714285714285714,0.0476190476190476,0.5619788183392251,Similarity-dominated
Participation ratio,SICK-R,minilm_l6,44,0.4928272100177985,0.0714285714285714,0.0476190476190476,0.5619788183392251,Similarity-dominated
Spectral gap,SICK-R,minilm_l6,11,0.7650040706827428,0.1428571428571428,0.0476190476190476,0.7849214625338274,Similarity-dominated
Spectral gap,SICK-R,minilm_l6,22,0.7650040706827428,0.1428571428571428,0.0476190476190476,0.7849214625338274,Similarity-dominated
Spectral gap,SICK-R,minilm_l6,33,0.7650040706827428,0.1428571428571428,0.0476190476190476,0.7849214625338274,Similarity-dominated
Spectral gap,SICK-R,minilm_l6,44,0.7650040706827428,0.1428571428571428,0.0476190476190476,0.7849214625338274,Similarity-dominated
Anisotropy,SICK-R,mpnet_base,11,0.5311381702808489,0.0604395604395604,0.0,0.6887933381971534,Similarity-dominated
Anisotropy,SICK-R,mpnet_base,22,0.5311381702808489,0.0604395604395604,0.0,0.6887933381971534,Similarity-dominated
Anisotropy,SICK-R,mpnet_base,33,0.5311381702808489,0.0604395604395604,0.0,0.6887933381971534,Similarity-dominated
Anisotropy,SICK-R,mpnet_base,44,0.5311381702808489,0.0604395604395604,0.0,0.6887933381971534,Similarity-dominated
Curvature,SICK-R,mpnet_base,11,0.6851997128206357,0.2967032967032967,0.1538461538461538,0.774566680804488,Similarity-dominated
Curvature,SICK-R,mpnet_base,22,0.6851997128206357,0.2967032967032967,0.1538461538461538,0.774566680804488,Similarity-dominated
Curvature,SICK-R,mpnet_base,33,0.6851997128206357,0.2967032967032967,0.1538461538461538,0.774566680804488,Similarity-dominated
Curvature,SICK-R,mpnet_base,44,0.6851997128206357,0.2967032967032967,0.1538461538461538,0.774566680804488,Similarity-dominated
DiME,SICK-R,mpnet_base,11,-0.2065267588240814,-0.0714285714285714,-0.0769230769230769,0.489494411350322,Similarity-dominated
DiME,SICK-R,mpnet_base,22,-0.2065267588240814,-0.0714285714285714,-0.0769230769230769,0.489494411350322,Similarity-dominated
DiME,SICK-R,mpnet_base,33,-0.2065267588240814,-0.0714285714285714,-0.0769230769230769,0.489494411350322,Similarity-dominated
DiME,SICK-R,mpnet_base,44,-0.2065267588240814,-0.0714285714285714,-0.0769230769230769,0.489494411350322,Similarity-dominated
Harmora,SICK-R,mpnet_base,11,0.7310479327156915,0.8021978021978022,0.7179487179487178,0.7914590754011158,Similarity-dominated
Harmora,SICK-R,mpnet_base,22,0.7310479327156915,0.8021978021978022,0.7179487179487178,0.7914590754011158,Similarity-dominated
Harmora,SICK-R,mpnet_base,33,0.7310479327156915,0.8021978021978022,0.7179487179487178,0.7914590754011158,Similarity-dominated
Harmora,SICK-R,mpnet_base,44,0.7310479327156915,0.8021978021978022,0.7179487179487178,0.7914590754011158,Similarity-dominated
InfoNCE,SICK-R,mpnet_base,11,0.3569853604505906,0.0329670329670329,-0.0512820512820512,0.6324392049355739,Similarity-dominated
InfoNCE,SICK-R,mpnet_base,22,0.3569853604505906,0.0329670329670329,-0.0512820512820512,0.6324392049355739,Similarity-dominated
InfoNCE,SICK-R,mpnet_base,33,0.3569853604505906,0.0329670329670329,-0.0512820512820512,0.6324392049355739,Similarity-dominated
InfoNCE,SICK-R,mpnet_base,44,0.3569853604505906,0.0329670329670329,-0.0512820512820512,0.6324392049355739,Similarity-dominated
LiDAR,SICK-R,mpnet_base,11,-0.0382808684412149,-0.2857142857142857,-0.282051282051282,0.5932631521613142,Similarity-dominated
LiDAR,SICK-R,mpnet_base,22,-0.0382808684412149,-0.2857142857142857,-0.282051282051282,0.5932631521613142,Similarity-dominated
LiDAR,SICK-R,mpnet_base,33,-0.0382808684412149,-0.2857142857142857,-0.282051282051282,0.5932631521613142,Similarity-dominated
LiDAR,SICK-R,mpnet_base,44,-0.0382808684412149,-0.2857142857142857,-0.282051282051282,0.5932631521613142,Similarity-dominated
Matrix entropy,SICK-R,mpnet_base,11,0.4502412382302745,0.0604395604395604,0.0,0.6607683501885209,Similarity-dominated
Matrix entropy,SICK-R,mpnet_base,22,0.4502412382302745,0.0604395604395604,0.0,0.6607683501885209,Similarity-dominated
Matrix entropy,SICK-R,mpnet_base,33,0.4502412382302745,0.0604395604395604,0.0,0.6607683501885209,Similarity-dominated
Matrix entropy,SICK-R,mpnet_base,44,0.4502412382302745,0.0604395604395604,0.0,0.6607683501885209,Similarity-dominated
Participation ratio,SICK-R,mpnet_base,11,-0.1366108652490031,-0.3681318681318681,-0.3589743589743589,0.5606938950157582,Similarity-dominated
Participation ratio,SICK-R,mpnet_base,22,-0.1366108652490031,-0.3681318681318681,-0.3589743589743589,0.5606938950157582,Similarity-dominated
Participation ratio,SICK-R,mpnet_base,33,-0.1366108652490031,-0.3681318681318681,-0.3589743589743589,0.5606938950157582,Similarity-dominated
Participation ratio,SICK-R,mpnet_base,44,-0.1366108652490031,-0.3681318681318681,-0.3589743589743589,0.5606938950157582,Similarity-dominated
Spectral gap,SICK-R,mpnet_base,11,0.1974191982989069,-0.0769230769230769,-0.1538461538461538,0.6104048933862068,Similarity-dominated
Spectral gap,SICK-R,mpnet_base,22,0.1974191982989069,-0.0769230769230769,-0.1538461538461538,0.6104048933862068,Similarity-dominated
Spectral gap,SICK-R,mpnet_base,33,0.1974191982989069,-0.0769230769230769,-0.1538461538461538,0.6104048933862068,Similarity-dominated
Spectral gap,SICK-R,mpnet_base,44,0.1974191982989069,-0.0769230769230769,-0.1538461538461538,0.6104048933862068,Similarity-dominated
Anisotropy,SICK-R,snowflake_arctic_embed_m,11,0.9196406134685216,0.8041958041958043,0.6363636363636362,0.908441828086129,Similarity-dominated
Anisotropy,SICK-R,snowflake_arctic_embed_m,22,0.9196406134685216,0.8041958041958043,0.6363636363636362,0.908441828086129,Similarity-dominated
Anisotropy,SICK-R,snowflake_arctic_embed_m,33,0.9196406134685216,0.8041958041958043,0.6363636363636362,0.908441828086129,Similarity-dominated
Anisotropy,SICK-R,snowflake_arctic_embed_m,44,0.9196406134685216,0.8041958041958043,0.6363636363636362,0.908441828086129,Similarity-dominated
Curvature,SICK-R,snowflake_arctic_embed_m,11,0.7471828590887893,0.4615384615384615,0.303030303030303,0.7729060204236577,Similarity-dominated
Curvature,SICK-R,snowflake_arctic_embed_m,22,0.7471828590887893,0.4615384615384615,0.303030303030303,0.7729060204236577,Similarity-dominated
Curvature,SICK-R,snowflake_arctic_embed_m,33,0.7471828590887893,0.4615384615384615,0.303030303030303,0.7729060204236577,Similarity-dominated
Curvature,SICK-R,snowflake_arctic_embed_m,44,0.7471828590887893,0.4615384615384615,0.303030303030303,0.7729060204236577,Similarity-dominated
DiME,SICK-R,snowflake_arctic_embed_m,11,0.7745410741792428,0.6433566433566434,0.4545454545454545,0.7798024922905841,Similarity-dominated
DiME,SICK-R,snowflake_arctic_embed_m,22,0.7745410741792428,0.6433566433566434,0.4545454545454545,0.7798024922905841,Similarity-dominated
DiME,SICK-R,snowflake_arctic_embed_m,33,0.7745410741792428,0.6433566433566434,0.4545454545454545,0.7798024922905841,Similarity-dominated
DiME,SICK-R,snowflake_arctic_embed_m,44,0.7745410741792428,0.6433566433566434,0.4545454545454545,0.7798024922905841,Similarity-dominated
Harmora,SICK-R,snowflake_arctic_embed_m,11,0.5527078702975673,0.6713286713286714,0.4545454545454545,0.5494276001773961,Similarity-dominated
Harmora,SICK-R,snowflake_arctic_embed_m,22,0.5527078702975673,0.6713286713286714,0.4545454545454545,0.5494276001773961,Similarity-dominated
Harmora,SICK-R,snowflake_arctic_embed_m,33,0.5527078702975673,0.6713286713286714,0.4545454545454545,0.5494276001773961,Similarity-dominated
Harmora,SICK-R,snowflake_arctic_embed_m,44,0.5527078702975673,0.6713286713286714,0.4545454545454545,0.5494276001773961,Similarity-dominated
InfoNCE,SICK-R,snowflake_arctic_embed_m,11,0.9204613695425424,0.8041958041958043,0.6363636363636362,0.909950289919172,Similarity-dominated
InfoNCE,SICK-R,snowflake_arctic_embed_m,22,0.9204613695425424,0.8041958041958043,0.6363636363636362,0.909950289919172,Similarity-dominated
InfoNCE,SICK-R,snowflake_arctic_embed_m,33,0.9204613695425424,0.8041958041958043,0.6363636363636362,0.909950289919172,Similarity-dominated
InfoNCE,SICK-R,snowflake_arctic_embed_m,44,0.9204613695425424,0.8041958041958043,0.6363636363636362,0.909950289919172,Similarity-dominated
LiDAR,SICK-R,snowflake_arctic_embed_m,11,0.4841891949896041,0.8041958041958043,0.6363636363636362,0.5388000107448379,Similarity-dominated
LiDAR,SICK-R,snowflake_arctic_embed_m,22,0.4841891949896041,0.8041958041958043,0.6363636363636362,0.5388000107448379,Similarity-dominated
LiDAR,SICK-R,snowflake_arctic_embed_m,33,0.4841891949896041,0.8041958041958043,0.6363636363636362,0.5388000107448379,Similarity-dominated
LiDAR,SICK-R,snowflake_arctic_embed_m,44,0.4841891949896041,0.8041958041958043,0.6363636363636362,0.5388000107448379,Similarity-dominated
Matrix entropy,SICK-R,snowflake_arctic_embed_m,11,0.8690799328585621,0.8041958041958043,0.6363636363636362,0.8575803659847815,Similarity-dominated
Matrix entropy,SICK-R,snowflake_arctic_embed_m,22,0.8690799328585621,0.8041958041958043,0.6363636363636362,0.8575803659847815,Similarity-dominated
Matrix entropy,SICK-R,snowflake_arctic_embed_m,33,0.8690799328585621,0.8041958041958043,0.6363636363636362,0.8575803659847815,Similarity-dominated
Matrix entropy,SICK-R,snowflake_arctic_embed_m,44,0.8690799328585621,0.8041958041958043,0.6363636363636362,0.8575803659847815,Similarity-dominated
Participation ratio,SICK-R,snowflake_arctic_embed_m,11,0.9426296216605784,0.3216783216783217,0.1212121212121212,0.9678638614365844,Similarity-dominated
Participation ratio,SICK-R,snowflake_arctic_embed_m,22,0.9426296216605784,0.3216783216783217,0.1212121212121212,0.9678638614365844,Similarity-dominated
Participation ratio,SICK-R,snowflake_arctic_embed_m,33,0.9426296216605784,0.3216783216783217,0.1212121212121212,0.9678638614365844,Similarity-dominated
Participation ratio,SICK-R,snowflake_arctic_embed_m,44,0.9426296216605784,0.3216783216783217,0.1212121212121212,0.9678638614365844,Similarity-dominated
Spectral gap,SICK-R,snowflake_arctic_embed_m,11,0.8664597139033464,0.3216783216783217,0.1212121212121212,0.9213051826181984,Similarity-dominated
Spectral gap,SICK-R,snowflake_arctic_embed_m,22,0.8664597139033464,0.3216783216783217,0.1212121212121212,0.9213051826181984,Similarity-dominated
Spectral gap,SICK-R,snowflake_arctic_embed_m,33,0.8664597139033464,0.3216783216783217,0.1212121212121212,0.9213051826181984,Similarity-dominated
Spectral gap,SICK-R,snowflake_arctic_embed_m,44,0.8664597139033464,0.3216783216783217,0.1212121212121212,0.9213051826181984,Similarity-dominated
Anisotropy,STS15,bge_base_en_v15,11,0.756977750582612,0.4895104895104896,0.3636363636363636,0.8141688789397137,Similarity-dominated
Anisotropy,STS15,bge_base_en_v15,22,0.756977750582612,0.4895104895104896,0.3636363636363636,0.8141688789397137,Similarity-dominated
Anisotropy,STS15,bge_base_en_v15,33,0.756977750582612,0.4895104895104896,0.3636363636363636,0.8141688789397137,Similarity-dominated
Anisotropy,STS15,bge_base_en_v15,44,0.756977750582612,0.4895104895104896,0.3636363636363636,0.8141688789397137,Similarity-dominated
Curvature,STS15,bge_base_en_v15,11,0.3934075238503388,0.4265734265734266,0.3333333333333333,0.6022029966940564,Similarity-dominated
Curvature,STS15,bge_base_en_v15,22,0.3934075238503388,0.4265734265734266,0.3333333333333333,0.6022029966940564,Similarity-dominated
Curvature,STS15,bge_base_en_v15,33,0.3934075238503388,0.4265734265734266,0.3333333333333333,0.6022029966940564,Similarity-dominated
Curvature,STS15,bge_base_en_v15,44,0.3934075238503388,0.4265734265734266,0.3333333333333333,0.6022029966940564,Similarity-dominated
DiME,STS15,bge_base_en_v15,11,0.7501509778875677,0.4335664335664336,0.2121212121212121,0.807754819322469,Similarity-dominated
DiME,STS15,bge_base_en_v15,22,0.7501509778875677,0.4335664335664336,0.2121212121212121,0.807754819322469,Similarity-dominated
DiME,STS15,bge_base_en_v15,33,0.7501509778875677,0.4335664335664336,0.2121212121212121,0.807754819322469,Similarity-dominated
DiME,STS15,bge_base_en_v15,44,0.7501509778875677,0.4335664335664336,0.2121212121212121,0.807754819322469,Similarity-dominated
Harmora,STS15,bge_base_en_v15,11,0.3775153591913354,0.3146853146853147,0.2121212121212121,0.4654507772856535,Similarity-dominated
Harmora,STS15,bge_base_en_v15,22,0.3775153591913354,0.3146853146853147,0.2121212121212121,0.4654507772856535,Similarity-dominated
Harmora,STS15,bge_base_en_v15,33,0.3775153591913354,0.3146853146853147,0.2121212121212121,0.4654507772856535,Similarity-dominated
Harmora,STS15,bge_base_en_v15,44,0.3775153591913354,0.3146853146853147,0.2121212121212121,0.4654507772856535,Similarity-dominated
InfoNCE,STS15,bge_base_en_v15,11,0.7619701054806728,0.4895104895104896,0.3636363636363636,0.8189346978049314,Similarity-dominated
InfoNCE,STS15,bge_base_en_v15,22,0.7619701054806728,0.4895104895104896,0.3636363636363636,0.8189346978049314,Similarity-dominated
InfoNCE,STS15,bge_base_en_v15,33,0.7619701054806728,0.4895104895104896,0.3636363636363636,0.8189346978049314,Similarity-dominated
InfoNCE,STS15,bge_base_en_v15,44,0.7619701054806728,0.4895104895104896,0.3636363636363636,0.8189346978049314,Similarity-dominated
LiDAR,STS15,bge_base_en_v15,11,0.5713927156521641,0.5594405594405596,0.4848484848484848,0.5961381783913583,Similarity-dominated
LiDAR,STS15,bge_base_en_v15,22,0.5713927156521641,0.5594405594405596,0.4848484848484848,0.5961381783913583,Similarity-dominated
LiDAR,STS15,bge_base_en_v15,33,0.5713927156521641,0.5594405594405596,0.4848484848484848,0.5961381783913583,Similarity-dominated
LiDAR,STS15,bge_base_en_v15,44,0.5713927156521641,0.5594405594405596,0.4848484848484848,0.5961381783913583,Similarity-dominated
Matrix entropy,STS15,bge_base_en_v15,11,0.7082118054208651,0.4475524475524475,0.3333333333333333,0.7690929747196048,Similarity-dominated
Matrix entropy,STS15,bge_base_en_v15,22,0.7082118054208651,0.4475524475524475,0.3333333333333333,0.7690929747196048,Similarity-dominated
Matrix entropy,STS15,bge_base_en_v15,33,0.7082118054208651,0.4475524475524475,0.3333333333333333,0.7690929747196048,Similarity-dominated
Matrix entropy,STS15,bge_base_en_v15,44,0.7082118054208651,0.4475524475524475,0.3333333333333333,0.7690929747196048,Similarity-dominated
Participation ratio,STS15,bge_base_en_v15,11,0.787227355819657,0.7412587412587414,0.5151515151515151,0.8141867747647912,Similarity-dominated
Participation ratio,STS15,bge_base_en_v15,22,0.787227355819657,0.7412587412587414,0.5151515151515151,0.8141867747647912,Similarity-dominated
Participation ratio,STS15,bge_base_en_v15,33,0.787227355819657,0.7412587412587414,0.5151515151515151,0.8141867747647912,Similarity-dominated
Participation ratio,STS15,bge_base_en_v15,44,0.787227355819657,0.7412587412587414,0.5151515151515151,0.8141867747647912,Similarity-dominated
Spectral gap,STS15,bge_base_en_v15,11,0.753290543903415,0.7762237762237763,0.5757575757575757,0.7955862145690465,Similarity-dominated
Spectral gap,STS15,bge_base_en_v15,22,0.753290543903415,0.7762237762237763,0.5757575757575757,0.7955862145690465,Similarity-dominated
Spectral gap,STS15,bge_base_en_v15,33,0.753290543903415,0.7762237762237763,0.5757575757575757,0.7955862145690465,Similarity-dominated
Spectral gap,STS15,bge_base_en_v15,44,0.753290543903415,0.7762237762237763,0.5757575757575757,0.7955862145690465,Similarity-dominated
Anisotropy,STS15,bge_large_en_v15,11,0.2289509442257249,0.048695652173913,0.0289855072463768,0.5610889797314528,Similarity-dominated
Anisotropy,STS15,bge_large_en_v15,22,0.2289509442257249,0.048695652173913,0.0289855072463768,0.5610889797314528,Similarity-dominated
Anisotropy,STS15,bge_large_en_v15,33,0.2289509442257249,0.048695652173913,0.0289855072463768,0.5610889797314528,Similarity-dominated
Anisotropy,STS15,bge_large_en_v15,44,0.2289509442257249,0.048695652173913,0.0289855072463768,0.5610889797314528,Similarity-dominated
Curvature,STS15,bge_large_en_v15,11,0.014144657912549,-0.0121739130434782,0.0072463768115942,0.2843746315783493,Similarity-dominated
Curvature,STS15,bge_large_en_v15,22,0.014144657912549,-0.0121739130434782,0.0072463768115942,0.2843746315783493,Similarity-dominated
Curvature,STS15,bge_large_en_v15,33,0.014144657912549,-0.0121739130434782,0.0072463768115942,0.2843746315783493,Similarity-dominated
Curvature,STS15,bge_large_en_v15,44,0.014144657912549,-0.0121739130434782,0.0072463768115942,0.2843746315783493,Similarity-dominated
DiME,STS15,bge_large_en_v15,11,-0.0139492041592872,-0.0565217391304347,-0.0434782608695652,0.4888190886591272,Similarity-dominated
DiME,STS15,bge_large_en_v15,22,-0.0139492041592872,-0.0565217391304347,-0.0434782608695652,0.4888190886591272,Similarity-dominated
DiME,STS15,bge_large_en_v15,33,-0.0139492041592872,-0.0565217391304347,-0.0434782608695652,0.4888190886591272,Similarity-dominated
DiME,STS15,bge_large_en_v15,44,-0.0139492041592872,-0.0565217391304347,-0.0434782608695652,0.4888190886591272,Similarity-dominated
Harmora,STS15,bge_large_en_v15,11,-0.1767329876207568,-0.0895652173913043,-0.0942028985507246,0.4841790316385359,Similarity-dominated
Harmora,STS15,bge_large_en_v15,22,-0.1767329876207568,-0.0895652173913043,-0.0942028985507246,0.4841790316385359,Similarity-dominated
Harmora,STS15,bge_large_en_v15,33,-0.1767329876207568,-0.0895652173913043,-0.0942028985507246,0.4841790316385359,Similarity-dominated
Harmora,STS15,bge_large_en_v15,44,-0.1767329876207568,-0.0895652173913043,-0.0942028985507246,0.4841790316385359,Similarity-dominated
InfoNCE,STS15,bge_large_en_v15,11,0.2710709323746538,0.0530434782608695,0.036231884057971,0.5906726434072258,Similarity-dominated
InfoNCE,STS15,bge_large_en_v15,22,0.2710709323746538,0.0530434782608695,0.036231884057971,0.5906726434072258,Similarity-dominated
InfoNCE,STS15,bge_large_en_v15,33,0.2710709323746538,0.0530434782608695,0.036231884057971,0.5906726434072258,Similarity-dominated
InfoNCE,STS15,bge_large_en_v15,44,0.2710709323746538,0.0530434782608695,0.036231884057971,0.5906726434072258,Similarity-dominated
LiDAR,STS15,bge_large_en_v15,11,0.3032631355451176,0.2608695652173912,0.2246376811594203,0.4966804414410717,Similarity-dominated
LiDAR,STS15,bge_large_en_v15,22,0.3032631355451176,0.2608695652173912,0.2246376811594203,0.4966804414410717,Similarity-dominated
LiDAR,STS15,bge_large_en_v15,33,0.3032631355451176,0.2608695652173912,0.2246376811594203,0.4966804414410717,Similarity-dominated
LiDAR,STS15,bge_large_en_v15,44,0.3032631355451176,0.2608695652173912,0.2246376811594203,0.4966804414410717,Similarity-dominated
Matrix entropy,STS15,bge_large_en_v15,11,0.2797160074147241,0.0565217391304347,0.0434782608695652,0.5929966149428016,Similarity-dominated
Matrix entropy,STS15,bge_large_en_v15,22,0.2797160074147241,0.0565217391304347,0.0434782608695652,0.5929966149428016,Similarity-dominated
Matrix entropy,STS15,bge_large_en_v15,33,0.2797160074147241,0.0565217391304347,0.0434782608695652,0.5929966149428016,Similarity-dominated
Matrix entropy,STS15,bge_large_en_v15,44,0.2797160074147241,0.0565217391304347,0.0434782608695652,0.5929966149428016,Similarity-dominated
Participation ratio,STS15,bge_large_en_v15,11,0.8065872817344341,0.8286956521739129,0.6449275362318841,0.8106466840198521,Similarity-dominated
Participation ratio,STS15,bge_large_en_v15,22,0.8065872817344341,0.8286956521739129,0.6449275362318841,0.8106466840198521,Similarity-dominated
Participation ratio,STS15,bge_large_en_v15,33,0.8065872817344341,0.8286956521739129,0.6449275362318841,0.8106466840198521,Similarity-dominated
Participation ratio,STS15,bge_large_en_v15,44,0.8065872817344341,0.8286956521739129,0.6449275362318841,0.8106466840198521,Similarity-dominated
Spectral gap,STS15,bge_large_en_v15,11,0.7912727907418714,0.7669565217391304,0.5652173913043478,0.799317564444739,Similarity-dominated
Spectral gap,STS15,bge_large_en_v15,22,0.7912727907418714,0.7669565217391304,0.5652173913043478,0.799317564444739,Similarity-dominated
Spectral gap,STS15,bge_large_en_v15,33,0.7912727907418714,0.7669565217391304,0.5652173913043478,0.799317564444739,Similarity-dominated
Spectral gap,STS15,bge_large_en_v15,44,0.7912727907418714,0.7669565217391304,0.5652173913043478,0.799317564444739,Similarity-dominated
Anisotropy,STS15,e5_base_v2,11,-0.1852185397199706,-0.1758241758241758,-0.1282051282051281,0.4956902155369461,Similarity-dominated
Anisotropy,STS15,e5_base_v2,22,-0.1852185397199706,-0.1758241758241758,-0.1282051282051281,0.4956902155369461,Similarity-dominated
Anisotropy,STS15,e5_base_v2,33,-0.1852185397199706,-0.1758241758241758,-0.1282051282051281,0.4956902155369461,Similarity-dominated
Anisotropy,STS15,e5_base_v2,44,-0.1852185397199706,-0.1758241758241758,-0.1282051282051281,0.4956902155369461,Similarity-dominated
Curvature,STS15,e5_base_v2,11,0.7058208533331686,0.6153846153846153,0.4615384615384614,0.7346294041432821,Similarity-dominated
Curvature,STS15,e5_base_v2,22,0.7058208533331686,0.6153846153846153,0.4615384615384614,0.7346294041432821,Similarity-dominated
Curvature,STS15,e5_base_v2,33,0.7058208533331686,0.6153846153846153,0.4615384615384614,0.7346294041432821,Similarity-dominated
Curvature,STS15,e5_base_v2,44,0.7058208533331686,0.6153846153846153,0.4615384615384614,0.7346294041432821,Similarity-dominated
DiME,STS15,e5_base_v2,11,-0.5464080031721218,-0.2472527472527472,-0.1538461538461538,0.5479023633882766,Similarity-dominated
DiME,STS15,e5_base_v2,22,-0.5464080031721218,-0.2472527472527472,-0.1538461538461538,0.5479023633882766,Similarity-dominated
DiME,STS15,e5_base_v2,33,-0.5464080031721218,-0.2472527472527472,-0.1538461538461538,0.5479023633882766,Similarity-dominated
DiME,STS15,e5_base_v2,44,-0.5464080031721218,-0.2472527472527472,-0.1538461538461538,0.5479023633882766,Similarity-dominated
Harmora,STS15,e5_base_v2,11,0.7984519060469706,0.6043956043956044,0.4615384615384614,0.7709736815490392,Similarity-dominated
Harmora,STS15,e5_base_v2,22,0.7984519060469706,0.6043956043956044,0.4615384615384614,0.7709736815490392,Similarity-dominated
Harmora,STS15,e5_base_v2,33,0.7984519060469706,0.6043956043956044,0.4615384615384614,0.7709736815490392,Similarity-dominated
Harmora,STS15,e5_base_v2,44,0.7984519060469706,0.6043956043956044,0.4615384615384614,0.7709736815490392,Similarity-dominated
InfoNCE,STS15,e5_base_v2,11,-0.1788346846727432,-0.2087912087912088,-0.1538461538461538,0.4778176604142528,Similarity-dominated
InfoNCE,STS15,e5_base_v2,22,-0.1788346846727432,-0.2087912087912088,-0.1538461538461538,0.4778176604142528,Similarity-dominated
InfoNCE,STS15,e5_base_v2,33,-0.1788346846727432,-0.2087912087912088,-0.1538461538461538,0.4778176604142528,Similarity-dominated
InfoNCE,STS15,e5_base_v2,44,-0.1788346846727432,-0.2087912087912088,-0.1538461538461538,0.4778176604142528,Similarity-dominated
LiDAR,STS15,e5_base_v2,11,-0.3471124810495696,-0.4835164835164835,-0.3589743589743589,0.4349693902056044,Similarity-dominated
LiDAR,STS15,e5_base_v2,22,-0.3471124810495696,-0.4835164835164835,-0.3589743589743589,0.4349693902056044,Similarity-dominated
LiDAR,STS15,e5_base_v2,33,-0.3471124810495696,-0.4835164835164835,-0.3589743589743589,0.4349693902056044,Similarity-dominated
LiDAR,STS15,e5_base_v2,44,-0.3471124810495696,-0.4835164835164835,-0.3589743589743589,0.4349693902056044,Similarity-dominated
Matrix entropy,STS15,e5_base_v2,11,-0.0241242495575921,-0.1043956043956044,-0.0769230769230769,0.4735779560109203,Similarity-dominated
Matrix entropy,STS15,e5_base_v2,22,-0.0241242495575921,-0.1043956043956044,-0.0769230769230769,0.4735779560109203,Similarity-dominated
Matrix entropy,STS15,e5_base_v2,33,-0.0241242495575921,-0.1043956043956044,-0.0769230769230769,0.4735779560109203,Similarity-dominated
Matrix entropy,STS15,e5_base_v2,44,-0.0241242495575921,-0.1043956043956044,-0.0769230769230769,0.4735779560109203,Similarity-dominated
Participation ratio,STS15,e5_base_v2,11,0.0166620371957425,-0.2142857142857142,-0.1282051282051281,0.3534258417984347,Similarity-dominated
Participation ratio,STS15,e5_base_v2,22,0.0166620371957425,-0.2142857142857142,-0.1282051282051281,0.3534258417984347,Similarity-dominated
Participation ratio,STS15,e5_base_v2,33,0.0166620371957425,-0.2142857142857142,-0.1282051282051281,0.3534258417984347,Similarity-dominated
Participation ratio,STS15,e5_base_v2,44,0.0166620371957425,-0.2142857142857142,-0.1282051282051281,0.3534258417984347,Similarity-dominated
Spectral gap,STS15,e5_base_v2,11,-0.0357583593948718,-0.3021978021978022,-0.2051282051282051,0.3645600578395918,Similarity-dominated
Spectral gap,STS15,e5_base_v2,22,-0.0357583593948718,-0.3021978021978022,-0.2051282051282051,0.3645600578395918,Similarity-dominated
Spectral gap,STS15,e5_base_v2,33,-0.0357583593948718,-0.3021978021978022,-0.2051282051282051,0.3645600578395918,Similarity-dominated
Spectral gap,STS15,e5_base_v2,44,-0.0357583593948718,-0.3021978021978022,-0.2051282051282051,0.3645600578395918,Similarity-dominated
Anisotropy,STS15,e5_large_v2,11,0.1713151275178009,-0.0884615384615384,-0.0333333333333333,0.4851169850067977,Similarity-dominated
Anisotropy,STS15,e5_large_v2,22,0.1713151275178009,-0.0884615384615384,-0.0333333333333333,0.4851169850067977,Similarity-dominated
Anisotropy,STS15,e5_large_v2,33,0.1713151275178009,-0.0884615384615384,-0.0333333333333333,0.4851169850067977,Similarity-dominated
Anisotropy,STS15,e5_large_v2,44,0.1713151275178009,-0.0884615384615384,-0.0333333333333333,0.4851169850067977,Similarity-dominated
Curvature,STS15,e5_large_v2,11,0.6921021459865617,0.37,0.2666666666666666,0.7707974446660084,Similarity-dominated
Curvature,STS15,e5_large_v2,22,0.6921021459865617,0.37,0.2666666666666666,0.7707974446660084,Similarity-dominated
Curvature,STS15,e5_large_v2,33,0.6921021459865617,0.37,0.2666666666666666,0.7707974446660084,Similarity-dominated
Curvature,STS15,e5_large_v2,44,0.6921021459865617,0.37,0.2666666666666666,0.7707974446660084,Similarity-dominated
DiME,STS15,e5_large_v2,11,0.0314099036227296,-0.1053846153846153,-0.0666666666666666,0.3957422280752127,Similarity-dominated
DiME,STS15,e5_large_v2,22,0.0314099036227296,-0.1053846153846153,-0.0666666666666666,0.3957422280752127,Similarity-dominated
DiME,STS15,e5_large_v2,33,0.0314099036227296,-0.1053846153846153,-0.0666666666666666,0.3957422280752127,Similarity-dominated
DiME,STS15,e5_large_v2,44,0.0314099036227296,-0.1053846153846153,-0.0666666666666666,0.3957422280752127,Similarity-dominated
Harmora,STS15,e5_large_v2,11,0.8356361215295292,0.633076923076923,0.4933333333333333,0.790963312855058,Similarity-dominated
Harmora,STS15,e5_large_v2,22,0.8356361215295292,0.633076923076923,0.4933333333333333,0.790963312855058,Similarity-dominated
Harmora,STS15,e5_large_v2,33,0.8356361215295292,0.633076923076923,0.4933333333333333,0.790963312855058,Similarity-dominated
Harmora,STS15,e5_large_v2,44,0.8356361215295292,0.633076923076923,0.4933333333333333,0.790963312855058,Similarity-dominated
InfoNCE,STS15,e5_large_v2,11,0.1706142605591935,-0.1815384615384615,-0.1199999999999999,0.5058004841710415,Similarity-dominated
InfoNCE,STS15,e5_large_v2,22,0.1706142605591935,-0.1815384615384615,-0.1199999999999999,0.5058004841710415,Similarity-dominated
InfoNCE,STS15,e5_large_v2,33,0.1706142605591935,-0.1815384615384615,-0.1199999999999999,0.5058004841710415,Similarity-dominated
InfoNCE,STS15,e5_large_v2,44,0.1706142605591935,-0.1815384615384615,-0.1199999999999999,0.5058004841710415,Similarity-dominated
LiDAR,STS15,e5_large_v2,11,-0.207646110389235,-0.4107692307692308,-0.2866666666666666,0.3552498095335861,Similarity-dominated
LiDAR,STS15,e5_large_v2,22,-0.207646110389235,-0.4107692307692308,-0.2866666666666666,0.3552498095335861,Similarity-dominated
LiDAR,STS15,e5_large_v2,33,-0.207646110389235,-0.4107692307692308,-0.2866666666666666,0.3552498095335861,Similarity-dominated
LiDAR,STS15,e5_large_v2,44,-0.207646110389235,-0.4107692307692308,-0.2866666666666666,0.3552498095335861,Similarity-dominated
Matrix entropy,STS15,e5_large_v2,11,0.1674057338340969,-0.2215384615384615,-0.1866666666666666,0.5119340410265159,Similarity-dominated
Matrix entropy,STS15,e5_large_v2,22,0.1674057338340969,-0.2215384615384615,-0.1866666666666666,0.5119340410265159,Similarity-dominated
Matrix entropy,STS15,e5_large_v2,33,0.1674057338340969,-0.2215384615384615,-0.1866666666666666,0.5119340410265159,Similarity-dominated
Matrix entropy,STS15,e5_large_v2,44,0.1674057338340969,-0.2215384615384615,-0.1866666666666666,0.5119340410265159,Similarity-dominated
Participation ratio,STS15,e5_large_v2,11,-0.0555852277755027,-0.2969230769230769,-0.1866666666666666,0.3127890235644065,Similarity-dominated
Participation ratio,STS15,e5_large_v2,22,-0.0555852277755027,-0.2969230769230769,-0.1866666666666666,0.3127890235644065,Similarity-dominated
Participation ratio,STS15,e5_large_v2,33,-0.0555852277755027,-0.2969230769230769,-0.1866666666666666,0.3127890235644065,Similarity-dominated
Participation ratio,STS15,e5_large_v2,44,-0.0555852277755027,-0.2969230769230769,-0.1866666666666666,0.3127890235644065,Similarity-dominated
Spectral gap,STS15,e5_large_v2,11,-0.0228999617281939,-0.3323076923076923,-0.2066666666666666,0.3293375123567925,Similarity-dominated
Spectral gap,STS15,e5_large_v2,22,-0.0228999617281939,-0.3323076923076923,-0.2066666666666666,0.3293375123567925,Similarity-dominated
Spectral gap,STS15,e5_large_v2,33,-0.0228999617281939,-0.3323076923076923,-0.2066666666666666,0.3293375123567925,Similarity-dominated
Spectral gap,STS15,e5_large_v2,44,-0.0228999617281939,-0.3323076923076923,-0.2066666666666666,0.3293375123567925,Similarity-dominated
Anisotropy,STS15,minilm_l6,11,0.7924208981006791,0.2857142857142857,0.2380952380952381,0.7907619349627627,Similarity-dominated
Anisotropy,STS15,minilm_l6,22,0.7924208981006791,0.2857142857142857,0.2380952380952381,0.7907619349627627,Similarity-dominated
Anisotropy,STS15,minilm_l6,33,0.7924208981006791,0.2857142857142857,0.2380952380952381,0.7907619349627627,Similarity-dominated
Anisotropy,STS15,minilm_l6,44,0.7924208981006791,0.2857142857142857,0.2380952380952381,0.7907619349627627,Similarity-dominated
Curvature,STS15,minilm_l6,11,-0.2278326077761701,-0.0714285714285714,-0.0476190476190476,0.4517085843644878,Similarity-dominated
Curvature,STS15,minilm_l6,22,-0.2278326077761701,-0.0714285714285714,-0.0476190476190476,0.4517085843644878,Similarity-dominated
Curvature,STS15,minilm_l6,33,-0.2278326077761701,-0.0714285714285714,-0.0476190476190476,0.4517085843644878,Similarity-dominated
Curvature,STS15,minilm_l6,44,-0.2278326077761701,-0.0714285714285714,-0.0476190476190476,0.4517085843644878,Similarity-dominated
DiME,STS15,minilm_l6,11,-0.7845262513007323,-0.25,-0.1428571428571428,0.8544888394097686,Similarity-dominated
DiME,STS15,minilm_l6,22,-0.7845262513007323,-0.25,-0.1428571428571428,0.8544888394097686,Similarity-dominated
DiME,STS15,minilm_l6,33,-0.7845262513007323,-0.25,-0.1428571428571428,0.8544888394097686,Similarity-dominated
DiME,STS15,minilm_l6,44,-0.7845262513007323,-0.25,-0.1428571428571428,0.8544888394097686,Similarity-dominated
Harmora,STS15,minilm_l6,11,0.2846368154592486,0.1071428571428571,0.1428571428571428,0.4572561460121425,Similarity-dominated
Harmora,STS15,minilm_l6,22,0.2846368154592486,0.1071428571428571,0.1428571428571428,0.4572561460121425,Similarity-dominated
Harmora,STS15,minilm_l6,33,0.2846368154592486,0.1071428571428571,0.1428571428571428,0.4572561460121425,Similarity-dominated
Harmora,STS15,minilm_l6,44,0.2846368154592486,0.1071428571428571,0.1428571428571428,0.4572561460121425,Similarity-dominated
InfoNCE,STS15,minilm_l6,11,0.720970958939509,0.4285714285714286,0.3333333333333333,0.7091714342944513,Similarity-dominated
InfoNCE,STS15,minilm_l6,22,0.720970958939509,0.4285714285714286,0.3333333333333333,0.7091714342944513,Similarity-dominated
InfoNCE,STS15,minilm_l6,33,0.720970958939509,0.4285714285714286,0.3333333333333333,0.7091714342944513,Similarity-dominated
InfoNCE,STS15,minilm_l6,44,0.720970958939509,0.4285714285714286,0.3333333333333333,0.7091714342944513,Similarity-dominated
LiDAR,STS15,minilm_l6,11,0.3300088843083924,0.2142857142857143,0.1428571428571428,0.4537270320199997,Similarity-dominated
LiDAR,STS15,minilm_l6,22,0.3300088843083924,0.2142857142857143,0.1428571428571428,0.4537270320199997,Similarity-dominated
LiDAR,STS15,minilm_l6,33,0.3300088843083924,0.2142857142857143,0.1428571428571428,0.4537270320199997,Similarity-dominated
LiDAR,STS15,minilm_l6,44,0.3300088843083924,0.2142857142857143,0.1428571428571428,0.4537270320199997,Similarity-dominated
Matrix entropy,STS15,minilm_l6,11,0.7475800540962275,0.4285714285714286,0.3333333333333333,0.742347162143643,Similarity-dominated
Matrix entropy,STS15,minilm_l6,22,0.7475800540962275,0.4285714285714286,0.3333333333333333,0.742347162143643,Similarity-dominated
Matrix entropy,STS15,minilm_l6,33,0.7475800540962275,0.4285714285714286,0.3333333333333333,0.742347162143643,Similarity-dominated
Matrix entropy,STS15,minilm_l6,44,0.7475800540962275,0.4285714285714286,0.3333333333333333,0.742347162143643,Similarity-dominated
Participation ratio,STS15,minilm_l6,11,0.6792117694244127,0.6071428571428572,0.4285714285714286,0.682592388793788,Similarity-dominated
Participation ratio,STS15,minilm_l6,22,0.6792117694244127,0.6071428571428572,0.4285714285714286,0.682592388793788,Similarity-dominated
Participation ratio,STS15,minilm_l6,33,0.6792117694244127,0.6071428571428572,0.4285714285714286,0.682592388793788,Similarity-dominated
Participation ratio,STS15,minilm_l6,44,0.6792117694244127,0.6071428571428572,0.4285714285714286,0.682592388793788,Similarity-dominated
Spectral gap,STS15,minilm_l6,11,0.4011143380304069,0.4642857142857144,0.3333333333333333,0.4725584667948191,Similarity-dominated
Spectral gap,STS15,minilm_l6,22,0.4011143380304069,0.4642857142857144,0.3333333333333333,0.4725584667948191,Similarity-dominated
Spectral gap,STS15,minilm_l6,33,0.4011143380304069,0.4642857142857144,0.3333333333333333,0.4725584667948191,Similarity-dominated
Spectral gap,STS15,minilm_l6,44,0.4011143380304069,0.4642857142857144,0.3333333333333333,0.4725584667948191,Similarity-dominated
Anisotropy,STS15,mpnet_base,11,0.5634142583724193,0.39010989010989,0.282051282051282,0.5576317919535234,Similarity-dominated
Anisotropy,STS15,mpnet_base,22,0.5634142583724193,0.39010989010989,0.282051282051282,0.5576317919535234,Similarity-dominated
Anisotropy,STS15,mpnet_base,33,0.5634142583724193,0.39010989010989,0.282051282051282,0.5576317919535234,Similarity-dominated
Anisotropy,STS15,mpnet_base,44,0.5634142583724193,0.39010989010989,0.282051282051282,0.5576317919535234,Similarity-dominated
Curvature,STS15,mpnet_base,11,0.0542660350221368,-0.0494505494505494,-0.0769230769230769,0.4964511306037001,Similarity-dominated
Curvature,STS15,mpnet_base,22,0.0542660350221368,-0.0494505494505494,-0.0769230769230769,0.4964511306037001,Similarity-dominated
Curvature,STS15,mpnet_base,33,0.0542660350221368,-0.0494505494505494,-0.0769230769230769,0.4964511306037001,Similarity-dominated
Curvature,STS15,mpnet_base,44,0.0542660350221368,-0.0494505494505494,-0.0769230769230769,0.4964511306037001,Similarity-dominated
DiME,STS15,mpnet_base,11,-0.4726424115249226,-0.3021978021978022,-0.2307692307692307,0.507545940375721,Similarity-dominated
DiME,STS15,mpnet_base,22,-0.4726424115249226,-0.3021978021978022,-0.2307692307692307,0.507545940375721,Similarity-dominated
DiME,STS15,mpnet_base,33,-0.4726424115249226,-0.3021978021978022,-0.2307692307692307,0.507545940375721,Similarity-dominated
DiME,STS15,mpnet_base,44,-0.4726424115249226,-0.3021978021978022,-0.2307692307692307,0.507545940375721,Similarity-dominated
Harmora,STS15,mpnet_base,11,-0.0776226099523717,-0.1483516483516483,-0.1538461538461538,0.3545640513678383,Similarity-dominated
Harmora,STS15,mpnet_base,22,-0.0776226099523717,-0.1483516483516483,-0.1538461538461538,0.3545640513678383,Similarity-dominated
Harmora,STS15,mpnet_base,33,-0.0776226099523717,-0.1483516483516483,-0.1538461538461538,0.3545640513678383,Similarity-dominated
Harmora,STS15,mpnet_base,44,-0.0776226099523717,-0.1483516483516483,-0.1538461538461538,0.3545640513678383,Similarity-dominated
InfoNCE,STS15,mpnet_base,11,0.4688002065411059,0.5439560439560439,0.4615384615384614,0.5083016525648658,Similarity-dominated
InfoNCE,STS15,mpnet_base,22,0.4688002065411059,0.5439560439560439,0.4615384615384614,0.5083016525648658,Similarity-dominated
InfoNCE,STS15,mpnet_base,33,0.4688002065411059,0.5439560439560439,0.4615384615384614,0.5083016525648658,Similarity-dominated
InfoNCE,STS15,mpnet_base,44,0.4688002065411059,0.5439560439560439,0.4615384615384614,0.5083016525648658,Similarity-dominated
LiDAR,STS15,mpnet_base,11,0.471033171227505,0.6813186813186813,0.5384615384615383,0.5809319618667736,Similarity-dominated
LiDAR,STS15,mpnet_base,22,0.471033171227505,0.6813186813186813,0.5384615384615383,0.5809319618667736,Similarity-dominated
LiDAR,STS15,mpnet_base,33,0.471033171227505,0.6813186813186813,0.5384615384615383,0.5809319618667736,Similarity-dominated
LiDAR,STS15,mpnet_base,44,0.471033171227505,0.6813186813186813,0.5384615384615383,0.5809319618667736,Similarity-dominated
Matrix entropy,STS15,mpnet_base,11,0.5264537481193159,0.5824175824175823,0.4358974358974358,0.5402792468393088,Similarity-dominated
Matrix entropy,STS15,mpnet_base,22,0.5264537481193159,0.5824175824175823,0.4358974358974358,0.5402792468393088,Similarity-dominated
Matrix entropy,STS15,mpnet_base,33,0.5264537481193159,0.5824175824175823,0.4358974358974358,0.5402792468393088,Similarity-dominated
Matrix entropy,STS15,mpnet_base,44,0.5264537481193159,0.5824175824175823,0.4358974358974358,0.5402792468393088,Similarity-dominated
Participation ratio,STS15,mpnet_base,11,0.414226597097338,0.6263736263736264,0.4871794871794871,0.5094791037394433,Similarity-dominated
Participation ratio,STS15,mpnet_base,22,0.414226597097338,0.6263736263736264,0.4871794871794871,0.5094791037394433,Similarity-dominated
Participation ratio,STS15,mpnet_base,33,0.414226597097338,0.6263736263736264,0.4871794871794871,0.5094791037394433,Similarity-dominated
Participation ratio,STS15,mpnet_base,44,0.414226597097338,0.6263736263736264,0.4871794871794871,0.5094791037394433,Similarity-dominated
Spectral gap,STS15,mpnet_base,11,0.3663358291305716,0.5989010989010989,0.4615384615384614,0.4846531295715287,Similarity-dominated
Spectral gap,STS15,mpnet_base,22,0.3663358291305716,0.5989010989010989,0.4615384615384614,0.4846531295715287,Similarity-dominated
Spectral gap,STS15,mpnet_base,33,0.3663358291305716,0.5989010989010989,0.4615384615384614,0.4846531295715287,Similarity-dominated
Spectral gap,STS15,mpnet_base,44,0.3663358291305716,0.5989010989010989,0.4615384615384614,0.4846531295715287,Similarity-dominated
Anisotropy,STS15,snowflake_arctic_embed_m,11,0.6838715152522907,0.5524475524475525,0.4242424242424242,0.7262268720358668,Similarity-dominated
Anisotropy,STS15,snowflake_arctic_embed_m,22,0.6838715152522907,0.5524475524475525,0.4242424242424242,0.7262268720358668,Similarity-dominated
Anisotropy,STS15,snowflake_arctic_embed_m,33,0.6838715152522907,0.5524475524475525,0.4242424242424242,0.7262268720358668,Similarity-dominated
Anisotropy,STS15,snowflake_arctic_embed_m,44,0.6838715152522907,0.5524475524475525,0.4242424242424242,0.7262268720358668,Similarity-dominated
Curvature,STS15,snowflake_arctic_embed_m,11,0.7882831084279659,0.7902097902097903,0.606060606060606,0.8308868169693794,Similarity-dominated
Curvature,STS15,snowflake_arctic_embed_m,22,0.7882831084279659,0.7902097902097903,0.606060606060606,0.8308868169693794,Similarity-dominated
Curvature,STS15,snowflake_arctic_embed_m,33,0.7882831084279659,0.7902097902097903,0.606060606060606,0.8308868169693794,Similarity-dominated
Curvature,STS15,snowflake_arctic_embed_m,44,0.7882831084279659,0.7902097902097903,0.606060606060606,0.8308868169693794,Similarity-dominated
DiME,STS15,snowflake_arctic_embed_m,11,0.548104159995162,0.3286713286713286,0.2727272727272727,0.5724972764328795,Similarity-dominated
DiME,STS15,snowflake_arctic_embed_m,22,0.548104159995162,0.3286713286713286,0.2727272727272727,0.5724972764328795,Similarity-dominated
DiME,STS15,snowflake_arctic_embed_m,33,0.548104159995162,0.3286713286713286,0.2727272727272727,0.5724972764328795,Similarity-dominated
DiME,STS15,snowflake_arctic_embed_m,44,0.548104159995162,0.3286713286713286,0.2727272727272727,0.5724972764328795,Similarity-dominated
Harmora,STS15,snowflake_arctic_embed_m,11,0.545057063434739,0.2727272727272727,0.2121212121212121,0.5383348829073138,Similarity-dominated
Harmora,STS15,snowflake_arctic_embed_m,22,0.545057063434739,0.2727272727272727,0.2121212121212121,0.5383348829073138,Similarity-dominated
Harmora,STS15,snowflake_arctic_embed_m,33,0.545057063434739,0.2727272727272727,0.2121212121212121,0.5383348829073138,Similarity-dominated
Harmora,STS15,snowflake_arctic_embed_m,44,0.545057063434739,0.2727272727272727,0.2121212121212121,0.5383348829073138,Similarity-dominated
InfoNCE,STS15,snowflake_arctic_embed_m,11,0.6964939215866839,0.5524475524475525,0.4242424242424242,0.73608623788241,Similarity-dominated
InfoNCE,STS15,snowflake_arctic_embed_m,22,0.6964939215866839,0.5524475524475525,0.4242424242424242,0.73608623788241,Similarity-dominated
InfoNCE,STS15,snowflake_arctic_embed_m,33,0.6964939215866839,0.5524475524475525,0.4242424242424242,0.73608623788241,Similarity-dominated
InfoNCE,STS15,snowflake_arctic_embed_m,44,0.6964939215866839,0.5524475524475525,0.4242424242424242,0.73608623788241,Similarity-dominated
LiDAR,STS15,snowflake_arctic_embed_m,11,0.7442877720693147,0.6573426573426573,0.5151515151515151,0.7111119621547838,Similarity-dominated
LiDAR,STS15,snowflake_arctic_embed_m,22,0.7442877720693147,0.6573426573426573,0.5151515151515151,0.7111119621547838,Similarity-dominated
LiDAR,STS15,snowflake_arctic_embed_m,33,0.7442877720693147,0.6573426573426573,0.5151515151515151,0.7111119621547838,Similarity-dominated
LiDAR,STS15,snowflake_arctic_embed_m,44,0.7442877720693147,0.6573426573426573,0.5151515151515151,0.7111119621547838,Similarity-dominated
Matrix entropy,STS15,snowflake_arctic_embed_m,11,0.6779524569423183,0.5244755244755246,0.3939393939393938,0.7092260667467283,Similarity-dominated
Matrix entropy,STS15,snowflake_arctic_embed_m,22,0.6779524569423183,0.5244755244755246,0.3939393939393938,0.7092260667467283,Similarity-dominated
Matrix entropy,STS15,snowflake_arctic_embed_m,33,0.6779524569423183,0.5244755244755246,0.3939393939393938,0.7092260667467283,Similarity-dominated
Matrix entropy,STS15,snowflake_arctic_embed_m,44,0.6779524569423183,0.5244755244755246,0.3939393939393938,0.7092260667467283,Similarity-dominated
Participation ratio,STS15,snowflake_arctic_embed_m,11,0.7469063110466299,0.8741258741258742,0.7272727272727272,0.8027284580721463,Similarity-dominated
Participation ratio,STS15,snowflake_arctic_embed_m,22,0.7469063110466299,0.8741258741258742,0.7272727272727272,0.8027284580721463,Similarity-dominated
Participation ratio,STS15,snowflake_arctic_embed_m,33,0.7469063110466299,0.8741258741258742,0.7272727272727272,0.8027284580721463,Similarity-dominated
Participation ratio,STS15,snowflake_arctic_embed_m,44,0.7469063110466299,0.8741258741258742,0.7272727272727272,0.8027284580721463,Similarity-dominated
Spectral gap,STS15,snowflake_arctic_embed_m,11,0.6632362153413388,0.7552447552447553,0.6363636363636362,0.7634254879821027,Similarity-dominated
Spectral gap,STS15,snowflake_arctic_embed_m,22,0.6632362153413388,0.7552447552447553,0.6363636363636362,0.7634254879821027,Similarity-dominated
Spectral gap,STS15,snowflake_arctic_embed_m,33,0.6632362153413388,0.7552447552447553,0.6363636363636362,0.7634254879821027,Similarity-dominated
Spectral gap,STS15,snowflake_arctic_embed_m,44,0.6632362153413388,0.7552447552447553,0.6363636363636362,0.7634254879821027,Similarity-dominated
Anisotropy,STS16,bge_base_en_v15,11,0.6620016282322556,0.3986013986013986,0.2121212121212121,0.7364326759651005,Similarity-dominated
Anisotropy,STS16,bge_base_en_v15,22,0.6620016282322556,0.3986013986013986,0.2121212121212121,0.7364326759651005,Similarity-dominated
Anisotropy,STS16,bge_base_en_v15,33,0.6620016282322556,0.3986013986013986,0.2121212121212121,0.7364326759651005,Similarity-dominated
Anisotropy,STS16,bge_base_en_v15,44,0.6620016282322556,0.3986013986013986,0.2121212121212121,0.7364326759651005,Similarity-dominated
Curvature,STS16,bge_base_en_v15,11,0.0678485189691163,-0.1188811188811189,-0.0303030303030303,0.3531326657005402,Similarity-dominated
Curvature,STS16,bge_base_en_v15,22,0.0678485189691163,-0.1188811188811189,-0.0303030303030303,0.3531326657005402,Similarity-dominated
Curvature,STS16,bge_base_en_v15,33,0.0678485189691163,-0.1188811188811189,-0.0303030303030303,0.3531326657005402,Similarity-dominated
Curvature,STS16,bge_base_en_v15,44,0.0678485189691163,-0.1188811188811189,-0.0303030303030303,0.3531326657005402,Similarity-dominated
DiME,STS16,bge_base_en_v15,11,0.6030564468777091,0.4125874125874127,0.2727272727272727,0.6964504015409058,Similarity-dominated
DiME,STS16,bge_base_en_v15,22,0.6030564468777091,0.4125874125874127,0.2727272727272727,0.6964504015409058,Similarity-dominated
DiME,STS16,bge_base_en_v15,33,0.6030564468777091,0.4125874125874127,0.2727272727272727,0.6964504015409058,Similarity-dominated
DiME,STS16,bge_base_en_v15,44,0.6030564468777091,0.4125874125874127,0.2727272727272727,0.6964504015409058,Similarity-dominated
Harmora,STS16,bge_base_en_v15,11,0.2445462423545585,0.0839160839160839,0.0303030303030303,0.3903543752323715,Similarity-dominated
Harmora,STS16,bge_base_en_v15,22,0.2445462423545585,0.0839160839160839,0.0303030303030303,0.3903543752323715,Similarity-dominated
Harmora,STS16,bge_base_en_v15,33,0.2445462423545585,0.0839160839160839,0.0303030303030303,0.3903543752323715,Similarity-dominated
Harmora,STS16,bge_base_en_v15,44,0.2445462423545585,0.0839160839160839,0.0303030303030303,0.3903543752323715,Similarity-dominated
InfoNCE,STS16,bge_base_en_v15,11,0.6854678684404386,0.4055944055944056,0.2424242424242424,0.7561388595720993,Similarity-dominated
InfoNCE,STS16,bge_base_en_v15,22,0.6854678684404386,0.4055944055944056,0.2424242424242424,0.7561388595720993,Similarity-dominated
InfoNCE,STS16,bge_base_en_v15,33,0.6854678684404386,0.4055944055944056,0.2424242424242424,0.7561388595720993,Similarity-dominated
InfoNCE,STS16,bge_base_en_v15,44,0.6854678684404386,0.4055944055944056,0.2424242424242424,0.7561388595720993,Similarity-dominated
LiDAR,STS16,bge_base_en_v15,11,0.5072914795439644,0.5034965034965035,0.4242424242424242,0.531806772284098,Similarity-dominated
LiDAR,STS16,bge_base_en_v15,22,0.5072914795439644,0.5034965034965035,0.4242424242424242,0.531806772284098,Similarity-dominated
LiDAR,STS16,bge_base_en_v15,33,0.5072914795439644,0.5034965034965035,0.4242424242424242,0.531806772284098,Similarity-dominated
LiDAR,STS16,bge_base_en_v15,44,0.5072914795439644,0.5034965034965035,0.4242424242424242,0.531806772284098,Similarity-dominated
Matrix entropy,STS16,bge_base_en_v15,11,0.606026112214557,0.3776223776223776,0.2424242424242424,0.692243282472488,Similarity-dominated
Matrix entropy,STS16,bge_base_en_v15,22,0.606026112214557,0.3776223776223776,0.2424242424242424,0.692243282472488,Similarity-dominated
Matrix entropy,STS16,bge_base_en_v15,33,0.606026112214557,0.3776223776223776,0.2424242424242424,0.692243282472488,Similarity-dominated
Matrix entropy,STS16,bge_base_en_v15,44,0.606026112214557,0.3776223776223776,0.2424242424242424,0.692243282472488,Similarity-dominated
Participation ratio,STS16,bge_base_en_v15,11,0.8174995403377294,0.7692307692307694,0.5454545454545454,0.8434786341629997,Similarity-dominated
Participation ratio,STS16,bge_base_en_v15,22,0.8174995403377294,0.7692307692307694,0.5454545454545454,0.8434786341629997,Similarity-dominated
Participation ratio,STS16,bge_base_en_v15,33,0.8174995403377294,0.7692307692307694,0.5454545454545454,0.8434786341629997,Similarity-dominated
Participation ratio,STS16,bge_base_en_v15,44,0.8174995403377294,0.7692307692307694,0.5454545454545454,0.8434786341629997,Similarity-dominated
Spectral gap,STS16,bge_base_en_v15,11,0.5576711055452759,0.6923076923076924,0.3939393939393938,0.7276791573588623,Similarity-dominated
Spectral gap,STS16,bge_base_en_v15,22,0.5576711055452759,0.6923076923076924,0.3939393939393938,0.7276791573588623,Similarity-dominated
Spectral gap,STS16,bge_base_en_v15,33,0.5576711055452759,0.6923076923076924,0.3939393939393938,0.7276791573588623,Similarity-dominated
Spectral gap,STS16,bge_base_en_v15,44,0.5576711055452759,0.6923076923076924,0.3939393939393938,0.7276791573588623,Similarity-dominated
Anisotropy,STS16,bge_large_en_v15,11,0.3519689929114983,0.0634782608695652,0.0072463768115942,0.5005904125071732,Similarity-dominated
Anisotropy,STS16,bge_large_en_v15,22,0.3519689929114983,0.0634782608695652,0.0072463768115942,0.5005904125071732,Similarity-dominated
Anisotropy,STS16,bge_large_en_v15,33,0.3519689929114983,0.0634782608695652,0.0072463768115942,0.5005904125071732,Similarity-dominated
Anisotropy,STS16,bge_large_en_v15,44,0.3519689929114983,0.0634782608695652,0.0072463768115942,0.5005904125071732,Similarity-dominated
Curvature,STS16,bge_large_en_v15,11,0.2930197514577322,0.5660869565217391,0.4855072463768116,0.6694432683103424,Similarity-dominated
Curvature,STS16,bge_large_en_v15,22,0.2930197514577322,0.5660869565217391,0.4855072463768116,0.6694432683103424,Similarity-dominated
Curvature,STS16,bge_large_en_v15,33,0.2930197514577322,0.5660869565217391,0.4855072463768116,0.6694432683103424,Similarity-dominated
Curvature,STS16,bge_large_en_v15,44,0.2930197514577322,0.5660869565217391,0.4855072463768116,0.6694432683103424,Similarity-dominated
DiME,STS16,bge_large_en_v15,11,0.0879597876166478,-0.0843478260869565,-0.0797101449275362,0.4111104009791005,Similarity-dominated
DiME,STS16,bge_large_en_v15,22,0.0879597876166478,-0.0843478260869565,-0.0797101449275362,0.4111104009791005,Similarity-dominated
DiME,STS16,bge_large_en_v15,33,0.0879597876166478,-0.0843478260869565,-0.0797101449275362,0.4111104009791005,Similarity-dominated
DiME,STS16,bge_large_en_v15,44,0.0879597876166478,-0.0843478260869565,-0.0797101449275362,0.4111104009791005,Similarity-dominated
Harmora,STS16,bge_large_en_v15,11,0.0287959474688705,-0.24,-0.1739130434782608,0.3889912668490247,Similarity-dominated
Harmora,STS16,bge_large_en_v15,22,0.0287959474688705,-0.24,-0.1739130434782608,0.3889912668490247,Similarity-dominated
Harmora,STS16,bge_large_en_v15,33,0.0287959474688705,-0.24,-0.1739130434782608,0.3889912668490247,Similarity-dominated
Harmora,STS16,bge_large_en_v15,44,0.0287959474688705,-0.24,-0.1739130434782608,0.3889912668490247,Similarity-dominated
InfoNCE,STS16,bge_large_en_v15,11,0.4053718648078194,0.0817391304347825,0.0217391304347826,0.5484119659068165,Similarity-dominated
InfoNCE,STS16,bge_large_en_v15,22,0.4053718648078194,0.0817391304347825,0.0217391304347826,0.5484119659068165,Similarity-dominated
InfoNCE,STS16,bge_large_en_v15,33,0.4053718648078194,0.0817391304347825,0.0217391304347826,0.5484119659068165,Similarity-dominated
InfoNCE,STS16,bge_large_en_v15,44,0.4053718648078194,0.0817391304347825,0.0217391304347826,0.5484119659068165,Similarity-dominated
LiDAR,STS16,bge_large_en_v15,11,0.6071621594866413,0.3504347826086956,0.3115942028985507,0.578503666628539,Similarity-dominated
LiDAR,STS16,bge_large_en_v15,22,0.6071621594866413,0.3504347826086956,0.3115942028985507,0.578503666628539,Similarity-dominated
LiDAR,STS16,bge_large_en_v15,33,0.6071621594866413,0.3504347826086956,0.3115942028985507,0.578503666628539,Similarity-dominated
LiDAR,STS16,bge_large_en_v15,44,0.6071621594866413,0.3504347826086956,0.3115942028985507,0.578503666628539,Similarity-dominated
Matrix entropy,STS16,bge_large_en_v15,11,0.413623751534839,0.0817391304347825,0.0217391304347826,0.5527377680123636,Similarity-dominated
Matrix entropy,STS16,bge_large_en_v15,22,0.413623751534839,0.0817391304347825,0.0217391304347826,0.5527377680123636,Similarity-dominated
Matrix entropy,STS16,bge_large_en_v15,33,0.413623751534839,0.0817391304347825,0.0217391304347826,0.5527377680123636,Similarity-dominated
Matrix entropy,STS16,bge_large_en_v15,44,0.413623751534839,0.0817391304347825,0.0217391304347826,0.5527377680123636,Similarity-dominated
Participation ratio,STS16,bge_large_en_v15,11,0.7512212196257537,0.7921739130434783,0.6304347826086957,0.7853235723861407,Similarity-dominated
Participation ratio,STS16,bge_large_en_v15,22,0.7512212196257537,0.7921739130434783,0.6304347826086957,0.7853235723861407,Similarity-dominated
Participation ratio,STS16,bge_large_en_v15,33,0.7512212196257537,0.7921739130434783,0.6304347826086957,0.7853235723861407,Similarity-dominated
Participation ratio,STS16,bge_large_en_v15,44,0.7512212196257537,0.7921739130434783,0.6304347826086957,0.7853235723861407,Similarity-dominated
Spectral gap,STS16,bge_large_en_v15,11,0.6549262983413733,0.7165217391304347,0.5289855072463768,0.7305877731386902,Similarity-dominated
Spectral gap,STS16,bge_large_en_v15,22,0.6549262983413733,0.7165217391304347,0.5289855072463768,0.7305877731386902,Similarity-dominated
Spectral gap,STS16,bge_large_en_v15,33,0.6549262983413733,0.7165217391304347,0.5289855072463768,0.7305877731386902,Similarity-dominated
Spectral gap,STS16,bge_large_en_v15,44,0.6549262983413733,0.7165217391304347,0.5289855072463768,0.7305877731386902,Similarity-dominated
Anisotropy,STS16,e5_base_v2,11,-0.2614872377130868,-0.39010989010989,-0.3076923076923076,0.5827540646293156,Similarity-dominated
Anisotropy,STS16,e5_base_v2,22,-0.2614872377130868,-0.39010989010989,-0.3076923076923076,0.5827540646293156,Similarity-dominated
Anisotropy,STS16,e5_base_v2,33,-0.2614872377130868,-0.39010989010989,-0.3076923076923076,0.5827540646293156,Similarity-dominated
Anisotropy,STS16,e5_base_v2,44,-0.2614872377130868,-0.39010989010989,-0.3076923076923076,0.5827540646293156,Similarity-dominated
Curvature,STS16,e5_base_v2,11,-0.3448154992037485,-0.6648351648351648,-0.564102564102564,0.619823679637158,Similarity-dominated
Curvature,STS16,e5_base_v2,22,-0.3448154992037485,-0.6648351648351648,-0.564102564102564,0.619823679637158,Similarity-dominated
Curvature,STS16,e5_base_v2,33,-0.3448154992037485,-0.6648351648351648,-0.564102564102564,0.619823679637158,Similarity-dominated
Curvature,STS16,e5_base_v2,44,-0.3448154992037485,-0.6648351648351648,-0.564102564102564,0.619823679637158,Similarity-dominated
DiME,STS16,e5_base_v2,11,-0.5590650330244686,-0.2472527472527472,-0.1538461538461538,0.6181008845575505,Similarity-dominated
DiME,STS16,e5_base_v2,22,-0.5590650330244686,-0.2472527472527472,-0.1538461538461538,0.6181008845575505,Similarity-dominated
DiME,STS16,e5_base_v2,33,-0.5590650330244686,-0.2472527472527472,-0.1538461538461538,0.6181008845575505,Similarity-dominated
DiME,STS16,e5_base_v2,44,-0.5590650330244686,-0.2472527472527472,-0.1538461538461538,0.6181008845575505,Similarity-dominated
Harmora,STS16,e5_base_v2,11,0.8397596848642495,0.912087912087912,0.769230769230769,0.8480313751803729,Similarity-dominated
Harmora,STS16,e5_base_v2,22,0.8397596848642495,0.912087912087912,0.769230769230769,0.8480313751803729,Similarity-dominated
Harmora,STS16,e5_base_v2,33,0.8397596848642495,0.912087912087912,0.769230769230769,0.8480313751803729,Similarity-dominated
Harmora,STS16,e5_base_v2,44,0.8397596848642495,0.912087912087912,0.769230769230769,0.8480313751803729,Similarity-dominated
InfoNCE,STS16,e5_base_v2,11,-0.2522260770938873,-0.4010989010989011,-0.3333333333333332,0.5836074345722179,Similarity-dominated
InfoNCE,STS16,e5_base_v2,22,-0.2522260770938873,-0.4010989010989011,-0.3333333333333332,0.5836074345722179,Similarity-dominated
InfoNCE,STS16,e5_base_v2,33,-0.2522260770938873,-0.4010989010989011,-0.3333333333333332,0.5836074345722179,Similarity-dominated
InfoNCE,STS16,e5_base_v2,44,-0.2522260770938873,-0.4010989010989011,-0.3333333333333332,0.5836074345722179,Similarity-dominated
LiDAR,STS16,e5_base_v2,11,-0.4697116572087534,-0.7307692307692307,-0.6410256410256409,0.6485533075842952,Similarity-dominated
LiDAR,STS16,e5_base_v2,22,-0.4697116572087534,-0.7307692307692307,-0.6410256410256409,0.6485533075842952,Similarity-dominated
LiDAR,STS16,e5_base_v2,33,-0.4697116572087534,-0.7307692307692307,-0.6410256410256409,0.6485533075842952,Similarity-dominated
LiDAR,STS16,e5_base_v2,44,-0.4697116572087534,-0.7307692307692307,-0.6410256410256409,0.6485533075842952,Similarity-dominated
Matrix entropy,STS16,e5_base_v2,11,-0.079982053089729,-0.2637362637362637,-0.2051282051282051,0.5507035082365996,Similarity-dominated
Matrix entropy,STS16,e5_base_v2,22,-0.079982053089729,-0.2637362637362637,-0.2051282051282051,0.5507035082365996,Similarity-dominated
Matrix entropy,STS16,e5_base_v2,33,-0.079982053089729,-0.2637362637362637,-0.2051282051282051,0.5507035082365996,Similarity-dominated
Matrix entropy,STS16,e5_base_v2,44,-0.079982053089729,-0.2637362637362637,-0.2051282051282051,0.5507035082365996,Similarity-dominated
Participation ratio,STS16,e5_base_v2,11,0.3690186850016206,-0.2252747252747252,-0.3076923076923076,0.6660124471228444,Similarity-dominated
Participation ratio,STS16,e5_base_v2,22,0.3690186850016206,-0.2252747252747252,-0.3076923076923076,0.6660124471228444,Similarity-dominated
Participation ratio,STS16,e5_base_v2,33,0.3690186850016206,-0.2252747252747252,-0.3076923076923076,0.6660124471228444,Similarity-dominated
Participation ratio,STS16,e5_base_v2,44,0.3690186850016206,-0.2252747252747252,-0.3076923076923076,0.6660124471228444,Similarity-dominated
Spectral gap,STS16,e5_base_v2,11,0.2963256299798237,-0.1648351648351648,-0.282051282051282,0.6597330156104103,Similarity-dominated
Spectral gap,STS16,e5_base_v2,22,0.2963256299798237,-0.1648351648351648,-0.282051282051282,0.6597330156104103,Similarity-dominated
Spectral gap,STS16,e5_base_v2,33,0.2963256299798237,-0.1648351648351648,-0.282051282051282,0.6597330156104103,Similarity-dominated
Spectral gap,STS16,e5_base_v2,44,0.2963256299798237,-0.1648351648351648,-0.282051282051282,0.6597330156104103,Similarity-dominated
Anisotropy,STS16,e5_large_v2,11,0.238322616087031,0.3984615384615384,0.2866666666666666,0.5456063929772179,Similarity-dominated
Anisotropy,STS16,e5_large_v2,22,0.238322616087031,0.3984615384615384,0.2866666666666666,0.5456063929772179,Similarity-dominated
Anisotropy,STS16,e5_large_v2,33,0.238322616087031,0.3984615384615384,0.2866666666666666,0.5456063929772179,Similarity-dominated
Anisotropy,STS16,e5_large_v2,44,0.238322616087031,0.3984615384615384,0.2866666666666666,0.5456063929772179,Similarity-dominated
Curvature,STS16,e5_large_v2,11,-0.4005296228806742,-0.5792307692307693,-0.4466666666666666,0.7312930763494239,Similarity-dominated
Curvature,STS16,e5_large_v2,22,-0.4005296228806742,-0.5792307692307693,-0.4466666666666666,0.7312930763494239,Similarity-dominated
Curvature,STS16,e5_large_v2,33,-0.4005296228806742,-0.5792307692307693,-0.4466666666666666,0.7312930763494239,Similarity-dominated
Curvature,STS16,e5_large_v2,44,-0.4005296228806742,-0.5792307692307693,-0.4466666666666666,0.7312930763494239,Similarity-dominated
DiME,STS16,e5_large_v2,11,-0.0274937594534969,0.1923076923076923,0.1599999999999999,0.5036558283845132,Similarity-dominated
DiME,STS16,e5_large_v2,22,-0.0274937594534969,0.1923076923076923,0.1599999999999999,0.5036558283845132,Similarity-dominated
DiME,STS16,e5_large_v2,33,-0.0274937594534969,0.1923076923076923,0.1599999999999999,0.5036558283845132,Similarity-dominated
DiME,STS16,e5_large_v2,44,-0.0274937594534969,0.1923076923076923,0.1599999999999999,0.5036558283845132,Similarity-dominated
Harmora,STS16,e5_large_v2,11,0.9315833132009512,0.9446153846153846,0.8266666666666665,0.939778294068614,Similarity-dominated
Harmora,STS16,e5_large_v2,22,0.9315833132009512,0.9446153846153846,0.8266666666666665,0.939778294068614,Similarity-dominated
Harmora,STS16,e5_large_v2,33,0.9315833132009512,0.9446153846153846,0.8266666666666665,0.939778294068614,Similarity-dominated
Harmora,STS16,e5_large_v2,44,0.9315833132009512,0.9446153846153846,0.8266666666666665,0.939778294068614,Similarity-dominated
InfoNCE,STS16,e5_large_v2,11,0.2197481568180723,0.3053846153846153,0.2199999999999999,0.5238173873701149,Similarity-dominated
InfoNCE,STS16,e5_large_v2,22,0.2197481568180723,0.3053846153846153,0.2199999999999999,0.5238173873701149,Similarity-dominated
InfoNCE,STS16,e5_large_v2,33,0.2197481568180723,0.3053846153846153,0.2199999999999999,0.5238173873701149,Similarity-dominated
InfoNCE,STS16,e5_large_v2,44,0.2197481568180723,0.3053846153846153,0.2199999999999999,0.5238173873701149,Similarity-dominated
LiDAR,STS16,e5_large_v2,11,-0.5758827461917214,-0.7369230769230769,-0.5933333333333333,0.8208063144331719,Similarity-dominated
LiDAR,STS16,e5_large_v2,22,-0.5758827461917214,-0.7369230769230769,-0.5933333333333333,0.8208063144331719,Similarity-dominated
LiDAR,STS16,e5_large_v2,33,-0.5758827461917214,-0.7369230769230769,-0.5933333333333333,0.8208063144331719,Similarity-dominated
LiDAR,STS16,e5_large_v2,44,-0.5758827461917214,-0.7369230769230769,-0.5933333333333333,0.8208063144331719,Similarity-dominated
Matrix entropy,STS16,e5_large_v2,11,0.2313916414783358,0.3146153846153846,0.2199999999999999,0.5177494218337921,Similarity-dominated
Matrix entropy,STS16,e5_large_v2,22,0.2313916414783358,0.3146153846153846,0.2199999999999999,0.5177494218337921,Similarity-dominated
Matrix entropy,STS16,e5_large_v2,33,0.2313916414783358,0.3146153846153846,0.2199999999999999,0.5177494218337921,Similarity-dominated
Matrix entropy,STS16,e5_large_v2,44,0.2313916414783358,0.3146153846153846,0.2199999999999999,0.5177494218337921,Similarity-dominated
Participation ratio,STS16,e5_large_v2,11,-0.094654722372616,-0.5276923076923077,-0.4333333333333332,0.6898091456252057,Similarity-dominated
Participation ratio,STS16,e5_large_v2,22,-0.094654722372616,-0.5276923076923077,-0.4333333333333332,0.6898091456252057,Similarity-dominated
Participation ratio,STS16,e5_large_v2,33,-0.094654722372616,-0.5276923076923077,-0.4333333333333332,0.6898091456252057,Similarity-dominated
Participation ratio,STS16,e5_large_v2,44,-0.094654722372616,-0.5276923076923077,-0.4333333333333332,0.6898091456252057,Similarity-dominated
Spectral gap,STS16,e5_large_v2,11,-0.0565407072855063,-0.4353846153846153,-0.3399999999999999,0.6045574949137081,Similarity-dominated
Spectral gap,STS16,e5_large_v2,22,-0.0565407072855063,-0.4353846153846153,-0.3399999999999999,0.6045574949137081,Similarity-dominated
Spectral gap,STS16,e5_large_v2,33,-0.0565407072855063,-0.4353846153846153,-0.3399999999999999,0.6045574949137081,Similarity-dominated
Spectral gap,STS16,e5_large_v2,44,-0.0565407072855063,-0.4353846153846153,-0.3399999999999999,0.6045574949137081,Similarity-dominated
Anisotropy,STS16,minilm_l6,11,0.707958883229602,0.4285714285714286,0.4285714285714286,0.7969501072451252,Similarity-dominated
Anisotropy,STS16,minilm_l6,22,0.707958883229602,0.4285714285714286,0.4285714285714286,0.7969501072451252,Similarity-dominated
Anisotropy,STS16,minilm_l6,33,0.707958883229602,0.4285714285714286,0.4285714285714286,0.7969501072451252,Similarity-dominated
Anisotropy,STS16,minilm_l6,44,0.707958883229602,0.4285714285714286,0.4285714285714286,0.7969501072451252,Similarity-dominated
Curvature,STS16,minilm_l6,11,-0.8347469397420249,-0.9642857142857144,-0.9047619047619048,0.909156118822142,Similarity-dominated
Curvature,STS16,minilm_l6,22,-0.8347469397420249,-0.9642857142857144,-0.9047619047619048,0.909156118822142,Similarity-dominated
Curvature,STS16,minilm_l6,33,-0.8347469397420249,-0.9642857142857144,-0.9047619047619048,0.909156118822142,Similarity-dominated
Curvature,STS16,minilm_l6,44,-0.8347469397420249,-0.9642857142857144,-0.9047619047619048,0.909156118822142,Similarity-dominated
DiME,STS16,minilm_l6,11,-0.7770532530735121,-0.4642857142857144,-0.3333333333333333,0.7989560702681785,Similarity-dominated
DiME,STS16,minilm_l6,22,-0.7770532530735121,-0.4642857142857144,-0.3333333333333333,0.7989560702681785,Similarity-dominated
DiME,STS16,minilm_l6,33,-0.7770532530735121,-0.4642857142857144,-0.3333333333333333,0.7989560702681785,Similarity-dominated
DiME,STS16,minilm_l6,44,-0.7770532530735121,-0.4642857142857144,-0.3333333333333333,0.7989560702681785,Similarity-dominated
Harmora,STS16,minilm_l6,11,0.4844700669620815,0.6071428571428572,0.5238095238095238,0.7435054791580954,Similarity-dominated
Harmora,STS16,minilm_l6,22,0.4844700669620815,0.6071428571428572,0.5238095238095238,0.7435054791580954,Similarity-dominated
Harmora,STS16,minilm_l6,33,0.4844700669620815,0.6071428571428572,0.5238095238095238,0.7435054791580954,Similarity-dominated
Harmora,STS16,minilm_l6,44,0.4844700669620815,0.6071428571428572,0.5238095238095238,0.7435054791580954,Similarity-dominated
InfoNCE,STS16,minilm_l6,11,0.6240928225296125,0.4642857142857144,0.5238095238095238,0.7527942664154401,Similarity-dominated
InfoNCE,STS16,minilm_l6,22,0.6240928225296125,0.4642857142857144,0.5238095238095238,0.7527942664154401,Similarity-dominated
InfoNCE,STS16,minilm_l6,33,0.6240928225296125,0.4642857142857144,0.5238095238095238,0.7527942664154401,Similarity-dominated
InfoNCE,STS16,minilm_l6,44,0.6240928225296125,0.4642857142857144,0.5238095238095238,0.7527942664154401,Similarity-dominated
LiDAR,STS16,minilm_l6,11,-0.0759333060503628,-0.4285714285714286,-0.4285714285714286,0.6212799086059616,Similarity-dominated
LiDAR,STS16,minilm_l6,22,-0.0759333060503628,-0.4285714285714286,-0.4285714285714286,0.6212799086059616,Similarity-dominated
LiDAR,STS16,minilm_l6,33,-0.0759333060503628,-0.4285714285714286,-0.4285714285714286,0.6212799086059616,Similarity-dominated
LiDAR,STS16,minilm_l6,44,-0.0759333060503628,-0.4285714285714286,-0.4285714285714286,0.6212799086059616,Similarity-dominated
Matrix entropy,STS16,minilm_l6,11,0.6877560521769225,0.4642857142857144,0.5238095238095238,0.7860828093060108,Similarity-dominated
Matrix entropy,STS16,minilm_l6,22,0.6877560521769225,0.4642857142857144,0.5238095238095238,0.7860828093060108,Similarity-dominated
Matrix entropy,STS16,minilm_l6,33,0.6877560521769225,0.4642857142857144,0.5238095238095238,0.7860828093060108,Similarity-dominated
Matrix entropy,STS16,minilm_l6,44,0.6877560521769225,0.4642857142857144,0.5238095238095238,0.7860828093060108,Similarity-dominated
Participation ratio,STS16,minilm_l6,11,0.7001934398233067,-0.25,-0.4285714285714286,0.7979233587571486,Similarity-dominated
Participation ratio,STS16,minilm_l6,22,0.7001934398233067,-0.25,-0.4285714285714286,0.7979233587571486,Similarity-dominated
Participation ratio,STS16,minilm_l6,33,0.7001934398233067,-0.25,-0.4285714285714286,0.7979233587571486,Similarity-dominated
Participation ratio,STS16,minilm_l6,44,0.7001934398233067,-0.25,-0.4285714285714286,0.7979233587571486,Similarity-dominated
Spectral gap,STS16,minilm_l6,11,0.5707951938952046,-0.1428571428571428,-0.2380952380952381,0.7621371089700625,Similarity-dominated
Spectral gap,STS16,minilm_l6,22,0.5707951938952046,-0.1428571428571428,-0.2380952380952381,0.7621371089700625,Similarity-dominated
Spectral gap,STS16,minilm_l6,33,0.5707951938952046,-0.1428571428571428,-0.2380952380952381,0.7621371089700625,Similarity-dominated
Spectral gap,STS16,minilm_l6,44,0.5707951938952046,-0.1428571428571428,-0.2380952380952381,0.7621371089700625,Similarity-dominated
Anisotropy,STS16,mpnet_base,11,0.3896271036589598,-0.2252747252747252,-0.1794871794871794,0.527557221552622,Similarity-dominated
Anisotropy,STS16,mpnet_base,22,0.3896271036589598,-0.2252747252747252,-0.1794871794871794,0.527557221552622,Similarity-dominated
Anisotropy,STS16,mpnet_base,33,0.3896271036589598,-0.2252747252747252,-0.1794871794871794,0.527557221552622,Similarity-dominated
Anisotropy,STS16,mpnet_base,44,0.3896271036589598,-0.2252747252747252,-0.1794871794871794,0.527557221552622,Similarity-dominated
Curvature,STS16,mpnet_base,11,-0.4539834571912134,-0.7252747252747254,-0.5128205128205127,0.631393801059567,Similarity-dominated
Curvature,STS16,mpnet_base,22,-0.4539834571912134,-0.7252747252747254,-0.5128205128205127,0.631393801059567,Similarity-dominated
Curvature,STS16,mpnet_base,33,-0.4539834571912134,-0.7252747252747254,-0.5128205128205127,0.631393801059567,Similarity-dominated
Curvature,STS16,mpnet_base,44,-0.4539834571912134,-0.7252747252747254,-0.5128205128205127,0.631393801059567,Similarity-dominated
DiME,STS16,mpnet_base,11,-0.3693585687738708,-0.1703296703296703,-0.1282051282051281,0.4118850861750611,Similarity-dominated
DiME,STS16,mpnet_base,22,-0.3693585687738708,-0.1703296703296703,-0.1282051282051281,0.4118850861750611,Similarity-dominated
DiME,STS16,mpnet_base,33,-0.3693585687738708,-0.1703296703296703,-0.1282051282051281,0.4118850861750611,Similarity-dominated
DiME,STS16,mpnet_base,44,-0.3693585687738708,-0.1703296703296703,-0.1282051282051281,0.4118850861750611,Similarity-dominated
Harmora,STS16,mpnet_base,11,0.3360144601111924,0.6483516483516483,0.5128205128205127,0.5439478572829605,Similarity-dominated
Harmora,STS16,mpnet_base,22,0.3360144601111924,0.6483516483516483,0.5128205128205127,0.5439478572829605,Similarity-dominated
Harmora,STS16,mpnet_base,33,0.3360144601111924,0.6483516483516483,0.5128205128205127,0.5439478572829605,Similarity-dominated
Harmora,STS16,mpnet_base,44,0.3360144601111924,0.6483516483516483,0.5128205128205127,0.5439478572829605,Similarity-dominated
InfoNCE,STS16,mpnet_base,11,-0.0393005914098361,-0.456043956043956,-0.4358974358974358,0.5374242777306273,Similarity-dominated
InfoNCE,STS16,mpnet_base,22,-0.0393005914098361,-0.456043956043956,-0.4358974358974358,0.5374242777306273,Similarity-dominated
InfoNCE,STS16,mpnet_base,33,-0.0393005914098361,-0.456043956043956,-0.4358974358974358,0.5374242777306273,Similarity-dominated
InfoNCE,STS16,mpnet_base,44,-0.0393005914098361,-0.456043956043956,-0.4358974358974358,0.5374242777306273,Similarity-dominated
LiDAR,STS16,mpnet_base,11,0.0476020412657479,-0.1923076923076923,-0.1025641025641025,0.473709669880603,Similarity-dominated
LiDAR,STS16,mpnet_base,22,0.0476020412657479,-0.1923076923076923,-0.1025641025641025,0.473709669880603,Similarity-dominated
LiDAR,STS16,mpnet_base,33,0.0476020412657479,-0.1923076923076923,-0.1025641025641025,0.473709669880603,Similarity-dominated
LiDAR,STS16,mpnet_base,44,0.0476020412657479,-0.1923076923076923,-0.1025641025641025,0.473709669880603,Similarity-dominated
Matrix entropy,STS16,mpnet_base,11,0.2369724740318042,-0.3956043956043956,-0.3589743589743589,0.5246049873985363,Similarity-dominated
Matrix entropy,STS16,mpnet_base,22,0.2369724740318042,-0.3956043956043956,-0.3589743589743589,0.5246049873985363,Similarity-dominated
Matrix entropy,STS16,mpnet_base,33,0.2369724740318042,-0.3956043956043956,-0.3589743589743589,0.5246049873985363,Similarity-dominated
Matrix entropy,STS16,mpnet_base,44,0.2369724740318042,-0.3956043956043956,-0.3589743589743589,0.5246049873985363,Similarity-dominated
Participation ratio,STS16,mpnet_base,11,0.2401460631055404,-0.2527472527472527,-0.1794871794871794,0.5148232821785261,Similarity-dominated
Participation ratio,STS16,mpnet_base,22,0.2401460631055404,-0.2527472527472527,-0.1794871794871794,0.5148232821785261,Similarity-dominated
Participation ratio,STS16,mpnet_base,33,0.2401460631055404,-0.2527472527472527,-0.1794871794871794,0.5148232821785261,Similarity-dominated
Participation ratio,STS16,mpnet_base,44,0.2401460631055404,-0.2527472527472527,-0.1794871794871794,0.5148232821785261,Similarity-dominated
Spectral gap,STS16,mpnet_base,11,0.1951415736882115,-0.2197802197802197,-0.1025641025641025,0.5417777326187998,Similarity-dominated
Spectral gap,STS16,mpnet_base,22,0.1951415736882115,-0.2197802197802197,-0.1025641025641025,0.5417777326187998,Similarity-dominated
Spectral gap,STS16,mpnet_base,33,0.1951415736882115,-0.2197802197802197,-0.1025641025641025,0.5417777326187998,Similarity-dominated
Spectral gap,STS16,mpnet_base,44,0.1951415736882115,-0.2197802197802197,-0.1025641025641025,0.5417777326187998,Similarity-dominated
Anisotropy,STS16,snowflake_arctic_embed_m,11,0.8573957389811964,0.9510489510489512,0.8484848484848484,0.8933799136761978,Similarity-dominated
Anisotropy,STS16,snowflake_arctic_embed_m,22,0.8573957389811964,0.9510489510489512,0.8484848484848484,0.8933799136761978,Similarity-dominated
Anisotropy,STS16,snowflake_arctic_embed_m,33,0.8573957389811964,0.9510489510489512,0.8484848484848484,0.8933799136761978,Similarity-dominated
Anisotropy,STS16,snowflake_arctic_embed_m,44,0.8573957389811964,0.9510489510489512,0.8484848484848484,0.8933799136761978,Similarity-dominated
Curvature,STS16,snowflake_arctic_embed_m,11,-0.4804038159936122,-0.4895104895104896,-0.3333333333333333,0.6815762473197132,Similarity-dominated
Curvature,STS16,snowflake_arctic_embed_m,22,-0.4804038159936122,-0.4895104895104896,-0.3333333333333333,0.6815762473197132,Similarity-dominated
Curvature,STS16,snowflake_arctic_embed_m,33,-0.4804038159936122,-0.4895104895104896,-0.3333333333333333,0.6815762473197132,Similarity-dominated
Curvature,STS16,snowflake_arctic_embed_m,44,-0.4804038159936122,-0.4895104895104896,-0.3333333333333333,0.6815762473197132,Similarity-dominated
DiME,STS16,snowflake_arctic_embed_m,11,0.8486731042387199,0.8881118881118882,0.7575757575757575,0.8450956666610249,Similarity-dominated
DiME,STS16,snowflake_arctic_embed_m,22,0.8486731042387199,0.8881118881118882,0.7575757575757575,0.8450956666610249,Similarity-dominated
DiME,STS16,snowflake_arctic_embed_m,33,0.8486731042387199,0.8881118881118882,0.7575757575757575,0.8450956666610249,Similarity-dominated
DiME,STS16,snowflake_arctic_embed_m,44,0.8486731042387199,0.8881118881118882,0.7575757575757575,0.8450956666610249,Similarity-dominated
Harmora,STS16,snowflake_arctic_embed_m,11,0.8360598093788578,0.7692307692307694,0.6363636363636362,0.8155866593066894,Similarity-dominated
Harmora,STS16,snowflake_arctic_embed_m,22,0.8360598093788578,0.7692307692307694,0.6363636363636362,0.8155866593066894,Similarity-dominated
Harmora,STS16,snowflake_arctic_embed_m,33,0.8360598093788578,0.7692307692307694,0.6363636363636362,0.8155866593066894,Similarity-dominated
Harmora,STS16,snowflake_arctic_embed_m,44,0.8360598093788578,0.7692307692307694,0.6363636363636362,0.8155866593066894,Similarity-dominated
InfoNCE,STS16,snowflake_arctic_embed_m,11,0.8623785570337592,0.9510489510489512,0.8484848484848484,0.8930515253260064,Similarity-dominated
InfoNCE,STS16,snowflake_arctic_embed_m,22,0.8623785570337592,0.9510489510489512,0.8484848484848484,0.8930515253260064,Similarity-dominated
InfoNCE,STS16,snowflake_arctic_embed_m,33,0.8623785570337592,0.9510489510489512,0.8484848484848484,0.8930515253260064,Similarity-dominated
InfoNCE,STS16,snowflake_arctic_embed_m,44,0.8623785570337592,0.9510489510489512,0.8484848484848484,0.8930515253260064,Similarity-dominated
LiDAR,STS16,snowflake_arctic_embed_m,11,0.8689529694317653,0.8461538461538463,0.6666666666666666,0.8401452312690225,Similarity-dominated
LiDAR,STS16,snowflake_arctic_embed_m,22,0.8689529694317653,0.8461538461538463,0.6666666666666666,0.8401452312690225,Similarity-dominated
LiDAR,STS16,snowflake_arctic_embed_m,33,0.8689529694317653,0.8461538461538463,0.6666666666666666,0.8401452312690225,Similarity-dominated
LiDAR,STS16,snowflake_arctic_embed_m,44,0.8689529694317653,0.8461538461538463,0.6666666666666666,0.8401452312690225,Similarity-dominated
Matrix entropy,STS16,snowflake_arctic_embed_m,11,0.8823416815158224,0.9440559440559444,0.8181818181818181,0.8985196671444119,Similarity-dominated
Matrix entropy,STS16,snowflake_arctic_embed_m,22,0.8823416815158224,0.9440559440559444,0.8181818181818181,0.8985196671444119,Similarity-dominated
Matrix entropy,STS16,snowflake_arctic_embed_m,33,0.8823416815158224,0.9440559440559444,0.8181818181818181,0.8985196671444119,Similarity-dominated
Matrix entropy,STS16,snowflake_arctic_embed_m,44,0.8823416815158224,0.9440559440559444,0.8181818181818181,0.8985196671444119,Similarity-dominated
Participation ratio,STS16,snowflake_arctic_embed_m,11,0.4569540034687125,0.2447552447552448,0.1212121212121212,0.6728334373706648,Similarity-dominated
Participation ratio,STS16,snowflake_arctic_embed_m,22,0.4569540034687125,0.2447552447552448,0.1212121212121212,0.6728334373706648,Similarity-dominated
Participation ratio,STS16,snowflake_arctic_embed_m,33,0.4569540034687125,0.2447552447552448,0.1212121212121212,0.6728334373706648,Similarity-dominated
Participation ratio,STS16,snowflake_arctic_embed_m,44,0.4569540034687125,0.2447552447552448,0.1212121212121212,0.6728334373706648,Similarity-dominated
Spectral gap,STS16,snowflake_arctic_embed_m,11,0.3364615594926938,0.3146853146853147,0.2121212121212121,0.5552779270541921,Similarity-dominated
Spectral gap,STS16,snowflake_arctic_embed_m,22,0.3364615594926938,0.3146853146853147,0.2121212121212121,0.5552779270541921,Similarity-dominated
Spectral gap,STS16,snowflake_arctic_embed_m,33,0.3364615594926938,0.3146853146853147,0.2121212121212121,0.5552779270541921,Similarity-dominated
Spectral gap,STS16,snowflake_arctic_embed_m,44,0.3364615594926938,0.3146853146853147,0.2121212121212121,0.5552779270541921,Similarity-dominated
Anisotropy,STSBenchmark,bge_base_en_v15,11,0.717532224269056,0.5664335664335665,0.4545454545454545,0.7721283594207253,Similarity-dominated
Anisotropy,STSBenchmark,bge_base_en_v15,22,0.717532224269056,0.5664335664335665,0.4545454545454545,0.7721283594207253,Similarity-dominated
Anisotropy,STSBenchmark,bge_base_en_v15,33,0.717532224269056,0.5664335664335665,0.4545454545454545,0.7721283594207253,Similarity-dominated
Anisotropy,STSBenchmark,bge_base_en_v15,44,0.717532224269056,0.5664335664335665,0.4545454545454545,0.7721283594207253,Similarity-dominated
Curvature,STSBenchmark,bge_base_en_v15,11,0.4160027386312667,0.3706293706293707,0.2727272727272727,0.6367664284630321,Similarity-dominated
Curvature,STSBenchmark,bge_base_en_v15,22,0.4160027386312667,0.3706293706293707,0.2727272727272727,0.6367664284630321,Similarity-dominated
Curvature,STSBenchmark,bge_base_en_v15,33,0.4160027386312667,0.3706293706293707,0.2727272727272727,0.6367664284630321,Similarity-dominated
Curvature,STSBenchmark,bge_base_en_v15,44,0.4160027386312667,0.3706293706293707,0.2727272727272727,0.6367664284630321,Similarity-dominated
DiME,STSBenchmark,bge_base_en_v15,11,0.6406249566201399,0.4825174825174825,0.3333333333333333,0.7088385101838026,Similarity-dominated
DiME,STSBenchmark,bge_base_en_v15,22,0.6406249566201399,0.4825174825174825,0.3333333333333333,0.7088385101838026,Similarity-dominated
DiME,STSBenchmark,bge_base_en_v15,33,0.6406249566201399,0.4825174825174825,0.3333333333333333,0.7088385101838026,Similarity-dominated
DiME,STSBenchmark,bge_base_en_v15,44,0.6406249566201399,0.4825174825174825,0.3333333333333333,0.7088385101838026,Similarity-dominated
Harmora,STSBenchmark,bge_base_en_v15,11,0.3984217657387633,0.2727272727272727,0.2424242424242424,0.4466833068688415,Similarity-dominated
Harmora,STSBenchmark,bge_base_en_v15,22,0.3984217657387633,0.2727272727272727,0.2424242424242424,0.4466833068688415,Similarity-dominated
Harmora,STSBenchmark,bge_base_en_v15,33,0.3984217657387633,0.2727272727272727,0.2424242424242424,0.4466833068688415,Similarity-dominated
Harmora,STSBenchmark,bge_base_en_v15,44,0.3984217657387633,0.2727272727272727,0.2424242424242424,0.4466833068688415,Similarity-dominated
InfoNCE,STSBenchmark,bge_base_en_v15,11,0.7403177735861965,0.5524475524475525,0.4242424242424242,0.7938672053228217,Similarity-dominated
InfoNCE,STSBenchmark,bge_base_en_v15,22,0.7403177735861965,0.5524475524475525,0.4242424242424242,0.7938672053228217,Similarity-dominated
InfoNCE,STSBenchmark,bge_base_en_v15,33,0.7403177735861965,0.5524475524475525,0.4242424242424242,0.7938672053228217,Similarity-dominated
InfoNCE,STSBenchmark,bge_base_en_v15,44,0.7403177735861965,0.5524475524475525,0.4242424242424242,0.7938672053228217,Similarity-dominated
LiDAR,STSBenchmark,bge_base_en_v15,11,0.6551337333957049,0.7482517482517484,0.6363636363636362,0.659850802108463,Similarity-dominated
LiDAR,STSBenchmark,bge_base_en_v15,22,0.6551337333957049,0.7482517482517484,0.6363636363636362,0.659850802108463,Similarity-dominated
LiDAR,STSBenchmark,bge_base_en_v15,33,0.6551337333957049,0.7482517482517484,0.6363636363636362,0.659850802108463,Similarity-dominated
LiDAR,STSBenchmark,bge_base_en_v15,44,0.6551337333957049,0.7482517482517484,0.6363636363636362,0.659850802108463,Similarity-dominated
Matrix entropy,STSBenchmark,bge_base_en_v15,11,0.6878099366070616,0.5454545454545455,0.4242424242424242,0.7367086369885761,Similarity-dominated
Matrix entropy,STSBenchmark,bge_base_en_v15,22,0.6878099366070616,0.5454545454545455,0.4242424242424242,0.7367086369885761,Similarity-dominated
Matrix entropy,STSBenchmark,bge_base_en_v15,33,0.6878099366070616,0.5454545454545455,0.4242424242424242,0.7367086369885761,Similarity-dominated
Matrix entropy,STSBenchmark,bge_base_en_v15,44,0.6878099366070616,0.5454545454545455,0.4242424242424242,0.7367086369885761,Similarity-dominated
Participation ratio,STSBenchmark,bge_base_en_v15,11,0.7298467257726031,0.5664335664335665,0.4242424242424242,0.7774048007743676,Similarity-dominated
Participation ratio,STSBenchmark,bge_base_en_v15,22,0.7298467257726031,0.5664335664335665,0.4242424242424242,0.7774048007743676,Similarity-dominated
Participation ratio,STSBenchmark,bge_base_en_v15,33,0.7298467257726031,0.5664335664335665,0.4242424242424242,0.7774048007743676,Similarity-dominated
Participation ratio,STSBenchmark,bge_base_en_v15,44,0.7298467257726031,0.5664335664335665,0.4242424242424242,0.7774048007743676,Similarity-dominated
Spectral gap,STSBenchmark,bge_base_en_v15,11,0.3728265807697877,0.4895104895104896,0.3333333333333333,0.6072896409363058,Similarity-dominated
Spectral gap,STSBenchmark,bge_base_en_v15,22,0.3728265807697877,0.4895104895104896,0.3333333333333333,0.6072896409363058,Similarity-dominated
Spectral gap,STSBenchmark,bge_base_en_v15,33,0.3728265807697877,0.4895104895104896,0.3333333333333333,0.6072896409363058,Similarity-dominated
Spectral gap,STSBenchmark,bge_base_en_v15,44,0.3728265807697877,0.4895104895104896,0.3333333333333333,0.6072896409363058,Similarity-dominated
Anisotropy,STSBenchmark,bge_large_en_v15,11,0.4110654997047885,0.148695652173913,0.0797101449275362,0.5662823768951224,Similarity-dominated
Anisotropy,STSBenchmark,bge_large_en_v15,22,0.4110654997047885,0.148695652173913,0.0797101449275362,0.5662823768951224,Similarity-dominated
Anisotropy,STSBenchmark,bge_large_en_v15,33,0.4110654997047885,0.148695652173913,0.0797101449275362,0.5662823768951224,Similarity-dominated
Anisotropy,STSBenchmark,bge_large_en_v15,44,0.4110654997047885,0.148695652173913,0.0797101449275362,0.5662823768951224,Similarity-dominated
Curvature,STSBenchmark,bge_large_en_v15,11,0.7043732779258944,0.5608695652173912,0.4057971014492753,0.7203258049637594,Similarity-dominated
Curvature,STSBenchmark,bge_large_en_v15,22,0.7043732779258944,0.5608695652173912,0.4057971014492753,0.7203258049637594,Similarity-dominated
Curvature,STSBenchmark,bge_large_en_v15,33,0.7043732779258944,0.5608695652173912,0.4057971014492753,0.7203258049637594,Similarity-dominated
Curvature,STSBenchmark,bge_large_en_v15,44,0.7043732779258944,0.5608695652173912,0.4057971014492753,0.7203258049637594,Similarity-dominated
DiME,STSBenchmark,bge_large_en_v15,11,0.1647014588024976,0.0921739130434782,0.0217391304347826,0.4503538613670774,Similarity-dominated
DiME,STSBenchmark,bge_large_en_v15,22,0.1647014588024976,0.0921739130434782,0.0217391304347826,0.4503538613670774,Similarity-dominated
DiME,STSBenchmark,bge_large_en_v15,33,0.1647014588024976,0.0921739130434782,0.0217391304347826,0.4503538613670774,Similarity-dominated
DiME,STSBenchmark,bge_large_en_v15,44,0.1647014588024976,0.0921739130434782,0.0217391304347826,0.4503538613670774,Similarity-dominated
Harmora,STSBenchmark,bge_large_en_v15,11,-0.0277324644245079,-0.0060869565217391,-0.072463768115942,0.4507339672398658,Similarity-dominated
Harmora,STSBenchmark,bge_large_en_v15,22,-0.0277324644245079,-0.0060869565217391,-0.072463768115942,0.4507339672398658,Similarity-dominated
Harmora,STSBenchmark,bge_large_en_v15,33,-0.0277324644245079,-0.0060869565217391,-0.072463768115942,0.4507339672398658,Similarity-dominated
Harmora,STSBenchmark,bge_large_en_v15,44,-0.0277324644245079,-0.0060869565217391,-0.072463768115942,0.4507339672398658,Similarity-dominated
InfoNCE,STSBenchmark,bge_large_en_v15,11,0.4635459326088636,0.1495652173913043,0.0869565217391304,0.6163398438754378,Similarity-dominated
InfoNCE,STSBenchmark,bge_large_en_v15,22,0.4635459326088636,0.1495652173913043,0.0869565217391304,0.6163398438754378,Similarity-dominated
InfoNCE,STSBenchmark,bge_large_en_v15,33,0.4635459326088636,0.1495652173913043,0.0869565217391304,0.6163398438754378,Similarity-dominated
InfoNCE,STSBenchmark,bge_large_en_v15,44,0.4635459326088636,0.1495652173913043,0.0869565217391304,0.6163398438754378,Similarity-dominated
LiDAR,STSBenchmark,bge_large_en_v15,11,0.593638697296705,0.3678260869565217,0.2826086956521739,0.6065600711371838,Similarity-dominated
LiDAR,STSBenchmark,bge_large_en_v15,22,0.593638697296705,0.3678260869565217,0.2826086956521739,0.6065600711371838,Similarity-dominated
LiDAR,STSBenchmark,bge_large_en_v15,33,0.593638697296705,0.3678260869565217,0.2826086956521739,0.6065600711371838,Similarity-dominated
LiDAR,STSBenchmark,bge_large_en_v15,44,0.593638697296705,0.3678260869565217,0.2826086956521739,0.6065600711371838,Similarity-dominated
Matrix entropy,STSBenchmark,bge_large_en_v15,11,0.4587012747966825,0.1495652173913043,0.0869565217391304,0.6117649851431712,Similarity-dominated
Matrix entropy,STSBenchmark,bge_large_en_v15,22,0.4587012747966825,0.1495652173913043,0.0869565217391304,0.6117649851431712,Similarity-dominated
Matrix entropy,STSBenchmark,bge_large_en_v15,33,0.4587012747966825,0.1495652173913043,0.0869565217391304,0.6117649851431712,Similarity-dominated
Matrix entropy,STSBenchmark,bge_large_en_v15,44,0.4587012747966825,0.1495652173913043,0.0869565217391304,0.6117649851431712,Similarity-dominated
Participation ratio,STSBenchmark,bge_large_en_v15,11,0.7653079178406553,0.7956521739130433,0.6159420289855072,0.7910281125227402,Similarity-dominated
Participation ratio,STSBenchmark,bge_large_en_v15,22,0.7653079178406553,0.7956521739130433,0.6159420289855072,0.7910281125227402,Similarity-dominated
Participation ratio,STSBenchmark,bge_large_en_v15,33,0.7653079178406553,0.7956521739130433,0.6159420289855072,0.7910281125227402,Similarity-dominated
Participation ratio,STSBenchmark,bge_large_en_v15,44,0.7653079178406553,0.7956521739130433,0.6159420289855072,0.7910281125227402,Similarity-dominated
Spectral gap,STSBenchmark,bge_large_en_v15,11,0.7681894590070364,0.7330434782608695,0.536231884057971,0.7828156101030112,Similarity-dominated
Spectral gap,STSBenchmark,bge_large_en_v15,22,0.7681894590070364,0.7330434782608695,0.536231884057971,0.7828156101030112,Similarity-dominated
Spectral gap,STSBenchmark,bge_large_en_v15,33,0.7681894590070364,0.7330434782608695,0.536231884057971,0.7828156101030112,Similarity-dominated
Spectral gap,STSBenchmark,bge_large_en_v15,44,0.7681894590070364,0.7330434782608695,0.536231884057971,0.7828156101030112,Similarity-dominated
Anisotropy,STSBenchmark,e5_base_v2,11,-0.1016192992703894,-0.3736263736263736,-0.282051282051282,0.4983312900556279,Similarity-dominated
Anisotropy,STSBenchmark,e5_base_v2,22,-0.1016192992703894,-0.3736263736263736,-0.282051282051282,0.4983312900556279,Similarity-dominated
Anisotropy,STSBenchmark,e5_base_v2,33,-0.1016192992703894,-0.3736263736263736,-0.282051282051282,0.4983312900556279,Similarity-dominated
Anisotropy,STSBenchmark,e5_base_v2,44,-0.1016192992703894,-0.3736263736263736,-0.282051282051282,0.4983312900556279,Similarity-dominated
Curvature,STSBenchmark,e5_base_v2,11,0.7068041541599634,0.3406593406593406,0.2307692307692307,0.7751494472587329,Similarity-dominated
Curvature,STSBenchmark,e5_base_v2,22,0.7068041541599634,0.3406593406593406,0.2307692307692307,0.7751494472587329,Similarity-dominated
Curvature,STSBenchmark,e5_base_v2,33,0.7068041541599634,0.3406593406593406,0.2307692307692307,0.7751494472587329,Similarity-dominated
Curvature,STSBenchmark,e5_base_v2,44,0.7068041541599634,0.3406593406593406,0.2307692307692307,0.7751494472587329,Similarity-dominated
DiME,STSBenchmark,e5_base_v2,11,-0.6112902905714911,-0.3461538461538461,-0.2564102564102563,0.6475963468764085,Similarity-dominated
DiME,STSBenchmark,e5_base_v2,22,-0.6112902905714911,-0.3461538461538461,-0.2564102564102563,0.6475963468764085,Similarity-dominated
DiME,STSBenchmark,e5_base_v2,33,-0.6112902905714911,-0.3461538461538461,-0.2564102564102563,0.6475963468764085,Similarity-dominated
DiME,STSBenchmark,e5_base_v2,44,-0.6112902905714911,-0.3461538461538461,-0.2564102564102563,0.6475963468764085,Similarity-dominated
Harmora,STSBenchmark,e5_base_v2,11,0.8068739908516568,0.8901098901098902,0.7435897435897434,0.8092006024852042,Similarity-dominated
Harmora,STSBenchmark,e5_base_v2,22,0.8068739908516568,0.8901098901098902,0.7435897435897434,0.8092006024852042,Similarity-dominated
Harmora,STSBenchmark,e5_base_v2,33,0.8068739908516568,0.8901098901098902,0.7435897435897434,0.8092006024852042,Similarity-dominated
Harmora,STSBenchmark,e5_base_v2,44,0.8068739908516568,0.8901098901098902,0.7435897435897434,0.8092006024852042,Similarity-dominated
InfoNCE,STSBenchmark,e5_base_v2,11,-0.085606793036206,-0.3736263736263736,-0.282051282051282,0.4947601506797397,Similarity-dominated
InfoNCE,STSBenchmark,e5_base_v2,22,-0.085606793036206,-0.3736263736263736,-0.282051282051282,0.4947601506797397,Similarity-dominated
InfoNCE,STSBenchmark,e5_base_v2,33,-0.085606793036206,-0.3736263736263736,-0.282051282051282,0.4947601506797397,Similarity-dominated
InfoNCE,STSBenchmark,e5_base_v2,44,-0.085606793036206,-0.3736263736263736,-0.282051282051282,0.4947601506797397,Similarity-dominated
LiDAR,STSBenchmark,e5_base_v2,11,-0.3943569917398822,-0.7087912087912087,-0.5897435897435896,0.5654420360846866,Similarity-dominated
LiDAR,STSBenchmark,e5_base_v2,22,-0.3943569917398822,-0.7087912087912087,-0.5897435897435896,0.5654420360846866,Similarity-dominated
LiDAR,STSBenchmark,e5_base_v2,33,-0.3943569917398822,-0.7087912087912087,-0.5897435897435896,0.5654420360846866,Similarity-dominated
LiDAR,STSBenchmark,e5_base_v2,44,-0.3943569917398822,-0.7087912087912087,-0.5897435897435896,0.5654420360846866,Similarity-dominated
Matrix entropy,STSBenchmark,e5_base_v2,11,0.0904498858364747,-0.1648351648351648,-0.1025641025641025,0.4733948917355176,Similarity-dominated
Matrix entropy,STSBenchmark,e5_base_v2,22,0.0904498858364747,-0.1648351648351648,-0.1025641025641025,0.4733948917355176,Similarity-dominated
Matrix entropy,STSBenchmark,e5_base_v2,33,0.0904498858364747,-0.1648351648351648,-0.1025641025641025,0.4733948917355176,Similarity-dominated
Matrix entropy,STSBenchmark,e5_base_v2,44,0.0904498858364747,-0.1648351648351648,-0.1025641025641025,0.4733948917355176,Similarity-dominated
Participation ratio,STSBenchmark,e5_base_v2,11,0.3691308505506516,-0.2637362637362637,-0.2564102564102563,0.5748571214912841,Similarity-dominated
Participation ratio,STSBenchmark,e5_base_v2,22,0.3691308505506516,-0.2637362637362637,-0.2564102564102563,0.5748571214912841,Similarity-dominated
Participation ratio,STSBenchmark,e5_base_v2,33,0.3691308505506516,-0.2637362637362637,-0.2564102564102563,0.5748571214912841,Similarity-dominated
Participation ratio,STSBenchmark,e5_base_v2,44,0.3691308505506516,-0.2637362637362637,-0.2564102564102563,0.5748571214912841,Similarity-dominated
Spectral gap,STSBenchmark,e5_base_v2,11,0.2489868477843582,-0.0769230769230769,-0.1282051282051281,0.5336779338741894,Similarity-dominated
Spectral gap,STSBenchmark,e5_base_v2,22,0.2489868477843582,-0.0769230769230769,-0.1282051282051281,0.5336779338741894,Similarity-dominated
Spectral gap,STSBenchmark,e5_base_v2,33,0.2489868477843582,-0.0769230769230769,-0.1282051282051281,0.5336779338741894,Similarity-dominated
Spectral gap,STSBenchmark,e5_base_v2,44,0.2489868477843582,-0.0769230769230769,-0.1282051282051281,0.5336779338741894,Similarity-dominated
Anisotropy,STSBenchmark,e5_large_v2,11,0.3170413386813816,0.3884615384615384,0.2666666666666666,0.5359806408363407,Similarity-dominated
Anisotropy,STSBenchmark,e5_large_v2,22,0.3170413386813816,0.3884615384615384,0.2666666666666666,0.5359806408363407,Similarity-dominated
Anisotropy,STSBenchmark,e5_large_v2,33,0.3170413386813816,0.3884615384615384,0.2666666666666666,0.5359806408363407,Similarity-dominated
Anisotropy,STSBenchmark,e5_large_v2,44,0.3170413386813816,0.3884615384615384,0.2666666666666666,0.5359806408363407,Similarity-dominated
Curvature,STSBenchmark,e5_large_v2,11,0.4196054867614951,0.3123076923076923,0.2333333333333332,0.4379931729568865,Similarity-dominated
Curvature,STSBenchmark,e5_large_v2,22,0.4196054867614951,0.3123076923076923,0.2333333333333332,0.4379931729568865,Similarity-dominated
Curvature,STSBenchmark,e5_large_v2,33,0.4196054867614951,0.3123076923076923,0.2333333333333332,0.4379931729568865,Similarity-dominated
Curvature,STSBenchmark,e5_large_v2,44,0.4196054867614951,0.3123076923076923,0.2333333333333332,0.4379931729568865,Similarity-dominated
DiME,STSBenchmark,e5_large_v2,11,0.0228677577032928,0.2476923076923076,0.1666666666666666,0.4164883681154726,Similarity-dominated
DiME,STSBenchmark,e5_large_v2,22,0.0228677577032928,0.2476923076923076,0.1666666666666666,0.4164883681154726,Similarity-dominated
DiME,STSBenchmark,e5_large_v2,33,0.0228677577032928,0.2476923076923076,0.1666666666666666,0.4164883681154726,Similarity-dominated
DiME,STSBenchmark,e5_large_v2,44,0.0228677577032928,0.2476923076923076,0.1666666666666666,0.4164883681154726,Similarity-dominated
Harmora,STSBenchmark,e5_large_v2,11,0.9075956906598334,0.9423076923076924,0.8199999999999998,0.9079595849938272,Similarity-dominated
Harmora,STSBenchmark,e5_large_v2,22,0.9075956906598334,0.9423076923076924,0.8199999999999998,0.9079595849938272,Similarity-dominated
Harmora,STSBenchmark,e5_large_v2,33,0.9075956906598334,0.9423076923076924,0.8199999999999998,0.9079595849938272,Similarity-dominated
Harmora,STSBenchmark,e5_large_v2,44,0.9075956906598334,0.9423076923076924,0.8199999999999998,0.9079595849938272,Similarity-dominated
InfoNCE,STSBenchmark,e5_large_v2,11,0.3216253106768992,0.3446153846153846,0.2266666666666666,0.5325386777471988,Similarity-dominated
InfoNCE,STSBenchmark,e5_large_v2,22,0.3216253106768992,0.3446153846153846,0.2266666666666666,0.5325386777471988,Similarity-dominated
InfoNCE,STSBenchmark,e5_large_v2,33,0.3216253106768992,0.3446153846153846,0.2266666666666666,0.5325386777471988,Similarity-dominated
InfoNCE,STSBenchmark,e5_large_v2,44,0.3216253106768992,0.3446153846153846,0.2266666666666666,0.5325386777471988,Similarity-dominated
LiDAR,STSBenchmark,e5_large_v2,11,-0.3991115221787167,-0.7861538461538461,-0.6599999999999998,0.624435516885873,Similarity-dominated
LiDAR,STSBenchmark,e5_large_v2,22,-0.3991115221787167,-0.7861538461538461,-0.6599999999999998,0.624435516885873,Similarity-dominated
LiDAR,STSBenchmark,e5_large_v2,33,-0.3991115221787167,-0.7861538461538461,-0.6599999999999998,0.624435516885873,Similarity-dominated
LiDAR,STSBenchmark,e5_large_v2,44,-0.3991115221787167,-0.7861538461538461,-0.6599999999999998,0.624435516885873,Similarity-dominated
Matrix entropy,STSBenchmark,e5_large_v2,11,0.3155197848691823,0.2415384615384615,0.1666666666666666,0.5210054581017152,Similarity-dominated
Matrix entropy,STSBenchmark,e5_large_v2,22,0.3155197848691823,0.2415384615384615,0.1666666666666666,0.5210054581017152,Similarity-dominated
Matrix entropy,STSBenchmark,e5_large_v2,33,0.3155197848691823,0.2415384615384615,0.1666666666666666,0.5210054581017152,Similarity-dominated
Matrix entropy,STSBenchmark,e5_large_v2,44,0.3155197848691823,0.2415384615384615,0.1666666666666666,0.5210054581017152,Similarity-dominated
Participation ratio,STSBenchmark,e5_large_v2,11,0.1249529199442698,-0.4361538461538461,-0.3399999999999999,0.5240521874924662,Similarity-dominated
Participation ratio,STSBenchmark,e5_large_v2,22,0.1249529199442698,-0.4361538461538461,-0.3399999999999999,0.5240521874924662,Similarity-dominated
Participation ratio,STSBenchmark,e5_large_v2,33,0.1249529199442698,-0.4361538461538461,-0.3399999999999999,0.5240521874924662,Similarity-dominated
Participation ratio,STSBenchmark,e5_large_v2,44,0.1249529199442698,-0.4361538461538461,-0.3399999999999999,0.5240521874924662,Similarity-dominated
Spectral gap,STSBenchmark,e5_large_v2,11,0.1672826889524709,-0.2961538461538461,-0.2666666666666666,0.5331823294673372,Similarity-dominated
Spectral gap,STSBenchmark,e5_large_v2,22,0.1672826889524709,-0.2961538461538461,-0.2666666666666666,0.5331823294673372,Similarity-dominated
Spectral gap,STSBenchmark,e5_large_v2,33,0.1672826889524709,-0.2961538461538461,-0.2666666666666666,0.5331823294673372,Similarity-dominated
Spectral gap,STSBenchmark,e5_large_v2,44,0.1672826889524709,-0.2961538461538461,-0.2666666666666666,0.5331823294673372,Similarity-dominated
Anisotropy,STSBenchmark,minilm_l6,11,0.8153953304908442,0.3571428571428572,0.3333333333333333,0.8571156331277385,Similarity-dominated
Anisotropy,STSBenchmark,minilm_l6,22,0.8153953304908442,0.3571428571428572,0.3333333333333333,0.8571156331277385,Similarity-dominated
Anisotropy,STSBenchmark,minilm_l6,33,0.8153953304908442,0.3571428571428572,0.3333333333333333,0.8571156331277385,Similarity-dominated
Anisotropy,STSBenchmark,minilm_l6,44,0.8153953304908442,0.3571428571428572,0.3333333333333333,0.8571156331277385,Similarity-dominated
Curvature,STSBenchmark,minilm_l6,11,-0.0408094256784827,-0.4642857142857144,-0.2380952380952381,0.4907570688803671,Similarity-dominated
Curvature,STSBenchmark,minilm_l6,22,-0.0408094256784827,-0.4642857142857144,-0.2380952380952381,0.4907570688803671,Similarity-dominated
Curvature,STSBenchmark,minilm_l6,33,-0.0408094256784827,-0.4642857142857144,-0.2380952380952381,0.4907570688803671,Similarity-dominated
Curvature,STSBenchmark,minilm_l6,44,-0.0408094256784827,-0.4642857142857144,-0.2380952380952381,0.4907570688803671,Similarity-dominated
DiME,STSBenchmark,minilm_l6,11,-0.8997584773343581,-0.4642857142857144,-0.3333333333333333,0.8983510775052082,Similarity-dominated
DiME,STSBenchmark,minilm_l6,22,-0.8997584773343581,-0.4642857142857144,-0.3333333333333333,0.8983510775052082,Similarity-dominated
DiME,STSBenchmark,minilm_l6,33,-0.8997584773343581,-0.4642857142857144,-0.3333333333333333,0.8983510775052082,Similarity-dominated
DiME,STSBenchmark,minilm_l6,44,-0.8997584773343581,-0.4642857142857144,-0.3333333333333333,0.8983510775052082,Similarity-dominated
Harmora,STSBenchmark,minilm_l6,11,0.2190814493112947,0.6785714285714287,0.5238095238095238,0.5328752791069139,Similarity-dominated
Harmora,STSBenchmark,minilm_l6,22,0.2190814493112947,0.6785714285714287,0.5238095238095238,0.5328752791069139,Similarity-dominated
Harmora,STSBenchmark,minilm_l6,33,0.2190814493112947,0.6785714285714287,0.5238095238095238,0.5328752791069139,Similarity-dominated
Harmora,STSBenchmark,minilm_l6,44,0.2190814493112947,0.6785714285714287,0.5238095238095238,0.5328752791069139,Similarity-dominated
InfoNCE,STSBenchmark,minilm_l6,11,0.7371728674691418,0.3928571428571429,0.3333333333333333,0.7955688384555681,Similarity-dominated
InfoNCE,STSBenchmark,minilm_l6,22,0.7371728674691418,0.3928571428571429,0.3333333333333333,0.7955688384555681,Similarity-dominated
InfoNCE,STSBenchmark,minilm_l6,33,0.7371728674691418,0.3928571428571429,0.3333333333333333,0.7955688384555681,Similarity-dominated
InfoNCE,STSBenchmark,minilm_l6,44,0.7371728674691418,0.3928571428571429,0.3333333333333333,0.7955688384555681,Similarity-dominated
LiDAR,STSBenchmark,minilm_l6,11,0.3522818135959358,-0.1428571428571428,-0.2380952380952381,0.561653178588969,Similarity-dominated
LiDAR,STSBenchmark,minilm_l6,22,0.3522818135959358,-0.1428571428571428,-0.2380952380952381,0.561653178588969,Similarity-dominated
LiDAR,STSBenchmark,minilm_l6,33,0.3522818135959358,-0.1428571428571428,-0.2380952380952381,0.561653178588969,Similarity-dominated
LiDAR,STSBenchmark,minilm_l6,44,0.3522818135959358,-0.1428571428571428,-0.2380952380952381,0.561653178588969,Similarity-dominated
Matrix entropy,STSBenchmark,minilm_l6,11,0.7964648184898898,0.3928571428571429,0.3333333333333333,0.8423500583382787,Similarity-dominated
Matrix entropy,STSBenchmark,minilm_l6,22,0.7964648184898898,0.3928571428571429,0.3333333333333333,0.8423500583382787,Similarity-dominated
Matrix entropy,STSBenchmark,minilm_l6,33,0.7964648184898898,0.3928571428571429,0.3333333333333333,0.8423500583382787,Similarity-dominated
Matrix entropy,STSBenchmark,minilm_l6,44,0.7964648184898898,0.3928571428571429,0.3333333333333333,0.8423500583382787,Similarity-dominated
Participation ratio,STSBenchmark,minilm_l6,11,0.8017262687377482,0.0,-0.0476190476190476,0.8582321771340173,Similarity-dominated
Participation ratio,STSBenchmark,minilm_l6,22,0.8017262687377482,0.0,-0.0476190476190476,0.8582321771340173,Similarity-dominated
Participation ratio,STSBenchmark,minilm_l6,33,0.8017262687377482,0.0,-0.0476190476190476,0.8582321771340173,Similarity-dominated
Participation ratio,STSBenchmark,minilm_l6,44,0.8017262687377482,0.0,-0.0476190476190476,0.8582321771340173,Similarity-dominated
Spectral gap,STSBenchmark,minilm_l6,11,0.5577656479838387,0.0,-0.0476190476190476,0.682264497090298,Similarity-dominated
Spectral gap,STSBenchmark,minilm_l6,22,0.5577656479838387,0.0,-0.0476190476190476,0.682264497090298,Similarity-dominated
Spectral gap,STSBenchmark,minilm_l6,33,0.5577656479838387,0.0,-0.0476190476190476,0.682264497090298,Similarity-dominated
Spectral gap,STSBenchmark,minilm_l6,44,0.5577656479838387,0.0,-0.0476190476190476,0.682264497090298,Similarity-dominated
Anisotropy,STSBenchmark,mpnet_base,11,0.7490188052456725,0.6153846153846153,0.4871794871794871,0.7576111510952951,Similarity-dominated
Anisotropy,STSBenchmark,mpnet_base,22,0.7490188052456725,0.6153846153846153,0.4871794871794871,0.7576111510952951,Similarity-dominated
Anisotropy,STSBenchmark,mpnet_base,33,0.7490188052456725,0.6153846153846153,0.4871794871794871,0.7576111510952951,Similarity-dominated
Anisotropy,STSBenchmark,mpnet_base,44,0.7490188052456725,0.6153846153846153,0.4871794871794871,0.7576111510952951,Similarity-dominated
Curvature,STSBenchmark,mpnet_base,11,0.8121636376844374,0.4890109890109889,0.3333333333333332,0.8631895068437293,Similarity-dominated
Curvature,STSBenchmark,mpnet_base,22,0.8121636376844374,0.4890109890109889,0.3333333333333332,0.8631895068437293,Similarity-dominated
Curvature,STSBenchmark,mpnet_base,33,0.8121636376844374,0.4890109890109889,0.3333333333333332,0.8631895068437293,Similarity-dominated
Curvature,STSBenchmark,mpnet_base,44,0.8121636376844374,0.4890109890109889,0.3333333333333332,0.8631895068437293,Similarity-dominated
DiME,STSBenchmark,mpnet_base,11,-0.4788582748014219,-0.0659340659340659,-0.0512820512820512,0.5208008465953051,Similarity-dominated
DiME,STSBenchmark,mpnet_base,22,-0.4788582748014219,-0.0659340659340659,-0.0512820512820512,0.5208008465953051,Similarity-dominated
DiME,STSBenchmark,mpnet_base,33,-0.4788582748014219,-0.0659340659340659,-0.0512820512820512,0.5208008465953051,Similarity-dominated
DiME,STSBenchmark,mpnet_base,44,-0.4788582748014219,-0.0659340659340659,-0.0512820512820512,0.5208008465953051,Similarity-dominated
Harmora,STSBenchmark,mpnet_base,11,-0.1153934903131728,-0.1208791208791208,-0.0512820512820512,0.3582433766524751,Similarity-dominated
Harmora,STSBenchmark,mpnet_base,22,-0.1153934903131728,-0.1208791208791208,-0.0512820512820512,0.3582433766524751,Similarity-dominated
Harmora,STSBenchmark,mpnet_base,33,-0.1153934903131728,-0.1208791208791208,-0.0512820512820512,0.3582433766524751,Similarity-dominated
Harmora,STSBenchmark,mpnet_base,44,-0.1153934903131728,-0.1208791208791208,-0.0512820512820512,0.3582433766524751,Similarity-dominated
InfoNCE,STSBenchmark,mpnet_base,11,0.6801184794127655,0.6648351648351648,0.4871794871794871,0.7090420642537087,Similarity-dominated
InfoNCE,STSBenchmark,mpnet_base,22,0.6801184794127655,0.6648351648351648,0.4871794871794871,0.7090420642537087,Similarity-dominated
InfoNCE,STSBenchmark,mpnet_base,33,0.6801184794127655,0.6648351648351648,0.4871794871794871,0.7090420642537087,Similarity-dominated
InfoNCE,STSBenchmark,mpnet_base,44,0.6801184794127655,0.6648351648351648,0.4871794871794871,0.7090420642537087,Similarity-dominated
LiDAR,STSBenchmark,mpnet_base,11,0.478619624304709,0.4340659340659341,0.3076923076923076,0.5645195283850545,Similarity-dominated
LiDAR,STSBenchmark,mpnet_base,22,0.478619624304709,0.4340659340659341,0.3076923076923076,0.5645195283850545,Similarity-dominated
LiDAR,STSBenchmark,mpnet_base,33,0.478619624304709,0.4340659340659341,0.3076923076923076,0.5645195283850545,Similarity-dominated
LiDAR,STSBenchmark,mpnet_base,44,0.478619624304709,0.4340659340659341,0.3076923076923076,0.5645195283850545,Similarity-dominated
Matrix entropy,STSBenchmark,mpnet_base,11,0.7363208127457062,0.7472527472527472,0.6410256410256409,0.7542254607245721,Similarity-dominated
Matrix entropy,STSBenchmark,mpnet_base,22,0.7363208127457062,0.7472527472527472,0.6410256410256409,0.7542254607245721,Similarity-dominated
Matrix entropy,STSBenchmark,mpnet_base,33,0.7363208127457062,0.7472527472527472,0.6410256410256409,0.7542254607245721,Similarity-dominated
Matrix entropy,STSBenchmark,mpnet_base,44,0.7363208127457062,0.7472527472527472,0.6410256410256409,0.7542254607245721,Similarity-dominated
Participation ratio,STSBenchmark,mpnet_base,11,0.7349825173161406,0.6703296703296703,0.5128205128205127,0.7364844094997441,Similarity-dominated
Participation ratio,STSBenchmark,mpnet_base,22,0.7349825173161406,0.6703296703296703,0.5128205128205127,0.7364844094997441,Similarity-dominated
Participation ratio,STSBenchmark,mpnet_base,33,0.7349825173161406,0.6703296703296703,0.5128205128205127,0.7364844094997441,Similarity-dominated
Participation ratio,STSBenchmark,mpnet_base,44,0.7349825173161406,0.6703296703296703,0.5128205128205127,0.7364844094997441,Similarity-dominated
Spectral gap,STSBenchmark,mpnet_base,11,0.7993965918124423,0.7802197802197801,0.6153846153846153,0.8040133213155404,Similarity-dominated
Spectral gap,STSBenchmark,mpnet_base,22,0.7993965918124423,0.7802197802197801,0.6153846153846153,0.8040133213155404,Similarity-dominated
Spectral gap,STSBenchmark,mpnet_base,33,0.7993965918124423,0.7802197802197801,0.6153846153846153,0.8040133213155404,Similarity-dominated
Spectral gap,STSBenchmark,mpnet_base,44,0.7993965918124423,0.7802197802197801,0.6153846153846153,0.8040133213155404,Similarity-dominated
Anisotropy,STSBenchmark,snowflake_arctic_embed_m,11,0.8502459103700587,0.8181818181818183,0.6666666666666666,0.8709855244107877,Similarity-dominated
Anisotropy,STSBenchmark,snowflake_arctic_embed_m,22,0.8502459103700587,0.8181818181818183,0.6666666666666666,0.8709855244107877,Similarity-dominated
Anisotropy,STSBenchmark,snowflake_arctic_embed_m,33,0.8502459103700587,0.8181818181818183,0.6666666666666666,0.8709855244107877,Similarity-dominated
Anisotropy,STSBenchmark,snowflake_arctic_embed_m,44,0.8502459103700587,0.8181818181818183,0.6666666666666666,0.8709855244107877,Similarity-dominated
Curvature,STSBenchmark,snowflake_arctic_embed_m,11,0.13366795012161,0.1538461538461538,0.0606060606060606,0.6190623037151174,Similarity-dominated
Curvature,STSBenchmark,snowflake_arctic_embed_m,22,0.13366795012161,0.1538461538461538,0.0606060606060606,0.6190623037151174,Similarity-dominated
Curvature,STSBenchmark,snowflake_arctic_embed_m,33,0.13366795012161,0.1538461538461538,0.0606060606060606,0.6190623037151174,Similarity-dominated
Curvature,STSBenchmark,snowflake_arctic_embed_m,44,0.13366795012161,0.1538461538461538,0.0606060606060606,0.6190623037151174,Similarity-dominated
DiME,STSBenchmark,snowflake_arctic_embed_m,11,0.8296718365588626,0.8251748251748254,0.7272727272727272,0.8282167368446257,Similarity-dominated
DiME,STSBenchmark,snowflake_arctic_embed_m,22,0.8296718365588626,0.8251748251748254,0.7272727272727272,0.8282167368446257,Similarity-dominated
DiME,STSBenchmark,snowflake_arctic_embed_m,33,0.8296718365588626,0.8251748251748254,0.7272727272727272,0.8282167368446257,Similarity-dominated
DiME,STSBenchmark,snowflake_arctic_embed_m,44,0.8296718365588626,0.8251748251748254,0.7272727272727272,0.8282167368446257,Similarity-dominated
Harmora,STSBenchmark,snowflake_arctic_embed_m,11,0.8267524097220718,0.5874125874125874,0.4848484848484848,0.8198619356038909,Similarity-dominated
Harmora,STSBenchmark,snowflake_arctic_embed_m,22,0.8267524097220718,0.5874125874125874,0.4848484848484848,0.8198619356038909,Similarity-dominated
Harmora,STSBenchmark,snowflake_arctic_embed_m,33,0.8267524097220718,0.5874125874125874,0.4848484848484848,0.8198619356038909,Similarity-dominated
Harmora,STSBenchmark,snowflake_arctic_embed_m,44,0.8267524097220718,0.5874125874125874,0.4848484848484848,0.8198619356038909,Similarity-dominated
InfoNCE,STSBenchmark,snowflake_arctic_embed_m,11,0.8589053664487383,0.8181818181818183,0.6666666666666666,0.8800696592929247,Similarity-dominated
InfoNCE,STSBenchmark,snowflake_arctic_embed_m,22,0.8589053664487383,0.8181818181818183,0.6666666666666666,0.8800696592929247,Similarity-dominated
InfoNCE,STSBenchmark,snowflake_arctic_embed_m,33,0.8589053664487383,0.8181818181818183,0.6666666666666666,0.8800696592929247,Similarity-dominated
InfoNCE,STSBenchmark,snowflake_arctic_embed_m,44,0.8589053664487383,0.8181818181818183,0.6666666666666666,0.8800696592929247,Similarity-dominated
LiDAR,STSBenchmark,snowflake_arctic_embed_m,11,0.8808092733317681,0.8601398601398602,0.7272727272727272,0.8799388030704411,Similarity-dominated
LiDAR,STSBenchmark,snowflake_arctic_embed_m,22,0.8808092733317681,0.8601398601398602,0.7272727272727272,0.8799388030704411,Similarity-dominated
LiDAR,STSBenchmark,snowflake_arctic_embed_m,33,0.8808092733317681,0.8601398601398602,0.7272727272727272,0.8799388030704411,Similarity-dominated
LiDAR,STSBenchmark,snowflake_arctic_embed_m,44,0.8808092733317681,0.8601398601398602,0.7272727272727272,0.8799388030704411,Similarity-dominated
Matrix entropy,STSBenchmark,snowflake_arctic_embed_m,11,0.8741366573058703,0.7902097902097903,0.606060606060606,0.8805392253874113,Similarity-dominated
Matrix entropy,STSBenchmark,snowflake_arctic_embed_m,22,0.8741366573058703,0.7902097902097903,0.606060606060606,0.8805392253874113,Similarity-dominated
Matrix entropy,STSBenchmark,snowflake_arctic_embed_m,33,0.8741366573058703,0.7902097902097903,0.606060606060606,0.8805392253874113,Similarity-dominated
Matrix entropy,STSBenchmark,snowflake_arctic_embed_m,44,0.8741366573058703,0.7902097902097903,0.606060606060606,0.8805392253874113,Similarity-dominated
Participation ratio,STSBenchmark,snowflake_arctic_embed_m,11,0.6099607466073771,0.5314685314685316,0.3939393939393938,0.7672143838019141,Similarity-dominated
Participation ratio,STSBenchmark,snowflake_arctic_embed_m,22,0.6099607466073771,0.5314685314685316,0.3939393939393938,0.7672143838019141,Similarity-dominated
Participation ratio,STSBenchmark,snowflake_arctic_embed_m,33,0.6099607466073771,0.5314685314685316,0.3939393939393938,0.7672143838019141,Similarity-dominated
Participation ratio,STSBenchmark,snowflake_arctic_embed_m,44,0.6099607466073771,0.5314685314685316,0.3939393939393938,0.7672143838019141,Similarity-dominated
Spectral gap,STSBenchmark,snowflake_arctic_embed_m,11,0.4193357481670323,0.5384615384615385,0.3939393939393938,0.6329281450673577,Similarity-dominated
Spectral gap,STSBenchmark,snowflake_arctic_embed_m,22,0.4193357481670323,0.5384615384615385,0.3939393939393938,0.6329281450673577,Similarity-dominated
Spectral gap,STSBenchmark,snowflake_arctic_embed_m,33,0.4193357481670323,0.5384615384615385,0.3939393939393938,0.6329281450673577,Similarity-dominated
Spectral gap,STSBenchmark,snowflake_arctic_embed_m,44,0.4193357481670323,0.5384615384615385,0.3939393939393938,0.6329281450673577,Similarity-dominated
